code,name,streetCode,provinceCode,cityCode,areaCode
230102001001,省报社社区居委会,230102001,23,2301,230102
230102001002,索菲亚社区居委会,230102001,23,2301,230102
230102001003,兆麟社区居委会,230102001,23,2301,230102
230102001004,森林社区居委会,230102001,23,2301,230102
230102002001,银都社区居委会,230102002,23,2301,230102
230102002002,新阳社区居委会,230102002,23,2301,230102
230102002003,地德里北段社区居委会,230102002,23,2301,230102
230102002005,安化北段社区居委会,230102002,23,2301,230102
230102003001,安祥社区居委会,230102003,23,2301,230102
230102003002,抚安社区居委会,230102003,23,2301,230102
230102003003,抚顺社区居委会,230102003,23,2301,230102
230102003004,安吉社区居委会,230102003,23,2301,230102
230102003005,地德里社区居委会,230102003,23,2301,230102
230102004001,福乐湾社区居委会,230102004,23,2301,230102
230102004002,大民兴东段社区居委会,230102004,23,2301,230102
230102004003,大民兴中段社区居委会,230102004,23,2301,230102
230102004004,大民兴西段社区居委会,230102004,23,2301,230102
230102004005,民众社区居委会,230102004,23,2301,230102
230102004006,福同社区居委会,230102004,23,2301,230102
230102004007,民庆社区居委会,230102004,23,2301,230102
230102004008,光华社区居委会,230102004,23,2301,230102
230102004009,民桥社区居委会,230102004,23,2301,230102
230102004010,民安街社区居委会,230102004,23,2301,230102
230102004012,民茂社区居委会,230102004,23,2301,230102
230102004013,欧洲新城社区居委会,230102004,23,2301,230102
230102005002,埃德蒙顿路社区居委会,230102005,23,2301,230102
230102005003,新华社区居委会,230102005,23,2301,230102
230102005004,乡政社区居委会,230102005,23,2301,230102
230102005005,顾新路社区居委会,230102005,23,2301,230102
230102005006,恒祥城社区居委会,230102005,23,2301,230102
230102005007,理工大学社区居委会,230102005,23,2301,230102
230102005009,天合社区居委会,230102005,23,2301,230102
230102005010,大发社区居委会,230102005,23,2301,230102
230102005013,顾乡电信社区居委会,230102005,23,2301,230102
230102005014,清河湾社区居委会,230102005,23,2301,230102
230102006002,西雅图社区居委会,230102006,23,2301,230102
230102006003,秀河湾社区居委会,230102006,23,2301,230102
230102006004,美河湾社区居委会,230102006,23,2301,230102
230102006005,丽河湾社区居委会,230102006,23,2301,230102
230102006006,西客站社区居委会,230102006,23,2301,230102
230102006007,报达家园社区居委会,230102006,23,2301,230102
230102006008,天薇社区居委会,230102006,23,2301,230102
230102006009,翡翠城社区居委会,230102006,23,2301,230102
230102006010,迎宾社区居委会,230102006,23,2301,230102
230102006011,丽水社区居委会,230102006,23,2301,230102
230102006012,福尚社区居委会,230102006,23,2301,230102
230102006013,阳光社区居委会,230102006,23,2301,230102
230102006014,恒大悦府社区居委会,230102006,23,2301,230102
230102006015,红星社区居民委员会,230102006,23,2301,230102
230102007001,美晨社区居委会,230102007,23,2301,230102
230102007002,天鹅湾社区委员会,230102007,23,2301,230102
230102007003,景江社区委员会,230102007,23,2301,230102
230102007004,玫瑰湾社区居委会,230102007,23,2301,230102
230102007005,新城社区居委会,230102007,23,2301,230102
230102007007,恒盛社区居委会,230102007,23,2301,230102
230102007009,盛和天下社区居委会,230102007,23,2301,230102
230102007010,漫步巴黎社区居委会,230102007,23,2301,230102
230102007011,金河社区居委会,230102007,23,2301,230102
230102007012,宝石花园社区居委会,230102007,23,2301,230102
230102007013,观江社区居委会,230102007,23,2301,230102
230102007014,赫郡社区居委会,230102007,23,2301,230102
230102007015,盛和世纪社区居委会,230102007,23,2301,230102
230102007016,丽江社区居委会,230102007,23,2301,230102
230102007017,金安社区居委会,230102007,23,2301,230102
230102007018,兴江社区居委会,230102007,23,2301,230102
230102008001,西十五道街社区居委会,230102008,23,2301,230102
230102008002,中央大街社区居委会,230102008,23,2301,230102
230102008003,斜角街社区居委会,230102008,23,2301,230102
230102009001,江桥社区居委会,230102009,23,2301,230102
230102009002,地段北社区居委会,230102009,23,2301,230102
230102009003,花圃社区居委会,230102009,23,2301,230102
230102010002,友谊社区居委会,230102010,23,2301,230102
230102010003,上红社区居委会,230102010,23,2301,230102
230102010005,红专社区居委会,230102010,23,2301,230102
230102010006,红星广场社区居委会,230102010,23,2301,230102
230102011002,大安社区居委会,230102011,23,2301,230102
230102011003,经纬七社区居委会,230102011,23,2301,230102
230102011005,北安社区居委会,230102011,23,2301,230102
230102011007,东段社区居委会,230102011,23,2301,230102
230102011008,霁虹桥社区居委会,230102011,23,2301,230102
230102012001,红专西段社区居委会,230102012,23,2301,230102
230102012004,工程东段社区居委会,230102012,23,2301,230102
230102012006,友谊小区社区居委会,230102012,23,2301,230102
230102012007,工部南段社区居委会,230102012,23,2301,230102
230102012010,工程社区居委会,230102012,23,2301,230102
230102013001,安正社区居委会,230102013,23,2301,230102
230102013002,安康社区居委会,230102013,23,2301,230102
230102013003,安顺社区居委会,230102013,23,2301,230102
230102013005,安松社区居委会,230102013,23,2301,230102
230102013008,安升社区居委会,230102013,23,2301,230102
230102013009,安静社区居委会,230102013,23,2301,230102
230102013010,安良社区居委会,230102013,23,2301,230102
230102013011,安国社区居委会,230102013,23,2301,230102
230102014001,安和社区居委会,230102014,23,2301,230102
230102014002,安广社区居委会,230102014,23,2301,230102
230102014003,安德社区居委会,230102014,23,2301,230102
230102014005,广发社区居委会,230102014,23,2301,230102
230102014006,正义社区居委会,230102014,23,2301,230102
230102015001,公路大桥社区居委会,230102015,23,2301,230102
230102015002,融府大厦社区居委会,230102015,23,2301,230102
230102015004,河梁社区居委会,230102015,23,2301,230102
230102015005,河曲社区居委会,230102015,23,2301,230102
230102015006,河江社区居委会,230102015,23,2301,230102
230102015007,河阳社区居委会,230102015,23,2301,230102
230102015008,前进社区居委会,230102015,23,2301,230102
230102015009,河政社区居委会,230102015,23,2301,230102
230102015010,河松社区居委会,230102015,23,2301,230102
230102015011,哈木器社区居委会,230102015,23,2301,230102
230102015012,河源社区居委会,230102015,23,2301,230102
230102015013,富力江湾社区居委会,230102015,23,2301,230102
230102016001,建河社区居委会,230102016,23,2301,230102
230102016002,建国社区居委会,230102016,23,2301,230102
230102016005,建国公园社区居委会,230102016,23,2301,230102
230102016006,河广社区居委会,230102016,23,2301,230102
230102016008,建议社区居委会,230102016,23,2301,230102
230102016009,钢铁社区居委会,230102016,23,2301,230102
230102016010,松源社区居委会,230102016,23,2301,230102
230102016011,建国北二社区居委会,230102016,23,2301,230102
230102017001,康安社区居委会,230102017,23,2301,230102
230102017002,达江社区居委会,230102017,23,2301,230102
230102017004,海富康城社区居委会,230102017,23,2301,230102
230102017005,新天地家园社区居委会,230102017,23,2301,230102
230102017006,河柏社区居委会,230102017,23,2301,230102
230102018001,爱建社区居委会,230102018,23,2301,230102
230102018002,紫园社区居委会,230102018,23,2301,230102
230102018003,梧桐花社区居委会,230102018,23,2301,230102
230102019001,变兴路社区居委会,230102019,23,2301,230102
230102019002,远大明珠社区居委会,230102019,23,2301,230102
230102019003,海富锦园社区居委会,230102019,23,2301,230102
230102019004,宜居家园社区居委会,230102019,23,2301,230102
230102019005,城安社区居委会,230102019,23,2301,230102
230102019006,康泰嘉园社区居委会,230102019,23,2301,230102
230102019007,汇锦庄园社区居委会,230102019,23,2301,230102
230102019008,群力家园社区居委会,230102019,23,2301,230102
230102019009,星光耀社区居委会,230102019,23,2301,230102
230102019010,塞纳阳光社区居委会,230102019,23,2301,230102
230102019011,寰宇社区居委会,230102019,23,2301,230102
230102019012,贝肯山社区居委会,230102019,23,2301,230102
230102019013,珑岸社区居委会,230102019,23,2301,230102
230102019014,翠湖社区居委会,230102019,23,2301,230102
230102019015,融江路社区居委会,230102019,23,2301,230102
230102019016,恒祥空间社区居委会,230102019,23,2301,230102
230102019017,保利社区居委会,230102019,23,2301,230102
230102019018,恒大雅苑社区居委会,230102019,23,2301,230102
230102019019,璞悦湾社区居委会,230102019,23,2301,230102
230102019020,恒大帝景社区居委会,230102019,23,2301,230102
230102019021,桐楠格领誉社区居委会,230102019,23,2301,230102
230102019022,绿地社区居委会,230102019,23,2301,230102
230102019200,松江村村委会,230102019,23,2301,230102
230102019202,金山村村委会,230102019,23,2301,230102
230102019203,城乡村村委会,230102019,23,2301,230102
230102019204,城西村村委会,230102019,23,2301,230102
230102019205,友谊村村委会,230102019,23,2301,230102
230102101001,太平社区居委会,230102101,23,2301,230102
230102101200,太平村村委会,230102101,23,2301,230102
230102101201,永和村村委会,230102101,23,2301,230102
230102101202,先发村村委会,230102101,23,2301,230102
230102101203,太安村村委会,230102101,23,2301,230102
230102101204,立功村村委会,230102101,23,2301,230102
230102101205,立权村村委会,230102101,23,2301,230102
230102101206,前进村村委会,230102101,23,2301,230102
230102101207,先富村村委会,230102101,23,2301,230102
230102101208,立业村村委会,230102101,23,2301,230102
230102102001,新发社区居委会,230102102,23,2301,230102
230102102002,民生尚都社区居委会,230102102,23,2301,230102
230102102003,民生尚都馨园社区居委会,230102102,23,2301,230102
230102102004,民生尚都祥园社区居委会,230102102,23,2301,230102
230102102005,民生尚都福园社区居委会,230102102,23,2301,230102
230102102006,富田社区居委会,230102102,23,2301,230102
230102102007,红旗社区居委会,230102102,23,2301,230102
230102102008,和园社区居委会,230102102,23,2301,230102
230102102200,先锋村村委会,230102102,23,2301,230102
230102102201,五星村村委会,230102102,23,2301,230102
230102102202,胜利村村委会,230102102,23,2301,230102
230102102203,向东村村委会,230102102,23,2301,230102
230102102204,红旗村村委会,230102102,23,2301,230102
230102102205,新发村村委会,230102102,23,2301,230102
230102102206,庆丰村村委会,230102102,23,2301,230102
230102102207,东明村村委会,230102102,23,2301,230102
230102102208,二场村村委会,230102102,23,2301,230102
230102102209,建国村村委会,230102102,23,2301,230102
230102102210,五一村村委会,230102102,23,2301,230102
230102102211,三场村村委会,230102102,23,2301,230102
230102103001,新农社区居委会,230102103,23,2301,230102
230102103002,闫家岗社区居委会,230102103,23,2301,230102
230102103200,前进村村委会,230102103,23,2301,230102
230102103201,团结村村委会,230102103,23,2301,230102
230102103202,新农村村委会,230102103,23,2301,230102
230102103203,新立村村委会,230102103,23,2301,230102
230102103204,和平村村委会,230102103,23,2301,230102
230102103205,万家村村委会,230102103,23,2301,230102
230102103206,新兴村村委会,230102103,23,2301,230102
230102103207,新江村村委会,230102103,23,2301,230102
230102103208,一场村村委会,230102103,23,2301,230102
230102104001,新榆社区居委会,230102104,23,2301,230102
230102104200,新乡村村委会,230102104,23,2301,230102
230102104201,望哈村村委会,230102104,23,2301,230102
230102104202,后榆村村委会,230102104,23,2301,230102
230102104203,三姓村村委会,230102104,23,2301,230102
230102104204,民主村村委会,230102104,23,2301,230102
230102104205,民泉村村委会,230102104,23,2301,230102
230102104206,五四村村委会,230102104,23,2301,230102
230103001001,花园街社区居委会,230103001,23,2301,230103
230103001003,海城街社区居委会,230103001,23,2301,230103
230103001005,繁荣街社区居委会,230103001,23,2301,230103
230103001006,复华街社区居委会,230103001,23,2301,230103
230103001008,工大社区居委会,230103001,23,2301,230103
230103002001,比乐社区居委会,230103002,23,2301,230103
230103002002,奋斗社区居委会,230103002,23,2301,230103
230103002003,士课社区居委会,230103002,23,2301,230103
230103002004,国庆社区居委会,230103002,23,2301,230103
230103002005,179社区居委会,230103002,23,2301,230103
230103002006,黑山社区居委会,230103002,23,2301,230103
230103002007,人和社区居委会,230103002,23,2301,230103
230103002008,大顺社区居民委员会,230103002,23,2301,230103
230103002010,分部社区居委会,230103002,23,2301,230103
230103002011,鸿翔社区居委会,230103002,23,2301,230103
230103003001,文敏社区居委会,230103003,23,2301,230103
230103003002,解放校社区居委会,230103003,23,2301,230103
230103003004,和平邨社区居委会,230103003,23,2301,230103
230103003006,文平社区居委会,230103003,23,2301,230103
230103003007,中山花园社区居委会,230103003,23,2301,230103
230103004001,文和社区居委会,230103004,23,2301,230103
230103004002,文林社区居委会,230103004,23,2301,230103
230103004003,文明社区居委会,230103004,23,2301,230103
230103004004,文君社区居委会,230103004,23,2301,230103
230103004005,文景社区居委会,230103004,23,2301,230103
230103004006,文桥社区居委会,230103004,23,2301,230103
230103004007,文兰社区居委会,230103004,23,2301,230103
230103004008,文昌社区居民委员会,230103004,23,2301,230103
230103005001,宽桥社区居委会,230103005,23,2301,230103
230103005003,新吉社区居委会,230103005,23,2301,230103
230103005005,锦秀社区居委会,230103005,23,2301,230103
230103005008,建工社区居委会,230103005,23,2301,230103
230103005009,中和社区居委会,230103005,23,2301,230103
230103006001,黄河路社区居委会,230103006,23,2301,230103
230103006002,北极邨社区居委会,230103006,23,2301,230103
230103006003,小文昌社区居委会,230103006,23,2301,230103
230103006006,宣庆社区居委会,230103006,23,2301,230103
230103006008,宣信社区居委会,230103006,23,2301,230103
230103006011,平治社区居委会,230103006,23,2301,230103
230103006012,十字社区居委会,230103006,23,2301,230103
230103006013,文教社区居委会,230103006,23,2301,230103
230103006015,平公社区居委会,230103006,23,2301,230103
230103007001,三姓社区居委会,230103007,23,2301,230103
230103007002,颐园社区居委会,230103007,23,2301,230103
230103007003,建设社区居委会,230103007,23,2301,230103
230103007005,龙江社区居委会,230103007,23,2301,230103
230103007007,医大一院社区居委会,230103007,23,2301,230103
230103007008,辽阳社区居委会,230103007,23,2301,230103
230103007009,龙泰社区居委会,230103007,23,2301,230103
230103007010,秋林社区居委会,230103007,23,2301,230103
230103007011,广场社区居委会,230103007,23,2301,230103
230103007012,铁岭社区居委会,230103007,23,2301,230103
230103009003,公安街社区居委会,230103009,23,2301,230103
230103009004,新发中学社区居委会,230103009,23,2301,230103
230103009005,同乐社区居委会,230103009,23,2301,230103
230103009006,文化家园社区居委会,230103009,23,2301,230103
230103009007,省军区社区居委会,230103009,23,2301,230103
230103009008,哈工程大学社区居委会,230103009,23,2301,230103
230103009009,哈烟厂社区居委会,230103009,23,2301,230103
230103009010,文庙街社区居委会,230103009,23,2301,230103
230103010001,建筑街社区居委会,230103010,23,2301,230103
230103010002,高铁家园社区居民委员会,230103010,23,2301,230103
230103010003,萧红社区居委会,230103010,23,2301,230103
230103010005,凤翥街社区居委会,230103010,23,2301,230103
230103010007,公司街社区居委会,230103010,23,2301,230103
230103010008,松花江社区居委会,230103010,23,2301,230103
230103010009,教化街社区居委会,230103010,23,2301,230103
230103011006,春明社区居委会,230103011,23,2301,230103
230103011007,贵新社区居委会,230103011,23,2301,230103
230103011009,铁瓦社区居委会,230103011,23,2301,230103
230103011010,农行社区居委会,230103011,23,2301,230103
230103012001,松明社区居委会,230103012,23,2301,230103
230103012002,西大桥社区居委会,230103012,23,2301,230103
230103012004,三孔桥社区居委会,230103012,23,2301,230103
230103012005,四明社区居委会,230103012,23,2301,230103
230103012007,通达社区居委会,230103012,23,2301,230103
230103013001,元士社区居委会,230103013,23,2301,230103
230103013002,清明街社区居委会,230103013,23,2301,230103
230103013004,国泰社区居委会,230103013,23,2301,230103
230103013006,阳光社区居委会,230103013,23,2301,230103
230103013009,国脉社区居委会,230103013,23,2301,230103
230103013010,焊接社区居委会,230103013,23,2301,230103
230103015002,省水利设计院社区居民委员会,230103015,23,2301,230103
230103015003,振兴社区居委会,230103015,23,2301,230103
230103015005,沙曼社区居民委员会,230103015,23,2301,230103
230103015006,文兴社区居委会,230103015,23,2301,230103
230103015007,省公路设计院社区居委会,230103015,23,2301,230103
230103015008,白家堡社区居委会,230103015,23,2301,230103
230103015009,科兴社区居委会,230103015,23,2301,230103
230103015010,林兴社区居委会,230103015,23,2301,230103
230103015011,清滨社区居委会,230103015,23,2301,230103
230103015012,电表社区居委会,230103015,23,2301,230103
230103015013,建文社区居委会,230103015,23,2301,230103
230103015014,仪兴社区居委会,230103015,23,2301,230103
230103015015,福顺尚都社区居委会,230103015,23,2301,230103
230103015016,学府经典社区居民委员会,230103015,23,2301,230103
230103015017,保利清华颐园社区居民委员会,230103015,23,2301,230103
230103016001,黑龙江大学社区居委会,230103016,23,2301,230103
230103016002,理工大学社区居委会,230103016,23,2301,230103
230103016003,工程力学研究所社区居委会,230103016,23,2301,230103
230103016004,机联社区居委会,230103016,23,2301,230103
230103016005,西典家园社区居委会,230103016,23,2301,230103
230103016006,哈西小区社区居委会,230103016,23,2301,230103
230103016007,尤家社区居委会,230103016,23,2301,230103
230103016008,万达社区居委会,230103016,23,2301,230103
230103016009,悦城社区居委会,230103016,23,2301,230103
230103016010,尚熙雅轩社区居委会,230103016,23,2301,230103
230103016011,天悦社区居委会,230103016,23,2301,230103
230103016012,金域蓝城社区居委会,230103016,23,2301,230103
230103016013,鸿朗社区居委会,230103016,23,2301,230103
230103016014,7080社区居委会,230103016,23,2301,230103
230103016015,东方瑞景社区居民委员会,230103016,23,2301,230103
230103017001,电影机社区居委会,230103017,23,2301,230103
230103017002,科研路社区居委会,230103017,23,2301,230103
230103017003,制药厂社区居委会,230103017,23,2301,230103
230103017004,和谐社区居委会,230103017,23,2301,230103
230103017006,新华社区居委会,230103017,23,2301,230103
230103017007,学府四道街社区居委会,230103017,23,2301,230103
230103017010,保健社区居委会,230103017,23,2301,230103
230103017011,医大二院社区居委会,230103017,23,2301,230103
230103017012,测绘局社区居委会,230103017,23,2301,230103
230103017013,医大社区居委会,230103017,23,2301,230103
230103017014,哈平路社区居委会,230103017,23,2301,230103
230103017015,龙橡路社区居委会,230103017,23,2301,230103
230103017016,大众新城社区居委会,230103017,23,2301,230103
230103017017,松江新城社区居委会,230103017,23,2301,230103
230103017018,凤凰城社区居民委员会,230103017,23,2301,230103
230103018002,中发社区居委会,230103018,23,2301,230103
230103018003,金河社区居委会,230103018,23,2301,230103
230103018005,鼎新社区居委会,230103018,23,2301,230103
230103018006,辽河社区居委会,230103018,23,2301,230103
230103018007,农垦社区居委会,230103018,23,2301,230103
230103018008,新苑社区居委会,230103018,23,2301,230103
230103018009,华山社区居委会,230103018,23,2301,230103
230103018010,龙福社区居委会,230103018,23,2301,230103
230103018012,中植社区居委会,230103018,23,2301,230103
230103018013,长江社区居委会,230103018,23,2301,230103
230103019001,拉林社区居委会,230103019,23,2301,230103
230103019002,民建社区居委会,230103019,23,2301,230103
230103019003,红旗新区社区居委会,230103019,23,2301,230103
230103019004,悦山国际社区居委会,230103019,23,2301,230103
230103019005,盟科社区居委会,230103019,23,2301,230103
230103019006,泰海社区居委会,230103019,23,2301,230103
230103019007,闽江社区居委会,230103019,23,2301,230103
230103019008,红旗虹桥社区居委会,230103019,23,2301,230103
230103019009,千山社区居委会,230103019,23,2301,230103
230103019010,泰山社区居委会,230103019,23,2301,230103
230103019011,海河社区居委会,230103019,23,2301,230103
230103019012,麒麟社区居民委员会,230103019,23,2301,230103
230103019013,华鸿社区居民委员会,230103019,23,2301,230103
230103020001,跃兴社区居委会,230103020,23,2301,230103
230103020002,哈南站社区居委会,230103020,23,2301,230103
230103020003,学府桥南社区居委会,230103020,23,2301,230103
230103020004,前卫社区居委会,230103020,23,2301,230103
230103020005,学院新城社区居委会,230103020,23,2301,230103
230103020006,征跃社区居委会,230103020,23,2301,230103
230103020007,锦绣华城社区居委会,230103020,23,2301,230103
230103020008,三环信息苑社区居委会,230103020,23,2301,230103
230103020009,印象城社区居民委员会,230103020,23,2301,230103
230103020200,翻身村村委会,230103020,23,2301,230103
230103101001,阳光家园社区居委会,230103101,23,2301,230103
230103101002,农机社区居委会,230103101,23,2301,230103
230103101003,松雷社区居委会,230103101,23,2301,230103
230103101004,伟业社区居委会,230103101,23,2301,230103
230103101005,机校社区居委会,230103101,23,2301,230103
230103101006,香醍雅诺社区居委会,230103101,23,2301,230103
230103101007,溪树庭院社区居委会,230103101,23,2301,230103
230103101008,纳帕英郡社区居委会,230103101,23,2301,230103
230103101009,龙泽金水尚都社区居委会,230103101,23,2301,230103
230103101010,汇龙北纬45度社区居委会,230103101,23,2301,230103
230103101011,东方新天地社区居委会,230103101,23,2301,230103
230103101012,新铁社区居委会,230103101,23,2301,230103
230103101013,农垦社区居委会,230103101,23,2301,230103
230103101014,中海雍景熙岸社区居委会,230103101,23,2301,230103
230103101015,巴黎第五区社区居委会,230103101,23,2301,230103
230103101016,华润凯旋门社区居委会,230103101,23,2301,230103
230103101017,林大社区居委会,230103101,23,2301,230103
230103101018,盟科万城社区居民委员会,230103101,23,2301,230103
230103101019,红星凯悦社区居民委员会,230103101,23,2301,230103
230103101020,涧桥西畔社区居民委员会,230103101,23,2301,230103
230103101021,金岗湾社区社区居民委员会,230103101,23,2301,230103
230103101022,爱达壹号社区居民委员会,230103101,23,2301,230103
230103101023,爱达88社区居民委员会,230103101,23,2301,230103
230103101024,爱达九溪社区居民委员会,230103101,23,2301,230103
230103101025,爱达尊御社区居民委员会,230103101,23,2301,230103
230103101026,宜家社区居民委员会,230103101,23,2301,230103
230103101027,恒大珺庭社区居民委员会,230103101,23,2301,230103
230103101200,哈达村村委会,230103101,23,2301,230103
230103101201,永丰村村委会,230103101,23,2301,230103
230103101202,振兴村村委会,230103101,23,2301,230103
230103101203,红星村村委会,230103101,23,2301,230103
230103101204,永红村村委会,230103101,23,2301,230103
230103101205,卫星村村委会,230103101,23,2301,230103
230103101206,兴利村村委会,230103101,23,2301,230103
230103101207,靠山村村委会,230103101,23,2301,230103
230103101208,房身村村委会,230103101,23,2301,230103
230103101209,兴隆村村委会,230103101,23,2301,230103
230103101210,华滨村村委会,230103101,23,2301,230103
230103101211,新胜村村委会,230103101,23,2301,230103
230103201001,南红社区,230103201,23,2301,230103
230103201002,果树示范厂社区居委会,230103201,23,2301,230103
230103201200,旭光村村委会,230103201,23,2301,230103
230103201201,红旗村村委会,230103201,23,2301,230103
230103201202,长征村村委会,230103201,23,2301,230103
230103201203,曙光村村委会,230103201,23,2301,230103
230103201204,明星村村委会,230103201,23,2301,230103
230103201205,五一村村委会,230103201,23,2301,230103
230103201206,金星村村委会,230103201,23,2301,230103
230103201207,东升村村委会,230103201,23,2301,230103
230103500402,红旗场直社区,230103500,23,2301,230103
230103500501,红旗农场望哈管理区,230103500,23,2301,230103
230103500502,红旗农场机场路管理区,230103500,23,2301,230103
230103579598,南岗农垦虚拟生活区,230103579,23,2301,230103
230104001001,南勋社区居委会,230104001,23,2301,230104
230104001002,丰润社区居委会,230104001,23,2301,230104
230104001004,同记社区居委会,230104001,23,2301,230104
230104001007,向阳社区居委会,230104001,23,2301,230104
230104002001,地灵社区居委会,230104002,23,2301,230104
230104002002,清真寺社区居委会,230104002,23,2301,230104
230104002008,正大社区居委会,230104002,23,2301,230104
230104002009,华庭社区居委会,230104002,23,2301,230104
230104003002,东莱社区居委会,230104003,23,2301,230104
230104003003,祥泰社区居委会,230104003,23,2301,230104
230104003004,教育园社区居委会,230104003,23,2301,230104
230104003005,水晶社区居委会,230104003,23,2301,230104
230104004002,德胜社区居委会,230104004,23,2301,230104
230104004003,保障社区居委会,230104004,23,2301,230104
230104004004,三育社区居委会,230104004,23,2301,230104
230104004005,大方里社区居委会,230104004,23,2301,230104
230104004006,春木社区居委会,230104004,23,2301,230104
230104005002,旭光社区居委会,230104005,23,2301,230104
230104005006,荟芳里社区居委会,230104005,23,2301,230104
230104006001,轩辕社区居委会,230104006,23,2301,230104
230104006002,东方红社区居委会,230104006,23,2301,230104
230104007001,静宇公园社区居委会,230104007,23,2301,230104
230104007002,皇家花园社区居委会,230104007,23,2301,230104
230104007003,兴业社区居委会,230104007,23,2301,230104
230104007005,东滨社区居委会,230104007,23,2301,230104
230104008001,东北新社区居委会,230104008,23,2301,230104
230104008002,振江社区居委会,230104008,23,2301,230104
230104008003,友谊东社区居委会,230104008,23,2301,230104
230104009001,方元社区居委会,230104009,23,2301,230104
230104009006,沿江社区居委会,230104009,23,2301,230104
230104009008,北新社区居委会,230104009,23,2301,230104
230104009009,江畔社区居委会,230104009,23,2301,230104
230104010001,北市场社区居委会,230104010,23,2301,230104
230104010002,大观园社区居委会,230104010,23,2301,230104
230104010003,航运社区居委会,230104010,23,2301,230104
230104010004,搪瓷社区居委会,230104010,23,2301,230104
230104010005,海员社区居委会,230104010,23,2301,230104
230104011002,浴海社区居委会,230104011,23,2301,230104
230104011004,升平社区居委会,230104011,23,2301,230104
230104011006,三马社区居委会,230104011,23,2301,230104
230104011007,宝宇社区居委会,230104011,23,2301,230104
230104012001,南马社区居委会,230104012,23,2301,230104
230104012002,景阳社区居委会,230104012,23,2301,230104
230104012003,开原社区居委会,230104012,23,2301,230104
230104012004,南平社区居委会,230104012,23,2301,230104
230104012005,八区社区居委会,230104012,23,2301,230104
230104012006,南坎社区居委会,230104012,23,2301,230104
230104021001,滨河社区居委会,230104021,23,2301,230104
230104021002,文化社区居委会,230104021,23,2301,230104
230104022001,松电社区居委会,230104022,23,2301,230104
230104022002,宏南社区居委会,230104022,23,2301,230104
230104022003,红河社区居委会,230104022,23,2301,230104
230104022004,报达社区居委会,230104022,23,2301,230104
230104022005,教育社区居委会,230104022,23,2301,230104
230104022006,红平社区居委会,230104022,23,2301,230104
230104022007,卫生社区居委会,230104022,23,2301,230104
230104022008,铁四社区居委会,230104022,23,2301,230104
230104022009,嵩山社区居委会,230104022,23,2301,230104
230104022010,辽河社区居委会,230104022,23,2301,230104
230104023001,哈一机社区居委会,230104023,23,2301,230104
230104023002,和平社区居委会,230104023,23,2301,230104
230104023003,红旗社区居委会,230104023,23,2301,230104
230104023005,宏伟社区居委会,230104023,23,2301,230104
230104023006,卫星社区居委会,230104023,23,2301,230104
230104023007,先锋社区居委会,230104023,23,2301,230104
230104023008,炼油社区居委会,230104023,23,2301,230104
230104023009,天木社区居委会,230104023,23,2301,230104
230104023010,泰山社区居委会,230104023,23,2301,230104
230104023011,四海社区居委会,230104023,23,2301,230104
230104023012,蓝山社区居委会,230104023,23,2301,230104
230104024001,东棵社区居委会,230104024,23,2301,230104
230104024002,东兴社区居委会,230104024,23,2301,230104
230104024003,东升社区居委会,230104024,23,2301,230104
230104024004,东光社区居委会,230104024,23,2301,230104
230104024005,红光社区居委会,230104024,23,2301,230104
230104024006,金山社区居委会,230104024,23,2301,230104
230104024007,兴悦社区居委会,230104024,23,2301,230104
230104025001,北棵社区居委会,230104025,23,2301,230104
230104025002,水利社区居委会,230104025,23,2301,230104
230104025003,南棵社区居委会,230104025,23,2301,230104
230104025006,东铁社区居委会,230104025,23,2301,230104
230104025007,建桦社区居委会,230104025,23,2301,230104
230104025008,橄榄城社区居委会,230104025,23,2301,230104
230104026001,曙光社区居委会,230104026,23,2301,230104
230104026002,一机社区居委会,230104026,23,2301,230104
230104026003,铸钢社区居委会,230104026,23,2301,230104
230104026004,桥东社区居委会,230104026,23,2301,230104
230104026005,龙江社区居委会,230104026,23,2301,230104
230104026006,龙东社区居委会,230104026,23,2301,230104
230104026007,北岗社区居委会,230104026,23,2301,230104
230104026008,向江社区居委会,230104026,23,2301,230104
230104026009,联合社区居委会,230104026,23,2301,230104
230104026010,水源社区居委会,230104026,23,2301,230104
230104026011,立新社区居委会,230104026,23,2301,230104
230104027001,三机社区居委会,230104027,23,2301,230104
230104027002,东直社区居委会,230104027,23,2301,230104
230104027003,圣中社区居委会,230104027,23,2301,230104
230104027004,天恒社区居委会,230104027,23,2301,230104
230104027005,三棵树社区居委会,230104027,23,2301,230104
230104027006,泰祥社区居委会,230104027,23,2301,230104
230104028002,亚泰社区居委会,230104028,23,2301,230104
230104028003,天鹅社区居委会,230104028,23,2301,230104
230104029001,中邮社区居委会,230104029,23,2301,230104
230104029002,泰达社区居委会,230104029,23,2301,230104
230104029003,松锅社区居委会,230104029,23,2301,230104
230104029004,绿化社区居委会,230104029,23,2301,230104
230104029005,建平社区居委会,230104029,23,2301,230104
230104030001,华北社区居委会,230104030,23,2301,230104
230104030002,黎华社区居委会,230104030,23,2301,230104
230104030003,粮库社区居委会,230104030,23,2301,230104
230104030004,港务局社区居委会,230104030,23,2301,230104
230104030005,永平社区居委会,230104030,23,2301,230104
230104030006,通港社区居委会,230104030,23,2301,230104
230104031001,新乐社区居委会,230104031,23,2301,230104
230104102001,三塔街社区居委会,230104102,23,2301,230104
230104102002,永粮街社区居委会,230104102,23,2301,230104
230104102003,振兴街社区居委会,230104102,23,2301,230104
230104102200,永源村村委会,230104102,23,2301,230104
230104102201,南岗村村委会,230104102,23,2301,230104
230104102202,双源村村委会,230104102,23,2301,230104
230104102203,东川村村委会,230104102,23,2301,230104
230104102204,富民村村委会,230104102,23,2301,230104
230104102205,永平村村委会,230104102,23,2301,230104
230104102206,长兴村村委会,230104102,23,2301,230104
230104102207,东华村村委会,230104102,23,2301,230104
230104102208,永和村村委会,230104102,23,2301,230104
230104102209,永乐村村委会,230104102,23,2301,230104
230104102210,红军村村委会,230104102,23,2301,230104
230104109001,松江社区居委会,230104109,23,2301,230104
230104109002,新丰社区居委会,230104109,23,2301,230104
230104109200,巨源村村委会,230104109,23,2301,230104
230104109201,新丰村村委会,230104109,23,2301,230104
230104109202,前进村村委会,230104109,23,2301,230104
230104109203,小山村村委会,230104109,23,2301,230104
230104109204,新坊村村委会,230104109,23,2301,230104
230104109205,城子村村委会,230104109,23,2301,230104
230104109206,凡兴村村委会,230104109,23,2301,230104
230104109207,松花江村委会,230104109,23,2301,230104
230104111001,兴旺社区居委会,230104111,23,2301,230104
230104111002,松江社区居委会,230104111,23,2301,230104
230104111003,顺安社区居委会,230104111,23,2301,230104
230104111004,工盛社区居委会,230104111,23,2301,230104
230104111005,华南城社区居委会,230104111,23,2301,230104
230104111200,联胜村村委会,230104111,23,2301,230104
230104111201,常胜村村委会,230104111,23,2301,230104
230104111202,百菜村村委会,230104111,23,2301,230104
230104111203,勤劳村村委会,230104111,23,2301,230104
230104111204,东风村村委会,230104111,23,2301,230104
230104111206,东新村村委会,230104111,23,2301,230104
230104111207,恒星村村委会,230104111,23,2301,230104
230104111208,团结村村委会,230104111,23,2301,230104
230104111209,红利村村委会,230104111,23,2301,230104
230104111210,石人沟村村委会,230104111,23,2301,230104
230104111211,红光村村委会,230104111,23,2301,230104
230104111400,丰果实业公司社区,230104111,23,2301,230104
230104111401,跃进实业公司社区,230104111,23,2301,230104
230104111402,曙光实业公司社区,230104111,23,2301,230104
230104111403,前进实业公司社区,230104111,23,2301,230104
230104111404,和平实业公司社区,230104111,23,2301,230104
230104111405,东光房屋场地租赁有限公司社区,230104111,23,2301,230104
230104111406,卫星实业公司社区,230104111,23,2301,230104
230104112001,民主中心社区,230104112,23,2301,230104
230104112200,民富村村委会,230104112,23,2301,230104
230104112201,胜利村村委会,230104112,23,2301,230104
230104112202,庆丰村村委会,230104112,23,2301,230104
230104112203,光明村村委会,230104112,23,2301,230104
230104112204,民主村村委会,230104112,23,2301,230104
230104112205,新国村村委会,230104112,23,2301,230104
230104112206,五星村村委会,230104112,23,2301,230104
230104112207,新发村村委会,230104112,23,2301,230104
230104112208,友谊村村委会,230104112,23,2301,230104
230104112209,新立村村委会,230104112,23,2301,230104
230104500402,青年场直社区,230104500,23,2301,230104
230104500501,青年农场管理区,230104500,23,2301,230104
230104579598,道外农垦虚拟生活区,230104579,23,2301,230104
230108001002,青年社区,230108001,23,2301,230108
230108001003,上海新村社区,230108001,23,2301,230108
230108001004,和平社区,230108001,23,2301,230108
230108001005,通宾社区,230108001,23,2301,230108
230108001006,迎宾社区,230108001,23,2301,230108
230108002001,前进里社区,230108002,23,2301,230108
230108002002,花卉社区,230108002,23,2301,230108
230108002003,东升社区,230108002,23,2301,230108
230108002004,友集社区,230108002,23,2301,230108
230108003001,治国社区,230108003,23,2301,230108
230108003002,龙翔社区,230108003,23,2301,230108
230108003008,滨江社区,230108003,23,2301,230108
230108003009,南红社区,230108003,23,2301,230108
230108004003,百利社区,230108004,23,2301,230108
230108004004,双拥社区,230108004,23,2301,230108
230108004005,新城社区,230108004,23,2301,230108
230108004007,东风社区,230108004,23,2301,230108
230108004008,康安社区,230108004,23,2301,230108
230108005001,新友社区,230108005,23,2301,230108
230108005002,新谊社区,230108005,23,2301,230108
230108005003,新志社区,230108005,23,2301,230108
230108005005,新祥社区,230108005,23,2301,230108
230108005006,新平社区,230108005,23,2301,230108
230108005007,新和社区,230108005,23,2301,230108
230108006001,万米社区,230108006,23,2301,230108
230108006002,公园社区,230108006,23,2301,230108
230108006003,新星社区,230108006,23,2301,230108
230108006004,新牧社区,230108006,23,2301,230108
230108006005,星耀南城社区,230108006,23,2301,230108
230108006006,碧水湾社区,230108006,23,2301,230108
230108007001,明珠社区,230108007,23,2301,230108
230108007002,秀水社区,230108007,23,2301,230108
230108007003,世纪城社区,230108007,23,2301,230108
230108007004,花都社区,230108007,23,2301,230108
230108007200,新华村,230108007,23,2301,230108
230108007201,平乐村,230108007,23,2301,230108
230108008001,建桥社区,230108008,23,2301,230108
230108008002,建安社区,230108008,23,2301,230108
230108008003,建国社区,230108008,23,2301,230108
230108008004,建平社区,230108008,23,2301,230108
230108009001,碧桂园社区,230108009,23,2301,230108
230108009002,宇光社区,230108009,23,2301,230108
230108009003,万达社区,230108009,23,2301,230108
230108009004,荣盛社区,230108009,23,2301,230108
230108009005,新盛社区,230108009,23,2301,230108
230108009200,东福村,230108009,23,2301,230108
230108009201,高潮村,230108009,23,2301,230108
230108009202,韩祯村,230108009,23,2301,230108
230108101200,平房村,230108101,23,2301,230108
230108101201,曙光村,230108101,23,2301,230108
230108101202,哈达村,230108101,23,2301,230108
230108101203,工农村,230108101,23,2301,230108
230108101204,黎明村,230108101,23,2301,230108
230108101205,韩家店村,230108101,23,2301,230108
230108579598,平房农垦虚拟生活区,230108579,23,2301,230108
230109002001,锦江社区居委会,230109002,23,2301,230109
230109002002,怡园社区居委会,230109002,23,2301,230109
230109002003,集乐社区居委会,230109002,23,2301,230109
230109002004,天鹅湖社区居委会,230109002,23,2301,230109
230109002005,船厂社区居委会,230109002,23,2301,230109
230109002006,中海江城社区居委会,230109002,23,2301,230109
230109002201,集乐村村委会,230109002,23,2301,230109
230109003001,糖厂社区居委会,230109003,23,2301,230109
230109003002,常盛源社区居委会,230109003,23,2301,230109
230109003003,北岸兴和城社区居委会,230109003,23,2301,230109
230109003004,富力城社区居委会,230109003,23,2301,230109
230109003005,恒大名都社区居民委员会,230109003,23,2301,230109
230109003006,观江尚城社区居委会,230109003,23,2301,230109
230109003009,北岸启程社区居委会,230109003,23,2301,230109
230109003010,富力佳苑社区居委会,230109003,23,2301,230109
230109003011,碧桂园社区居委会,230109003,23,2301,230109
230109003012,华美天樾社区居委会,230109003,23,2301,230109
230109003013,富力尚悦社区居民委员会,230109003,23,2301,230109
230109003200,松浦村村委会,230109003,23,2301,230109
230109003201,松花江村村委会,230109003,23,2301,230109
230109003202,东方红村村委会,230109003,23,2301,230109
230109003205,红星村村委会,230109003,23,2301,230109
230109003206,新华村村委会,230109003,23,2301,230109
230109003207,黎明村村委会,230109003,23,2301,230109
230109004001,万宝社区,230109004,23,2301,230109
230109004002,田园社区居民委员会,230109004,23,2301,230109
230109004200,万宝村村委会,230109004,23,2301,230109
230109004201,化家村村委会,230109004,23,2301,230109
230109004202,大亮村村委会,230109004,23,2301,230109
230109004203,巨宝村村委会,230109004,23,2301,230109
230109004204,万有村村委会,230109004,23,2301,230109
230109004205,后城村村委会,230109004,23,2301,230109
230109004206,薛卜村村委会,230109004,23,2301,230109
230109005002,静怡家园社区居委会,230109005,23,2301,230109
230109005003,军安社区居委会,230109005,23,2301,230109
230109005004,香树湾社区居委会,230109005,23,2301,230109
230109005005,金星小康社区居委会,230109005,23,2301,230109
230109005006,润和城社区居委会,230109005,23,2301,230109
230109005007,恒大绿洲社区居委会,230109005,23,2301,230109
230109005008,龙江第一村社区居委会,230109005,23,2301,230109
230109005009,锦绣家园社区居委会,230109005,23,2301,230109
230109005011,太阳城社区居委会,230109005,23,2301,230109
230109005012,欧美亚社区居委会,230109005,23,2301,230109
230109005013,保利水韵社区居委会,230109005,23,2301,230109
230109005014,岛屿墅社区居委会,230109005,23,2301,230109
230109005016,银河社区居委会,230109005,23,2301,230109
230109005018,上院社区居委会,230109005,23,2301,230109
230109005019,盛恒基社区居委会,230109005,23,2301,230109
230109005020,绿水社区居委会,230109005,23,2301,230109
230109005023,红星社区居委会,230109005,23,2301,230109
230109005024,龙兴社区居委会,230109005,23,2301,230109
230109005025,江泰家园社区居委会,230109005,23,2301,230109
230109005026,永安城社区居委会,230109005,23,2301,230109
230109005027,龙盛社区居委会,230109005,23,2301,230109
230109005028,观江花园社区居委会,230109005,23,2301,230109
230109005029,大正臻园社区居委会,230109005,23,2301,230109
230109005030,龙川社区居委会,230109005,23,2301,230109
230109005031,熙江悦社区居委会,230109005,23,2301,230109
230109005202,红光村村委会,230109005,23,2301,230109
230109005203,金星村村委会,230109005,23,2301,230109
230109005204,胜利村村委会,230109005,23,2301,230109
230109005205,新镇村村委会,230109005,23,2301,230109
230109006001,大正莅江社区居委会,230109006,23,2301,230109
230109006002,华润社区居委会,230109006,23,2301,230109
230109006003,众和城社区居委会,230109006,23,2301,230109
230109006004,钻石湾社区居委会,230109006,23,2301,230109
230109006005,城市之星社区居委会,230109006,23,2301,230109
230109006006,北岸明珠社区居委会,230109006,23,2301,230109
230109006007,前进家园社区居委会,230109006,23,2301,230109
230109006008,世纪城社区居委会,230109006,23,2301,230109
230109006009,龙唐社区居委会,230109006,23,2301,230109
230109006010,春晓社区居民委员会,230109006,23,2301,230109
230109006017,宜和园社区居委会,230109006,23,2301,230109
230109006021,地中海阳光社区居委会,230109006,23,2301,230109
230109006022,中关村社区居委会,230109006,23,2301,230109
230109006200,前进村村委会,230109006,23,2301,230109
230109007001,世纪花园社区居民委员会,230109007,23,2301,230109
230109007002,观澜居社区居民委员会,230109007,23,2301,230109
230109007003,融创社区居民委员会,230109007,23,2301,230109
230109007004,华盟社区居民委员会,230109007,23,2301,230109
230109007005,华融社区居民委员会,230109007,23,2301,230109
230109007006,秀园社区居民委员会,230109007,23,2301,230109
230109007007,德源社区居民委员会,230109007,23,2301,230109
230109007008,科创社区居民委员会,230109007,23,2301,230109
230109007009,唐宁郡社区居民委员会,230109007,23,2301,230109
230109007015,世茂滨江社区居民委员会,230109007,23,2301,230109
230109007021,万达城社区居民委员会,230109007,23,2301,230109
230109007022,盛世家园社区居民委员会,230109007,23,2301,230109
230109008001,观江国际社区居委会,230109008,23,2301,230109
230109008002,观江新城社区居民委员会,230109008,23,2301,230109
230109008003,广信悦美社区居民委员会,230109008,23,2301,230109
230109008004,船口社区居委会,230109008,23,2301,230109
230109008005,金贸城社区居委会,230109008,23,2301,230109
230109008006,黄浦公馆社区居民委员会,230109008,23,2301,230109
230109008007,黄浦新城社区居民委员会,230109008,23,2301,230109
230109008008,广信新城社区居委会,230109008,23,2301,230109
230109008009,保利灯塔社区居民委员会,230109008,23,2301,230109
230109008010,保利江城社区居民委员会,230109008,23,2301,230109
230109008011,国博城社区居民委员会,230109008,23,2301,230109
230109008012,华茂城社区居民委员会,230109008,23,2301,230109
230109008203,太阳升村村委会,230109008,23,2301,230109
230109008204,东明村村委会,230109008,23,2301,230109
230109008208,灯塔村村委会,230109008,23,2301,230109
230109101001,青山社区居委会,230109101,23,2301,230109
230109101200,十二户村村委会,230109101,23,2301,230109
230109101201,对青村村委会,230109101,23,2301,230109
230109101202,山后村村委会,230109101,23,2301,230109
230109101203,建设村村委会,230109101,23,2301,230109
230109101204,长发村村委会,230109101,23,2301,230109
230109101205,胜利村村委会,230109101,23,2301,230109
230109101206,薄荷村村委会,230109101,23,2301,230109
230109101207,李家村村委会,230109101,23,2301,230109
230109101208,张官村村委会,230109101,23,2301,230109
230109101209,杜家村村委会,230109101,23,2301,230109
230109101210,曲家村村委会,230109101,23,2301,230109
230109101211,冯家村村委会,230109101,23,2301,230109
230109102001,台屯社区居委会,230109102,23,2301,230109
230109102200,将军村村委会,230109102,23,2301,230109
230109102201,阳光村村委会,230109102,23,2301,230109
230109102202,丰富村村委会,230109102,23,2301,230109
230109102203,杏林村村委会,230109102,23,2301,230109
230109102204,兴旺村村委会,230109102,23,2301,230109
230109102205,玉丰村村委会,230109102,23,2301,230109
230109102208,苇子村村委会,230109102,23,2301,230109
230109102209,庆丰村村委会,230109102,23,2301,230109
230109102210,台屯村村委会,230109102,23,2301,230109
230109102211,青年村村委会,230109102,23,2301,230109
230109102212,群喜村村委会,230109102,23,2301,230109
230109102213,群力村村委会,230109102,23,2301,230109
230110001001,通站社区居委会,230110001,23,2301,230110
230110001002,建成大院社区居委会,230110001,23,2301,230110
230110001003,横道社区居委会,230110001,23,2301,230110
230110001004,香中社区居委会,230110001,23,2301,230110
230110001005,轴承社区居委会,230110001,23,2301,230110
230110001006,香站社区居委会,230110001,23,2301,230110
230110002001,红街社区居委会,230110002,23,2301,230110
230110002002,南虹社区居委会,230110002,23,2301,230110
230110002003,增福社区居委会,230110002,23,2301,230110
230110002004,苏顺社区居委会,230110002,23,2301,230110
230110002005,安埠小区社区居委会,230110002,23,2301,230110
230110003001,通天社区居委会,230110003,23,2301,230110
230110003002,油坊社区居委会,230110003,23,2301,230110
230110003003,果园社区居委会,230110003,23,2301,230110
230110003004,电信社区居委会,230110003,23,2301,230110
230110003005,二三五处社区居委会,230110003,23,2301,230110
230110004001,哈纺社区居委会,230110004,23,2301,230110
230110004002,绢纺社区居委会,230110004,23,2301,230110
230110004003,铁成社区居委会,230110004,23,2301,230110
230110004005,新香坊社区居委会,230110004,23,2301,230110
230110004006,香坊实验农场社区居委会,230110004,23,2301,230110
230110004008,长江路社区居委会,230110004,23,2301,230110
230110004009,会展社区居委会,230110004,23,2301,230110
230110004010,东新社区居委会,230110004,23,2301,230110
230110004011,双恒社区居委会,230110004,23,2301,230110
230110005001,香木社区居委会,230110005,23,2301,230110
230110005002,农大社区居委会,230110005,23,2301,230110
230110005003,气象台社区居委会,230110005,23,2301,230110
230110005004,电碳社区居委会,230110005,23,2301,230110
230110005005,城东社区居委会,230110005,23,2301,230110
230110005006,河畔社区居委会,230110005,23,2301,230110
230110006001,电力社区居委会,230110006,23,2301,230110
230110006002,公滨社区居委会,230110006,23,2301,230110
230110006003,农铁社区居委会,230110006,23,2301,230110
230110006004,香化社区居委会,230110006,23,2301,230110
230110006005,建成社区居委会,230110006,23,2301,230110
230110006006,东门社区居委会,230110006,23,2301,230110
230110007001,香茗社区居委会,230110007,23,2301,230110
230110007002,顺水社区居委会,230110007,23,2301,230110
230110007003,香电社区居委会,230110007,23,2301,230110
230110007004,新地社区居委会,230110007,23,2301,230110
230110007005,珠江社区居委会,230110007,23,2301,230110
230110007006,红旗社区居委会,230110007,23,2301,230110
230110007007,建北社区居委会,230110007,23,2301,230110
230110007008,菜艺社区居委会,230110007,23,2301,230110
230110008001,远香社区居委会,230110008,23,2301,230110
230110008002,香滨社区居委会,230110008,23,2301,230110
230110008003,新乡里社区居委会,230110008,23,2301,230110
230110008004,香顺社区居委会,230110008,23,2301,230110
230110008005,三辅社区居委会,230110008,23,2301,230110
230110008006,四史社区居委会,230110008,23,2301,230110
230110008007,农盛社区居委会,230110008,23,2301,230110
230110008008,六顺社区居委会,230110008,23,2301,230110
230110008009,赣水社区居委会,230110008,23,2301,230110
230110008010,民航社区居委会,230110008,23,2301,230110
230110009001,新村社区居委会,230110009,23,2301,230110
230110009002,林园社区居委会,230110009,23,2301,230110
230110009003,远大社区居委会,230110009,23,2301,230110
230110009004,三合社区居委会,230110009,23,2301,230110
230110009005,绿海社区居委会,230110009,23,2301,230110
230110009006,海富社区居委会,230110009,23,2301,230110
230110010001,体工社区居委会,230110010,23,2301,230110
230110010002,哈安社区居委会,230110010,23,2301,230110
230110010003,安装社区居委会,230110010,23,2301,230110
230110010004,文体社区居委会,230110010,23,2301,230110
230110011001,幸福社区居委会,230110011,23,2301,230110
230110011002,绝缘社区居委会,230110011,23,2301,230110
230110011003,理东社区居委会,230110011,23,2301,230110
230110012001,电业社区居委会,230110012,23,2301,230110
230110012002,新城社区居委会,230110012,23,2301,230110
230110012003,乐园社区居委会,230110012,23,2301,230110
230110012004,电机社区居委会,230110012,23,2301,230110
230110012005,乐强社区居委会,230110012,23,2301,230110
230110013001,电塔社区居委会,230110013,23,2301,230110
230110013002,福利社区居委会,230110013,23,2301,230110
230110013003,成套社区居委会,230110013,23,2301,230110
230110013004,旭升社区居委会,230110013,23,2301,230110
230110013005,星光社区居委会,230110013,23,2301,230110
230110013006,景和社区居委会,230110013,23,2301,230110
230110014001,联草街社区居委会,230110014,23,2301,230110
230110014002,松乐街社区居委会,230110014,23,2301,230110
230110014003,汽轮机社区居委会,230110014,23,2301,230110
230110014004,二新街社区居委会,230110014,23,2301,230110
230110014005,松圆社区居委会,230110014,23,2301,230110
230110014006,松海社区居委会,230110014,23,2301,230110
230110014007,松河社区居委会,230110014,23,2301,230110
230110014008,松江社区居委会,230110014,23,2301,230110
230110015001,热电社区居委会,230110015,23,2301,230110
230110015002,林机社区居委会,230110015,23,2301,230110
230110015003,工程社区居委会,230110015,23,2301,230110
230110015004,粮库社区居委会,230110015,23,2301,230110
230110016001,亚麻社区居委会,230110016,23,2301,230110
230110016002,风华社区居委会,230110016,23,2301,230110
230110016003,重型社区居委会,230110016,23,2301,230110
230110016004,中北春城社区居委会,230110016,23,2301,230110
230110016005,上东社区居委会,230110016,23,2301,230110
230110017001,哈量一社区居委会,230110017,23,2301,230110
230110017002,哈量二社区居委会,230110017,23,2301,230110
230110017003,哈量三社区居委会,230110017,23,2301,230110
230110017004,文景社区居委会,230110017,23,2301,230110
230110018001,铁路社区居委会,230110018,23,2301,230110
230110018002,林大社区居委会,230110018,23,2301,230110
230110018003,农林社区居委会,230110018,23,2301,230110
230110018004,中治社区居委会,230110018,23,2301,230110
230110019001,金星社区居委会,230110019,23,2301,230110
230110019002,科技社区居委会,230110019,23,2301,230110
230110019003,龙鑫社区居委会,230110019,23,2301,230110
230110020001,福泰社区居委会,230110020,23,2301,230110
230110020002,双赢社区居委会,230110020,23,2301,230110
230110020003,三鑫区社区居委会,230110020,23,2301,230110
230110020004,军民社区居委会,230110020,23,2301,230110
230110020005,立汇社区居委会,230110020,23,2301,230110
230110020006,格兰云天社区居委会,230110020,23,2301,230110
230110020007,金城社区居委会,230110020,23,2301,230110
230110020008,幸福里社区居委会,230110020,23,2301,230110
230110020200,红星村村委会,230110020,23,2301,230110
230110020201,双榆树村村委会,230110020,23,2301,230110
230110020202,幸福村村委会,230110020,23,2301,230110
230110020203,东方红村村委会,230110020,23,2301,230110
230110020204,太阳升村村委会,230110020,23,2301,230110
230110020205,朝阳村村委会,230110020,23,2301,230110
230110020206,团结村村委会,230110020,23,2301,230110
230110101001,糖厂社区居委会,230110101,23,2301,230110
230110101002,哈成路社区居委会,230110101,23,2301,230110
230110101003,九零四社区居委会,230110101,23,2301,230110
230110101004,车具厂社区居委会,230110101,23,2301,230110
230110101005,丁家桥社区居委会,230110101,23,2301,230110
230110101200,和平村村委会,230110101,23,2301,230110
230110101201,红旗村村委会,230110101,23,2301,230110
230110101202,东升村村委会,230110101,23,2301,230110
230110101203,新成村村委会,230110101,23,2301,230110
230110101204,民强村村委会,230110101,23,2301,230110
230110101205,黄河村村委会,230110101,23,2301,230110
230110101206,民胜村村委会,230110101,23,2301,230110
230110101207,红鲜村村委会,230110101,23,2301,230110
230110102002,安居社区居委会,230110102,23,2301,230110
230110102003,化工社区居委会,230110102,23,2301,230110
230110102004,靠河寨畜牧场社区居委会,230110102,23,2301,230110
230110102005,金源社区居委会,230110102,23,2301,230110
230110102021,安发社区居委会,230110102,23,2301,230110
230110102246,幸福村村委会,230110102,23,2301,230110
230110102247,振兴村村委会,230110102,23,2301,230110
230110102248,红升村村委会,230110102,23,2301,230110
230110102249,光明村村委会,230110102,23,2301,230110
230110102250,民主村村委会,230110102,23,2301,230110
230110102251,孙家村村委会,230110102,23,2301,230110
230110102252,莫利村村委会,230110102,23,2301,230110
230110102253,西柞村村委会,230110102,23,2301,230110
230110102254,曹家村村委会,230110102,23,2301,230110
230110102255,新香坊村村委会,230110102,23,2301,230110
230110102256,信义村村委会,230110102,23,2301,230110
230110102257,北柞村村委会,230110102,23,2301,230110
230110102258,汲家村村委会,230110102,23,2301,230110
230110103001,综合社区居委会,230110103,23,2301,230110
230110103002,兴生社区居委会,230110103,23,2301,230110
230110103200,金星村村委会,230110103,23,2301,230110
230110103201,前进村村委会,230110103,23,2301,230110
230110103202,平顺村村委会,230110103,23,2301,230110
230110103203,先锋村村委会,230110103,23,2301,230110
230110103204,新立村村委会,230110103,23,2301,230110
230110103205,永胜村村委会,230110103,23,2301,230110
230110103206,永丰村村委会,230110103,23,2301,230110
230110103207,平安村村委会,230110103,23,2301,230110
230110103208,富民村村委会,230110103,23,2301,230110
230110103209,东升村村委会,230110103,23,2301,230110
230110104001,东方红社区居委会,230110104,23,2301,230110
230110104200,东胜村村委会,230110104,23,2301,230110
230110104201,里仁村村委会,230110104,23,2301,230110
230110104202,长林村村委会,230110104,23,2301,230110
230110104203,金家村村委会,230110104,23,2301,230110
230110104204,东平村村委会,230110104,23,2301,230110
230110104205,东兴村村委会,230110104,23,2301,230110
230110104206,石槽村村委会,230110104,23,2301,230110
230110104207,向阳村村委会,230110104,23,2301,230110
230110400498,哈尔滨综合保税区虚拟社区,230110400,23,2301,230110
230111001001,胜利社区居民委员会,230111001,23,2301,230111
230111001004,东风社区居民委员会,230111001,23,2301,230111
230111001005,金街社区居民委员会,230111001,23,2301,230111
230111001007,铁东社区居民委员会,230111001,23,2301,230111
230111001009,文化社区居民委员会,230111001,23,2301,230111
230111001010,盛福社区居民委员会,230111001,23,2301,230111
230111001200,伟光村民委员会,230111001,23,2301,230111
230111002001,和平社区居民委员会,230111002,23,2301,230111
230111002002,幸福社区居民委员会,230111002,23,2301,230111
230111002005,和兴社区居民委员会,230111002,23,2301,230111
230111002006,富民社区居民委员会,230111002,23,2301,230111
230111002008,世亨社区居民委员会,230111002,23,2301,230111
230111002009,沿河社区居民委员会,230111002,23,2301,230111
230111002200,富强村民委员会,230111002,23,2301,230111
230111003001,腰堡社区居民委员会,230111003,23,2301,230111
230111003002,松花江社区居民委员会,230111003,23,2301,230111
230111003003,河口社区居民委员会,230111003,23,2301,230111
230111003004,和谐社区居民委员会,230111003,23,2301,230111
230111003005,三电社区居民委会,230111003,23,2301,230111
230111003200,大堡村村委会,230111003,23,2301,230111
230111003201,兰河村村委会,230111003,23,2301,230111
230111003202,水师村村委会,230111003,23,2301,230111
230111003203,腰堡村村委会,230111003,23,2301,230111
230111003204,靠山村村委会,230111003,23,2301,230111
230111003205,永丰村村委会,230111003,23,2301,230111
230111004001,兴业社区居民委员会,230111004,23,2301,230111
230111004002,燕京社区居民委员会,230111004,23,2301,230111
230111004003,常青社区居民委员会,230111004,23,2301,230111
230111004004,华远社区居民委员会,230111004,23,2301,230111
230111004005,星城社区居民委员会,230111004,23,2301,230111
230111004006,名流社区居民委员会,230111004,23,2301,230111
230111004007,瑞城社区居民委员会,230111004,23,2301,230111
230111004008,北海社区居民委员会,230111004,23,2301,230111
230111004009,宏盛社区居民委员会,230111004,23,2301,230111
230111004010,祥瑞社区居民委员会,230111004,23,2301,230111
230111005001,中华社区居民委员会,230111005,23,2301,230111
230111005002,学府社区居民委员会,230111005,23,2301,230111
230111005003,解放社区居民委员会,230111005,23,2301,230111
230111005004,经贸社区居民委员会,230111005,23,2301,230111
230111005200,历井村村委会,230111005,23,2301,230111
230111005201,孟井村村委会,230111005,23,2301,230111
230111005202,胜平村村委会,230111005,23,2301,230111
230111005203,兰阳村村委会,230111005,23,2301,230111
230111005204,洪家村村委会,230111005,23,2301,230111
230111005205,王佩村村委会,230111005,23,2301,230111
230111005206,大赵村村委会,230111005,23,2301,230111
230111005207,西井村村委会,230111005,23,2301,230111
230111005208,杨木村村委会,230111005,23,2301,230111
230111005209,苏德村村委会,230111005,23,2301,230111
230111005210,头道村村委会,230111005,23,2301,230111
230111005211,永胜村村委会,230111005,23,2301,230111
230111005212,新农村村委会,230111005,23,2301,230111
230111005213,永贵村村委会,230111005,23,2301,230111
230111005214,季德村村委会,230111005,23,2301,230111
230111005215,双合村村委会,230111005,23,2301,230111
230111005216,前进村村委会,230111005,23,2301,230111
230111005217,白家村村委会,230111005,23,2301,230111
230111005218,小赵村村委会,230111005,23,2301,230111
230111005219,东腰村村委会,230111005,23,2301,230111
230111005220,东井村村委会,230111005,23,2301,230111
230111005221,金城村村委会,230111005,23,2301,230111
230111005222,葛家村村委会,230111005,23,2301,230111
230111005223,永昌村村委会,230111005,23,2301,230111
230111005224,王牛村村委会,230111005,23,2301,230111
230111005225,刘家村村委会,230111005,23,2301,230111
230111005500,呼兰区原种场生活区,230111005,23,2301,230111
230111006200,双井村村委会,230111006,23,2301,230111
230111006201,工农村村委会,230111006,23,2301,230111
230111006202,小罗村村委会,230111006,23,2301,230111
230111006203,勤劳村村委会,230111006,23,2301,230111
230111006204,护路村村委会,230111006,23,2301,230111
230111006205,新兴村村委会,230111006,23,2301,230111
230111006206,何家村村委会,230111006,23,2301,230111
230111006207,光荣村村委会,230111006,23,2301,230111
230111006208,前井村村委会,230111006,23,2301,230111
230111006209,黄平村村委会,230111006,23,2301,230111
230111007001,建设社区居民委员会,230111007,23,2301,230111
230111007002,奋斗社区居民委员会,230111007,23,2301,230111
230111007003,光明社区居民委员会,230111007,23,2301,230111
230111007004,萧红社区居民委员会,230111007,23,2301,230111
230111007005,兴盛社区居民委员会,230111007,23,2301,230111
230111007006,希望社区居民委员会,230111007,23,2301,230111
230111007200,永兴村民委员会,230111007,23,2301,230111
230111008004,滨才社区居民委员会,230111008,23,2301,230111
230111008005,幸福里社区居民委员会,230111008,23,2301,230111
230111008006,裕民社区居民委员会,230111008,23,2301,230111
230111008007,华城社区居民委员会,230111008,23,2301,230111
230111008008,公园里社区居民委员会,230111008,23,2301,230111
230111008009,美雅社区居民委员会,230111008,23,2301,230111
230111008010,福民社区居民委员会,230111008,23,2301,230111
230111008011,泓林社区居民委员会,230111008,23,2301,230111
230111008012,荣军社区居民委员会,230111008,23,2301,230111
230111008013,凤栖湖社区居民委员会,230111008,23,2301,230111
230111008014,农垦社区居民委员会,230111008,23,2301,230111
230111009200,大王岗村村委会,230111009,23,2301,230111
230111009201,新民村村委会,230111009,23,2301,230111
230111009202,井堡村村委会,230111009,23,2301,230111
230111009203,东八家村村委会,230111009,23,2301,230111
230111009204,吴堡村村委会,230111009,23,2301,230111
230111009205,包井村村委会,230111009,23,2301,230111
230111009206,小王岗村村委会,230111009,23,2301,230111
230111009207,长岭村村委会,230111009,23,2301,230111
230111009208,平坊村村委会,230111009,23,2301,230111
230111010200,吉堡村村委会,230111010,23,2301,230111
230111010201,郭堡村村委会,230111010,23,2301,230111
230111010202,大罗村村委会,230111010,23,2301,230111
230111010203,北三家村村委会,230111010,23,2301,230111
230111010204,文化村村委会,230111010,23,2301,230111
230111010205,柳泉村村委会,230111010,23,2301,230111
230111010206,福利村村委会,230111010,23,2301,230111
230111010207,裴堡村村委会,230111010,23,2301,230111
230111010208,沈家村村委会,230111010,23,2301,230111
230111010209,致富村村委会,230111010,23,2301,230111
230111010210,祁堡村村委会,230111010,23,2301,230111
230111010211,罗斌村村委会,230111010,23,2301,230111
230111011001,宏旭社区居民委员会,230111011,23,2301,230111
230111011002,地恒社区居民委员会,230111011,23,2301,230111
230111011003,师大社区居民委员会,230111011,23,2301,230111
230111011004,安康社区居民委员会,230111011,23,2301,230111
230111011005,北岸社区居民委员会,230111011,23,2301,230111
230111011006,永达社区居民委员会,230111011,23,2301,230111
230111011007,乐都社区居民委员会,230111011,23,2301,230111
230111011008,鸿运社区居民委员会,230111011,23,2301,230111
230111011009,龙湾社区居民委员会,230111011,23,2301,230111
230111011010,汇智社区居民委员会,230111011,23,2301,230111
230111011011,汇宏社区居民委员会,230111011,23,2301,230111
230111011012,天成社区居民委员会,230111011,23,2301,230111
230111011013,和谐社区居民委员会,230111011,23,2301,230111
230111011014,启程社区居民委员会,230111011,23,2301,230111
230111011015,伸马社区居民委员会,230111011,23,2301,230111
230111011016,阳光社区居民委员会,230111011,23,2301,230111
230111012001,丽景社区居民委员会,230111012,23,2301,230111
230111012002,学伟社区居民委员会,230111012,23,2301,230111
230111012003,学院路社区居民委员会,230111012,23,2301,230111
230111012004,顺迈社区居民委员会,230111012,23,2301,230111
230111012005,金泰社区居民委员会,230111012,23,2301,230111
230111012006,志华社区居民委员会,230111012,23,2301,230111
230111012007,柒季城社区居民委员会,230111012,23,2301,230111
230111012008,群英社区居民委员会,230111012,23,2301,230111
230111012009,荣昌路社区居民委员会,230111012,23,2301,230111
230111012010,裕新社区居民委员会,230111012,23,2301,230111
230111012011,翰林社区居民委员会,230111012,23,2301,230111
230111012012,学府社区居民委员会,230111012,23,2301,230111
230111012013,城西社区居民委员会,230111012,23,2301,230111
230111012014,高鑫社区居民委员会,230111012,23,2301,230111
230111012015,文汇社区居民委员会,230111012,23,2301,230111
230111013001,裕建社区居民委员会,230111013,23,2301,230111
230111013002,义乌社区居民委员会,230111013,23,2301,230111
230111013003,君豪社区居民委员会,230111013,23,2301,230111
230111013004,天玺社区居民委员会,230111013,23,2301,230111
230111013006,天御社区居民委员会,230111013,23,2301,230111
230111013200,裕田村村委会,230111013,23,2301,230111
230111013201,玉乡村村委会,230111013,23,2301,230111
230111014001,辰能社区居民委员会,230111014,23,2301,230111
230111014002,林达社区居民委员会,230111014,23,2301,230111
230111014003,美兰社区居民委员会,230111014,23,2301,230111
230111014004,锦源社区居民委员会,230111014,23,2301,230111
230111014005,江霆社区居民委员会,230111014,23,2301,230111
230111014006,华耀社区居民委员会,230111014,23,2301,230111
230111014200,裕强村村委会,230111014,23,2301,230111
230111014201,利民村村委会,230111014,23,2301,230111
230111015001,繁华社区居民委员会,230111015,23,2301,230111
230111015002,新民社区居民委员会,230111015,23,2301,230111
230111015003,新华社区居民委员会,230111015,23,2301,230111
230111015004,东门社区居民委员会,230111015,23,2301,230111
230111015005,师范社区居民委员会,230111015,23,2301,230111
230111016001,建国社区居民委员会,230111016,23,2301,230111
230111016002,建兴社区居民委员会,230111016,23,2301,230111
230111016003,民主社区居民委员会,230111016,23,2301,230111
230111016004,民生社区居民委员会,230111016,23,2301,230111
230111016005,田野社区居民委员会,230111016,23,2301,230111
230111016006,顺记社区居民委员会,230111016,23,2301,230111
230111016007,吉祥社区居民委员会,230111016,23,2301,230111
230111016200,原野村民委员会,230111016,23,2301,230111
230111105200,元宝村村委会,230111105,23,2301,230111
230111105201,头屯村村委会,230111105,23,2301,230111
230111105202,王柱村村委会,230111105,23,2301,230111
230111105203,傅井村村委会,230111105,23,2301,230111
230111105204,长山村村委会,230111105,23,2301,230111
230111105205,二八村村委会,230111105,23,2301,230111
230111105206,罗井村村委会,230111105,23,2301,230111
230111105207,鲍堡村村委会,230111105,23,2301,230111
230111105208,阿堡村村委会,230111105,23,2301,230111
230111106200,双榆村村委会,230111106,23,2301,230111
230111106201,德安村村委会,230111106,23,2301,230111
230111106202,金星村村委会,230111106,23,2301,230111
230111106203,于家村村委会,230111106,23,2301,230111
230111106204,古城村村委会,230111106,23,2301,230111
230111106205,石人村村委会,230111106,23,2301,230111
230111106206,站前村村委会,230111106,23,2301,230111
230111106207,中兴村村委会,230111106,23,2301,230111
230111106208,永平村村委会,230111106,23,2301,230111
230111106209,双宝村村委会,230111106,23,2301,230111
230111106210,永发村村委会,230111106,23,2301,230111
230111106211,城子村村委会,230111106,23,2301,230111
230111107200,双山村村委会,230111107,23,2301,230111
230111107201,金牛村村委会,230111107,23,2301,230111
230111107202,朝阳村村委会,230111107,23,2301,230111
230111107203,庆平村村委会,230111107,23,2301,230111
230111107204,白奎村村委会,230111107,23,2301,230111
230111107205,望山村村委会,230111107,23,2301,230111
230111107206,东山村村委会,230111107,23,2301,230111
230111107207,迎春村村委会,230111107,23,2301,230111
230111107208,三道村村委会,230111107,23,2301,230111
230111107209,双平村村委会,230111107,23,2301,230111
230111107210,大坊村村委会,230111107,23,2301,230111
230111107211,青山村村委会,230111107,23,2301,230111
230111109200,榆林村村委会,230111109,23,2301,230111
230111109201,方台村村委会,230111109,23,2301,230111
230111109202,小方村村委会,230111109,23,2301,230111
230111109203,宋家村村委会,230111109,23,2301,230111
230111109204,高家村村委会,230111109,23,2301,230111
230111109205,田家村村委会,230111109,23,2301,230111
230111109206,黄花村村委会,230111109,23,2301,230111
230111109207,东沈村村委会,230111109,23,2301,230111
230111109208,高堡村村委会,230111109,23,2301,230111
230111109209,公家村村委会,230111109,23,2301,230111
230111110200,马家村村委会,230111110,23,2301,230111
230111110201,蟠龙村村委会,230111110,23,2301,230111
230111110202,孤榆村村委会,230111110,23,2301,230111
230111110203,兴业村村委会,230111110,23,2301,230111
230111110204,井沿村村委会,230111110,23,2301,230111
230111110205,老哈村村委会,230111110,23,2301,230111
230111110206,永安村村委会,230111110,23,2301,230111
230111110207,莲花村村委会,230111110,23,2301,230111
230111110208,梁家村村委会,230111110,23,2301,230111
230111110209,大东村村委会,230111110,23,2301,230111
230111111200,佟家村村委会,230111111,23,2301,230111
230111111201,刘家村村委会,230111111,23,2301,230111
230111111202,民主村村委会,230111111,23,2301,230111
230111111203,立业村村委会,230111111,23,2301,230111
230111111204,沈八村村委会,230111111,23,2301,230111
230111111205,公立村村委会,230111111,23,2301,230111
230111111206,大用村村委会,230111111,23,2301,230111
230111111207,沈明村村委会,230111111,23,2301,230111
230111111208,小路村村委会,230111111,23,2301,230111
230111114001,治水社区居民委员会,230111114,23,2301,230111
230111114002,裕华社区居民委员会,230111114,23,2301,230111
230111114003,溪树庭院社区居民委员会,230111114,23,2301,230111
230111114004,国粹园社区居民委员会,230111114,23,2301,230111
230111114005,双水岸社区居民委员会,230111114,23,2301,230111
230111114201,治水村村委会,230111114,23,2301,230111
230111114203,裕发村村委会,230111114,23,2301,230111
230111114204,裕华村村委会,230111114,23,2301,230111
230111114207,玉林村村委会,230111114,23,2301,230111
230111201200,七佰村村委会,230111201,23,2301,230111
230111201201,渥集村村委会,230111201,23,2301,230111
230111201202,吉祥村村委会,230111201,23,2301,230111
230111201203,小杨林村委会,230111201,23,2301,230111
230111201204,田堡村村委会,230111201,23,2301,230111
230111201205,南房村村委会,230111201,23,2301,230111
230111201206,沈井村村委会,230111201,23,2301,230111
230111201207,佟井村村委会,230111201,23,2301,230111
230111203200,许堡村村委会,230111203,23,2301,230111
230111203201,朱井村村委会,230111203,23,2301,230111
230111203202,黄岗村村委会,230111203,23,2301,230111
230111203203,蒲井村村委会,230111203,23,2301,230111
230111203204,富裕村村委会,230111203,23,2301,230111
230111203205,水稻村村委会,230111203,23,2301,230111
230111203206,张井村村委会,230111203,23,2301,230111
230111203207,依兰村村委会,230111203,23,2301,230111
230111203208,郎堡村村委会,230111203,23,2301,230111
230111203209,周化村村委会,230111203,23,2301,230111
230111203210,杨美村村委会,230111203,23,2301,230111
230111203211,小得村村委会,230111203,23,2301,230111
230111205200,西营村村委会,230111205,23,2301,230111
230111205201,金家村村委会,230111205,23,2301,230111
230111205202,团山村村委会,230111205,23,2301,230111
230111205203,东营村村委会,230111205,23,2301,230111
230111205204,双发村村委会,230111205,23,2301,230111
230111205205,幸福村村委会,230111205,23,2301,230111
230111205206,成功村村委会,230111205,23,2301,230111
230111205207,孟家村村委会,230111205,23,2301,230111
230111205208,丁家村村委会,230111205,23,2301,230111
230111205209,八家村村委会,230111205,23,2301,230111
230111205210,和平村村委会,230111205,23,2301,230111
230111205211,红旗村村委会,230111205,23,2301,230111
230111205212,友好村村委会,230111205,23,2301,230111
230111579598,呼兰农垦虚拟生活区,230111579,23,2301,230111
230112001001,金城社区居委会,230112001,23,2301,230112
230112001002,高明社区居委会,230112001,23,2301,230112
230112001003,昌平社区居委会,230112001,23,2301,230112
230112001004,朝阳社区居委会,230112001,23,2301,230112
230112001005,民主社区居委会,230112001,23,2301,230112
230112001006,热电社区居委会,230112001,23,2301,230112
230112001008,北新社区居委会,230112001,23,2301,230112
230112001009,永泰广社区居委会,230112001,23,2301,230112
230112001010,西环路社区居委会,230112001,23,2301,230112
230112001011,北顺社区居委会,230112001,23,2301,230112
230112001016,金海社区居委会,230112001,23,2301,230112
230112001017,平安社区居委会,230112001,23,2301,230112
230112001018,永安社区居委会,230112001,23,2301,230112
230112001019,金昌社区居委会,230112001,23,2301,230112
230112001020,金港社区居委会,230112001,23,2301,230112
230112001021,金河社区居委会,230112001,23,2301,230112
230112002001,南市社区居委会,230112002,23,2301,230112
230112002002,祥泰社区居委会,230112002,23,2301,230112
230112002003,庆云社区居委会,230112002,23,2301,230112
230112002004,四中社区居委会,230112002,23,2301,230112
230112002005,绿波社区居委会,230112002,23,2301,230112
230112002007,文庙社区居委会,230112002,23,2301,230112
230112002009,源发社区居委会,230112002,23,2301,230112
230112002010,礼中社区居委会,230112002,23,2301,230112
230112002017,幸福里社区居委会,230112002,23,2301,230112
230112002018,亿达社区居委会,230112002,23,2301,230112
230112002019,山水新城社区居委会,230112002,23,2301,230112
230112002020,新龙社区居委会,230112002,23,2301,230112
230112002021,诚信社区居委会,230112002,23,2301,230112
230112002022,上京社区居委会,230112002,23,2301,230112
230112002023,清真寺社区居委会,230112002,23,2301,230112
230112002024,金源社区居委会,230112002,23,2301,230112
230112002025,金溪社区居委会,230112002,23,2301,230112
230112003001,货场社区居委会,230112003,23,2301,230112
230112003002,粮丰社区居委会,230112003,23,2301,230112
230112003003,铁路社区居委会,230112003,23,2301,230112
230112003006,新华社区居委会,230112003,23,2301,230112
230112003007,糖机社区居委会,230112003,23,2301,230112
230112003008,邻通社区居委会,230112003,23,2301,230112
230112003009,邻园社区居委会,230112003,23,2301,230112
230112003010,道北社区居委会,230112003,23,2301,230112
230112003011,北环社区居委会,230112003,23,2301,230112
230112003012,会宁社区居委会,230112003,23,2301,230112
230112004001,建兴社区居委会,230112004,23,2301,230112
230112004002,民安社区居委会,230112004,23,2301,230112
230112004003,公园社区居委会,230112004,23,2301,230112
230112004004,青年楼社区居委会,230112004,23,2301,230112
230112004005,市场社区居委会,230112004,23,2301,230112
230112004006,七栋楼社区居委会,230112004,23,2301,230112
230112004007,半拉城子社区居委会,230112004,23,2301,230112
230112004008,文化宫社区居委会,230112004,23,2301,230112
230112005003,郡园社区居委会,230112005,23,2301,230112
230112005004,城郊社区居委会,230112005,23,2301,230112
230112005005,和平社区居委会,230112005,23,2301,230112
230112005006,融创社区居委会,230112005,23,2301,230112
230112005200,城建村村委会,230112005,23,2301,230112
230112005201,民合村村委会,230112005,23,2301,230112
230112005202,平安村村委会,230112005,23,2301,230112
230112005203,城乡村村委会,230112005,23,2301,230112
230112005204,白城村村委会,230112005,23,2301,230112
230112005205,南城村村委会,230112005,23,2301,230112
230112005206,东环村村委会,230112005,23,2301,230112
230112006008,河南社区居委会,230112006,23,2301,230112
230112006020,荣兴社区居委会,230112006,23,2301,230112
230112006200,磨盘村村委会,230112006,23,2301,230112
230112006201,镇北村村委会,230112006,23,2301,230112
230112006202,老营村村委会,230112006,23,2301,230112
230112006203,红光村村委会,230112006,23,2301,230112
230112007200,建设村村委会,230112007,23,2301,230112
230112007201,延川村村委会,230112007,23,2301,230112
230112007202,民丰村村委会,230112007,23,2301,230112
230112007203,新华村村委会,230112007,23,2301,230112
230112007204,民利村村委会,230112007,23,2301,230112
230112007205,新农村村委会,230112007,23,2301,230112
230112007206,利平村村委会,230112007,23,2301,230112
230112007207,长红村村委会,230112007,23,2301,230112
230112007208,先锋村村委会,230112007,23,2301,230112
230112007209,五星村村委会,230112007,23,2301,230112
230112007211,柳条村村委会,230112007,23,2301,230112
230112008002,师院社区居委会,230112008,23,2301,230112
230112008200,双兰村村委会,230112008,23,2301,230112
230112008201,三阳村村委会,230112008,23,2301,230112
230112008202,胜祥村村委会,230112008,23,2301,230112
230112008203,民兴村村委会,230112008,23,2301,230112
230112008204,兴隆村村委会,230112008,23,2301,230112
230112008205,桦树村村委会,230112008,23,2301,230112
230112008206,椴树村村委会,230112008,23,2301,230112
230112008207,东光村村委会,230112008,23,2301,230112
230112008208,爱民村村委会,230112008,23,2301,230112
230112009001,松纺社区居委会,230112009,23,2301,230112
230112009002,龙涤社区居委会,230112009,23,2301,230112
230112009003,兴涤社区居委会,230112009,23,2301,230112
230112009004,兴纺社区居委会,230112009,23,2301,230112
230112009200,太平村村委会,230112009,23,2301,230112
230112009201,繁荣村村委会,230112009,23,2301,230112
230112009202,经建村村委会,230112009,23,2301,230112
230112009203,丰收村村委会,230112009,23,2301,230112
230112009204,新合村村委会,230112009,23,2301,230112
230112009206,舍利村村委会,230112009,23,2301,230112
230112010001,政府社区居委会,230112010,23,2301,230112
230112010007,农场局社区居委会,230112010,23,2301,230112
230112010200,新兴村村委会,230112010,23,2301,230112
230112010201,石发村村委会,230112010,23,2301,230112
230112010202,新平村村委会,230112010,23,2301,230112
230112010203,西川村村委会,230112010,23,2301,230112
230112011200,亚站村村委会,230112011,23,2301,230112
230112011201,岳吉村村委会,230112011,23,2301,230112
230112011202,新光村村委会,230112011,23,2301,230112
230112011203,吉祥村村委会,230112011,23,2301,230112
230112011204,南平村村委会,230112011,23,2301,230112
230112011205,全店村村委会,230112011,23,2301,230112
230112011206,高升村村委会,230112011,23,2301,230112
230112012001,交界社区居委会,230112012,23,2301,230112
230112012200,交界村村委会,230112012,23,2301,230112
230112012201,沙河村村委会,230112012,23,2301,230112
230112012202,博碾村村委会,230112012,23,2301,230112
230112012203,沿河村村委会,230112012,23,2301,230112
230112012204,勤俭村村委会,230112012,23,2301,230112
230112012205,董家村村委会,230112012,23,2301,230112
230112013200,烈火村村委会,230112013,23,2301,230112
230112013201,北红村村委会,230112013,23,2301,230112
230112013202,万兴村村委会,230112013,23,2301,230112
230112013203,宝山村村委会,230112013,23,2301,230112
230112013204,南红村村委会,230112013,23,2301,230112
230112013205,海沟村村委会,230112013,23,2301,230112
230112013206,西华村村委会,230112013,23,2301,230112
230112013207,新发村村委会,230112013,23,2301,230112
230112013208,红新村村委会,230112013,23,2301,230112
230112013209,胜新村村委会,230112013,23,2301,230112
230112013210,联胜村村委会,230112013,23,2301,230112
230112013211,东胜村村委会,230112013,23,2301,230112
230112013212,民生村村委会,230112013,23,2301,230112
230112013213,联合村村委会,230112013,23,2301,230112
230112013214,新乡村村委会,230112013,23,2301,230112
230112014201,新荣村村委会,230112014,23,2301,230112
230112014202,胜利村村委会,230112014,23,2301,230112
230112014203,光明村村委会,230112014,23,2301,230112
230112014204,兴东村村委会,230112014,23,2301,230112
230112014205,新立村村委会,230112014,23,2301,230112
230112014206,新富村村委会,230112014,23,2301,230112
230112014207,蜚克图村村委会,230112014,23,2301,230112
230112015200,红旗村村委会,230112015,23,2301,230112
230112015201,民权村村委会,230112015,23,2301,230112
230112015202,翻身村村委会,230112015,23,2301,230112
230112015203,幸福村村委会,230112015,23,2301,230112
230112015204,永康村村委会,230112015,23,2301,230112
230112015205,西发村村委会,230112015,23,2301,230112
230112015206,民主村村委会,230112015,23,2301,230112
230112015207,兰旗村村委会,230112015,23,2301,230112
230112015208,共和村村委会,230112015,23,2301,230112
230112015209,富勤村村委会,230112015,23,2301,230112
230112015210,林场村村委会,230112015,23,2301,230112
230112107008,中心社区居委会,230112107,23,2301,230112
230112107200,北川村村委会,230112107,23,2301,230112
230112107201,绥中村村委会,230112107,23,2301,230112
230112107202,双河村村委会,230112107,23,2301,230112
230112107203,平山村村委会,230112107,23,2301,230112
230112107204,治安村村委会,230112107,23,2301,230112
230112107205,星光村村委会,230112107,23,2301,230112
230112108005,吉祥联合社区居委会,230112108,23,2301,230112
230112108200,松峰村村委会,230112108,23,2301,230112
230112108201,李店村村委会,230112108,23,2301,230112
230112108202,新明村村委会,230112108,23,2301,230112
230112108203,中和村村委会,230112108,23,2301,230112
230112108204,山河村村委会,230112108,23,2301,230112
230112109200,振兴村村委会,230112109,23,2301,230112
230112109201,海兴村村委会,230112109,23,2301,230112
230112109202,海东村村委会,230112109,23,2301,230112
230112109203,慈兴村村委会,230112109,23,2301,230112
230112109204,北赵村村委会,230112109,23,2301,230112
230112112200,富兴村村委会,230112112,23,2301,230112
230112112201,岭西村村委会,230112112,23,2301,230112
230112112202,永兴村村委会,230112112,23,2301,230112
230112112203,于店村村委会,230112112,23,2301,230112
230112112204,吉兴村村委会,230112112,23,2301,230112
230112112205,鲜丰村村委会,230112112,23,2301,230112
230112503502,阿城原种场分场生活区,230112503,23,2301,230112
230112503503,阿城原种场场直生活区,230112503,23,2301,230112
230113002001,第一居委会,230113002,23,2301,230113
230113002002,第二居委会,230113002,23,2301,230113
230113002200,五家村村委会,230113002,23,2301,230113
230113002201,民安村村委会,230113002,23,2301,230113
230113002202,民和村村委会,230113002,23,2301,230113
230113002203,民富村村委会,230113002,23,2301,230113
230113002204,民康村村委会,230113002,23,2301,230113
230113002205,民生村村委会,230113002,23,2301,230113
230113002206,暖泉村村委会,230113002,23,2301,230113
230113002207,双井村村委会,230113002,23,2301,230113
230113002208,解放村村委会,230113002,23,2301,230113
230113002209,新丰村村委会,230113002,23,2301,230113
230113003200,新民村村委会,230113003,23,2301,230113
230113003201,新胜村村委会,230113003,23,2301,230113
230113003202,新华村村委会,230113003,23,2301,230113
230113003203,新兴村村委会,230113003,23,2301,230113
230113003204,东光村村委会,230113003,23,2301,230113
230113003205,东朴村村委会,230113003,23,2301,230113
230113003206,庆乐村村委会,230113003,23,2301,230113
230113004001,第一居委会,230113004,23,2301,230113
230113004200,兰棱村村委会,230113004,23,2301,230113
230113004201,许家村村委会,230113004,23,2301,230113
230113004202,广益村村委会,230113004,23,2301,230113
230113004203,石家村村委会,230113004,23,2301,230113
230113004204,永发村村委会,230113004,23,2301,230113
230113004205,胜阳村村委会,230113004,23,2301,230113
230113004206,胜林村村委会,230113004,23,2301,230113
230113004207,兴发村村委会,230113004,23,2301,230113
230113004208,胜友村村委会,230113004,23,2301,230113
230113004209,治新村村委会,230113004,23,2301,230113
230113004210,立志村村委会,230113004,23,2301,230113
230113004211,新化村村委会,230113004,23,2301,230113
230113004212,靠山村村委会,230113004,23,2301,230113
230113005001,第一居委会,230113005,23,2301,230113
230113005002,第二居委会,230113005,23,2301,230113
230113005003,第三居委会,230113005,23,2301,230113
230113005004,第四居委会,230113005,23,2301,230113
230113005005,第五居委会,230113005,23,2301,230113
230113005006,第六居委会,230113005,23,2301,230113
230113005007,第七居委会,230113005,23,2301,230113
230113005200,东新村村委会,230113005,23,2301,230113
230113005201,东旭村村委会,230113005,23,2301,230113
230113005202,东辉村村委会,230113005,23,2301,230113
230113005203,东跃村村委会,230113005,23,2301,230113
230113005204,东安村村委会,230113005,23,2301,230113
230113005205,东海村村委会,230113005,23,2301,230113
230113005206,东太村村委会,230113005,23,2301,230113
230113005207,东发村村委会,230113005,23,2301,230113
230113005208,东宁村村委会,230113005,23,2301,230113
230113006200,公正村村委会,230113006,23,2301,230113
230113006201,康宁村村委会,230113006,23,2301,230113
230113006202,国兴村村委会,230113006,23,2301,230113
230113006203,民旺村村委会,230113006,23,2301,230113
230113006204,爱乡村村委会,230113006,23,2301,230113
230113006205,富余村村委会,230113006,23,2301,230113
230113006206,庆丰村村委会,230113006,23,2301,230113
230113006207,固强村村委会,230113006,23,2301,230113
230113006208,贤邻村村委会,230113006,23,2301,230113
230113007001,昌盛社区,230113007,23,2301,230113
230113007002,隆化社区,230113007,23,2301,230113
230113007003,团结社区,230113007,23,2301,230113
230113007004,平安社区,230113007,23,2301,230113
230113007005,治国社区,230113007,23,2301,230113
230113007006,真理社区,230113007,23,2301,230113
230113007007,文昌社区,230113007,23,2301,230113
230113007008,祥阁社区,230113007,23,2301,230113
230113007009,学府社区,230113007,23,2301,230113
230113007010,蓝天社区,230113007,23,2301,230113
230113007200,承旭村村委会,230113007,23,2301,230113
230113007201,诚详村村委会,230113007,23,2301,230113
230113007202,长生村村委会,230113007,23,2301,230113
230113007203,长勇村村委会,230113007,23,2301,230113
230113008002,富强社区,230113008,23,2301,230113
230113008003,新民社区,230113008,23,2301,230113
230113008004,民主社区,230113008,23,2301,230113
230113008005,富裕社区,230113008,23,2301,230113
230113008006,和平社区,230113008,23,2301,230113
230113008007,文明社区,230113008,23,2301,230113
230113008009,金谷社区,230113008,23,2301,230113
230113008204,永和村村委会,230113008,23,2301,230113
230113008205,承恩村村委会,230113008,23,2301,230113
230113008206,诚顺村村委会,230113008,23,2301,230113
230113008207,富乡村村委会,230113008,23,2301,230113
230113009001,政通社区,230113009,23,2301,230113
230113009002,人和社区,230113009,23,2301,230113
230113009003,兴旺社区,230113009,23,2301,230113
230113009004,发达社区,230113009,23,2301,230113
230113009005,奋斗社区,230113009,23,2301,230113
230113009006,腾达社区,230113009,23,2301,230113
230113009007,迎宾社区,230113009,23,2301,230113
230113009008,永安社区,230113009,23,2301,230113
230113009200,万家村村委会,230113009,23,2301,230113
230113009201,长产村村委会,230113009,23,2301,230113
230113009202,中兴村村委会,230113009,23,2301,230113
230113009203,永治村村委会,230113009,23,2301,230113
230113010001,工农社区,230113010,23,2301,230113
230113010002,铁北社区,230113010,23,2301,230113
230113010200,建功村村委会,230113010,23,2301,230113
230113010201,建城村村委会,230113010,23,2301,230113
230113010202,光明村村委会,230113010,23,2301,230113
230113010203,金星村村委会,230113010,23,2301,230113
230113010204,友联村村委会,230113010,23,2301,230113
230113011200,久援村村委会,230113011,23,2301,230113
230113011201,久前村村委会,230113011,23,2301,230113
230113011202,永支村村委会,230113011,23,2301,230113
230113011203,幸福村村委会,230113011,23,2301,230113
230113011204,庆城村村委会,230113011,23,2301,230113
230113011205,庆宁村村委会,230113011,23,2301,230113
230113011206,永庆村村委会,230113011,23,2301,230113
230113011207,安西村村委会,230113011,23,2301,230113
230113104200,群利村村委会,230113104,23,2301,230113
230113104201,荣升村村委会,230113104,23,2301,230113
230113104202,白土村村委会,230113104,23,2301,230113
230113104203,新立村村委会,230113104,23,2301,230113
230113104204,腰小房村村委会,230113104,23,2301,230113
230113104205,红城村村委会,230113104,23,2301,230113
230113104206,永河村村委会,230113104,23,2301,230113
230113104207,田家村村委会,230113104,23,2301,230113
230113104208,大马家村村委会,230113104,23,2301,230113
230113104209,大房村村委会,230113104,23,2301,230113
230113104210,三姓村村委会,230113104,23,2301,230113
230113104211,双林村村委会,230113104,23,2301,230113
230113104212,长丰村村委会,230113104,23,2301,230113
230113105200,政久村村委会,230113105,23,2301,230113
230113105201,政丰村村委会,230113105,23,2301,230113
230113105202,政善村村委会,230113105,23,2301,230113
230113105203,富源村村委会,230113105,23,2301,230113
230113105204,政治村村委会,230113105,23,2301,230113
230113105205,政德村村委会,230113105,23,2301,230113
230113105206,政利村村委会,230113105,23,2301,230113
230113105207,政新村村委会,230113105,23,2301,230113
230113105208,政才村村委会,230113105,23,2301,230113
230113105209,政兴村村委会,230113105,23,2301,230113
230113106200,东官村村委会,230113106,23,2301,230113
230113106201,东利村村委会,230113106,23,2301,230113
230113106202,东诚村村委会,230113106,23,2301,230113
230113106203,庆农村村委会,230113106,23,2301,230113
230113106204,庆新村村委会,230113106,23,2301,230113
230113106205,东兴村村委会,230113106,23,2301,230113
230113106206,庆胜村村委会,230113106,23,2301,230113
230113106207,庆和村村委会,230113106,23,2301,230113
230113107200,农丰村村委会,230113107,23,2301,230113
230113107201,保收村村委会,230113107,23,2301,230113
230113107202,田茂村村委会,230113107,23,2301,230113
230113107203,进步村村委会,230113107,23,2301,230113
230113107204,双利村村委会,230113107,23,2301,230113
230113107205,兴城村村委会,230113107,23,2301,230113
230113107206,永久村村委会,230113107,23,2301,230113
230113107207,仁利村村委会,230113107,23,2301,230113
230113107208,保胜村村委会,230113107,23,2301,230113
230113108200,杏山村村委会,230113108,23,2301,230113
230113108201,河山村村委会,230113108,23,2301,230113
230113108202,树庆村村委会,230113108,23,2301,230113
230113108203,顺利村村委会,230113108,23,2301,230113
230113108204,仁和村村委会,230113108,23,2301,230113
230113108205,临江村村委会,230113108,23,2301,230113
230113108206,双青村村委会,230113108,23,2301,230113
230113108207,富山村村委会,230113108,23,2301,230113
230113108208,龙山村村委会,230113108,23,2301,230113
230113109200,育新村村委会,230113109,23,2301,230113
230113109201,育人村村委会,230113109,23,2301,230113
230113109202,创富村村委会,230113109,23,2301,230113
230113109203,农富村村委会,230113109,23,2301,230113
230113109204,跃进村村委会,230113109,23,2301,230113
230113109205,宏升村村委会,230113109,23,2301,230113
230113109206,西官村村委会,230113109,23,2301,230113
230113109207,团结村村委会,230113109,23,2301,230113
230113109208,连丰村村委会,230113109,23,2301,230113
230113109209,保丰村村委会,230113109,23,2301,230113
230113109210,快乐村村委会,230113109,23,2301,230113
230113109211,增胜村村委会,230113109,23,2301,230113
230113109212,创勤村村委会,230113109,23,2301,230113
230113109213,鑫富村村委会,230113109,23,2301,230113
230113110200,兴农村村委会,230113110,23,2301,230113
230113110201,永跃村村委会,230113110,23,2301,230113
230113110202,兴功村村委会,230113110,23,2301,230113
230113110203,兴团村村委会,230113110,23,2301,230113
230113110204,安家村村委会,230113110,23,2301,230113
230113110205,兴结村村委会,230113110,23,2301,230113
230113110206,庆华村村委会,230113110,23,2301,230113
230113110207,安强村村委会,230113110,23,2301,230113
230113111200,永乐村村委会,230113111,23,2301,230113
230113111201,胜强村村委会,230113111,23,2301,230113
230113111202,兴业村村委会,230113111,23,2301,230113
230113111203,永强村村委会,230113111,23,2301,230113
230113111204,太宁村村委会,230113111,23,2301,230113
230113111205,永兴村村委会,230113111,23,2301,230113
230113111206,永胜村村委会,230113111,23,2301,230113
230113111207,建乡村村委会,230113111,23,2301,230113
230113111208,乐乡村村委会,230113111,23,2301,230113
230113112200,胜丰村村委会,230113112,23,2301,230113
230113112201,胜勤村村委会,230113112,23,2301,230113
230113112202,胜城村村委会,230113112,23,2301,230113
230113112203,胜平村村委会,230113112,23,2301,230113
230113112204,胜利村村委会,230113112,23,2301,230113
230113112205,胜业村村委会,230113112,23,2301,230113
230113112206,胜前村村委会,230113112,23,2301,230113
230113112207,政广村村委会,230113112,23,2301,230113
230113112208,政安村村委会,230113112,23,2301,230113
230113112209,胜华村村委会,230113112,23,2301,230113
230113112210,胜全村村委会,230113112,23,2301,230113
230113112211,胜乡村村委会,230113112,23,2301,230113
230113112212,胜德村村委会,230113112,23,2301,230113
230113112213,胜兴村村委会,230113112,23,2301,230113
230113112214,胜功村村委会,230113112,23,2301,230113
230113112215,诚利村村委会,230113112,23,2301,230113
230113112216,诚东村村委会,230113112,23,2301,230113
230113112217,诚明村村委会,230113112,23,2301,230113
230113112218,诚乐村村委会,230113112,23,2301,230113
230113112219,诚吉村村委会,230113112,23,2301,230113
230113201200,金城村村委会,230113201,23,2301,230113
230113201201,沿河村村委会,230113201,23,2301,230113
230113201202,临河村村委会,230113201,23,2301,230113
230113201203,金河村村委会,230113201,23,2301,230113
230113201204,和平村村委会,230113201,23,2301,230113
230113201205,榆树村村委会,230113201,23,2301,230113
230113201206,启新村村委会,230113201,23,2301,230113
230113201207,爱国村村委会,230113201,23,2301,230113
230113201208,升平村村委会,230113201,23,2301,230113
230113201209,花园村村委会,230113201,23,2301,230113
230113203200,青岭村村委会,230113203,23,2301,230113
230113203201,庆北村村委会,230113203,23,2301,230113
230113203202,万解村村委会,230113203,23,2301,230113
230113203203,延放村村委会,230113203,23,2301,230113
230113203204,军星村村委会,230113203,23,2301,230113
230113203205,群利村村委会,230113203,23,2301,230113
230113203206,益利村村委会,230113203,23,2301,230113
230113203207,益胜村村委会,230113203,23,2301,230113
230113203208,兴民村村委会,230113203,23,2301,230113
230113209200,民强村村委会,230113209,23,2301,230113
230113209201,新富村村委会,230113209,23,2301,230113
230113209202,三家村村委会,230113209,23,2301,230113
230113209203,松江村村委会,230113209,23,2301,230113
230113209204,新发村村委会,230113209,23,2301,230113
230113209205,建江村村委会,230113209,23,2301,230113
230113209206,三江村村委会,230113209,23,2301,230113
230113210200,水泉村村委会,230113210,23,2301,230113
230113210201,大义村村委会,230113210,23,2301,230113
230113210202,大有村村委会,230113210,23,2301,230113
230113210203,大德村村委会,230113210,23,2301,230113
230113210204,荣华村村委会,230113210,23,2301,230113
230113210205,富友村村委会,230113210,23,2301,230113
230113210206,三邻村村委会,230113210,23,2301,230113
230113211200,友好村村委会,230113211,23,2301,230113
230113211201,光辉村村委会,230113211,23,2301,230113
230113211202,乐群村村委会,230113211,23,2301,230113
230113211203,耕勤村村委会,230113211,23,2301,230113
230113211204,乐民村村委会,230113211,23,2301,230113
230113211205,富志村村委会,230113211,23,2301,230113
230113211206,国庆村村委会,230113211,23,2301,230113
230113211207,富勤村村委会,230113211,23,2301,230113
230113211208,光华村村委会,230113211,23,2301,230113
230113214200,万隆村村委会,230113214,23,2301,230113
230113214201,繁荣村村委会,230113214,23,2301,230113
230113214202,保国村村委会,230113214,23,2301,230113
230113214203,增产村村委会,230113214,23,2301,230113
230113214204,板子房村村委会,230113214,23,2301,230113
230113214205,苗家村村委会,230113214,23,2301,230113
230113214206,吴家村村委会,230113214,23,2301,230113
230113214207,奋斗村村委会,230113214,23,2301,230113
230113214208,双胜村村委会,230113214,23,2301,230113
230113214209,双龙村村委会,230113214,23,2301,230113
230113214210,建国村村委会,230113214,23,2301,230113
230113214211,长胜村村委会,230113214,23,2301,230113
230113214212,利民村村委会,230113214,23,2301,230113
230113214213,建新村村委会,230113214,23,2301,230113
230113214214,战胜村村委会,230113214,23,2301,230113
230113214215,楼上村村委会,230113214,23,2301,230113
230113216200,爱新村村委会,230113216,23,2301,230113
230113216201,爱勤村村委会,230113216,23,2301,230113
230113216202,爱贤村村委会,230113216,23,2301,230113
230113216203,爱德村村委会,230113216,23,2301,230113
230113216204,爱业村村委会,230113216,23,2301,230113
230113216205,爱兴村村委会,230113216,23,2301,230113
230113216206,爱富村村委会,230113216,23,2301,230113
230113216207,爱强村村委会,230113216,23,2301,230113
230113217200,同心村村委会,230113217,23,2301,230113
230113217201,富成村村委会,230113217,23,2301,230113
230113217202,同兴村村委会,230113217,23,2301,230113
230113217203,治安村村委会,230113217,23,2301,230113
230113217204,同旺村村委会,230113217,23,2301,230113
230113217205,同富村村委会,230113217,23,2301,230113
230113217206,同强村村委会,230113217,23,2301,230113
230123100001,关岳社区居委会,230123100,23,2301,230123
230123100002,乾德社区居委会,230123100,23,2301,230123
230123100003,楚木社区居委会,230123100,23,2301,230123
230123100004,康园社区居委会,230123100,23,2301,230123
230123100005,东城社区居委会,230123100,23,2301,230123
230123100006,五国城社区居委会,230123100,23,2301,230123
230123100007,城南社区居委会,230123100,23,2301,230123
230123100008,通河社区居委会,230123100,23,2301,230123
230123100009,朝阳社区居委会,230123100,23,2301,230123
230123100010,民生社区居委会,230123100,23,2301,230123
230123100011,利民社区居委会,230123100,23,2301,230123
230123100200,朝阳村村委会,230123100,23,2301,230123
230123100201,五国城村村委会,230123100,23,2301,230123
230123100202,马大村村委会,230123100,23,2301,230123
230123100203,晨光村村委会,230123100,23,2301,230123
230123101006,繁荣社区居委会,230123101,23,2301,230123
230123101007,化工社区居委会,230123101,23,2301,230123
230123101008,锦山社区居委会,230123101,23,2301,230123
230123101009,矿业社区居委会,230123101,23,2301,230123
230123101200,新胜村村委会,230123101,23,2301,230123
230123101201,长兴村村委会,230123101,23,2301,230123
230123101202,西南村村委会,230123101,23,2301,230123
230123101203,向前村村委会,230123101,23,2301,230123
230123101204,丰收村村委会,230123101,23,2301,230123
230123101205,红星村村委会,230123101,23,2301,230123
230123101206,合江村村委会,230123101,23,2301,230123
230123101207,共青村村委会,230123101,23,2301,230123
230123101208,光辉村村委会,230123101,23,2301,230123
230123101209,达连河村村委会,230123101,23,2301,230123
230123101210,河南村村委会,230123101,23,2301,230123
230123101501,红旗良种厂管理区,230123101,23,2301,230123
230123102200,江湾村村委会,230123102,23,2301,230123
230123102201,五家子村村委会,230123102,23,2301,230123
230123102202,土城子村村委会,230123102,23,2301,230123
230123102203,长江村村委会,230123102,23,2301,230123
230123102204,苏格村村委会,230123102,23,2301,230123
230123102205,同乐村村委会,230123102,23,2301,230123
230123102206,青山村村委会,230123102,23,2301,230123
230123102207,永发村村委会,230123102,23,2301,230123
230123102208,小河沿村村委会,230123102,23,2301,230123
230123102209,二道林子村村委会,230123102,23,2301,230123
230123102210,双红村村委会,230123102,23,2301,230123
230123102211,双发村村委会,230123102,23,2301,230123
230123102212,小北村村委会,230123102,23,2301,230123
230123102213,万发村村委会,230123102,23,2301,230123
230123102214,华东村村委会,230123102,23,2301,230123
230123102501,小北农场管理区,230123102,23,2301,230123
230123103200,振兴村村委会,230123103,23,2301,230123
230123103201,长岭子村村委会,230123103,23,2301,230123
230123103202,永平村村委会,230123103,23,2301,230123
230123103203,护林村村委会,230123103,23,2301,230123
230123103204,民政村村委会,230123103,23,2301,230123
230123103205,胜利村村委会,230123103,23,2301,230123
230123103206,宝山村村委会,230123103,23,2301,230123
230123103207,长太村村委会,230123103,23,2301,230123
230123103208,苇子沟村村委会,230123103,23,2301,230123
230123103209,北兴村村委会,230123103,23,2301,230123
230123103210,东河村村委会,230123103,23,2301,230123
230123103211,兴城村村委会,230123103,23,2301,230123
230123103212,三道岗村村委会,230123103,23,2301,230123
230123103213,前进村村委会,230123103,23,2301,230123
230123103214,电报村村委会,230123103,23,2301,230123
230123103215,久兴村村委会,230123103,23,2301,230123
230123103216,富强村村委会,230123103,23,2301,230123
230123103217,隆兴村村委会,230123103,23,2301,230123
230123103218,丰旺村村委会,230123103,23,2301,230123
230123103219,高产村村委会,230123103,23,2301,230123
230123104200,道台桥村村委会,230123104,23,2301,230123
230123104201,平原村村委会,230123104,23,2301,230123
230123104202,兴隆山村村委会,230123104,23,2301,230123
230123104203,东合发村村委会,230123104,23,2301,230123
230123104204,一心村村委会,230123104,23,2301,230123
230123104205,林家村村委会,230123104,23,2301,230123
230123104206,卡伦村村委会,230123104,23,2301,230123
230123104207,赵家村村委会,230123104,23,2301,230123
230123104208,头站村村委会,230123104,23,2301,230123
230123104209,周玉堂村村委会,230123104,23,2301,230123
230123104210,永丰村村委会,230123104,23,2301,230123
230123104211,富民村村委会,230123104,23,2301,230123
230123104212,北安村村委会,230123104,23,2301,230123
230123104213,爱国村村委会,230123104,23,2301,230123
230123104214,新民村村委会,230123104,23,2301,230123
230123104215,保田村村委会,230123104,23,2301,230123
230123104216,保安村村委会,230123104,23,2301,230123
230123104217,三安村村委会,230123104,23,2301,230123
230123104218,六合村村委会,230123104,23,2301,230123
230123104219,长胜村村委会,230123104,23,2301,230123
230123104220,繁荣村村委会,230123104,23,2301,230123
230123104221,联民村村委会,230123104,23,2301,230123
230123105200,宏克利村村委会,230123105,23,2301,230123
230123105201,三义村村委会,230123105,23,2301,230123
230123105202,祥顺村村委会,230123105,23,2301,230123
230123105203,宏伟村村委会,230123105,23,2301,230123
230123105204,杨家村村委会,230123105,23,2301,230123
230123105205,小洼丹村村委会,230123105,23,2301,230123
230123105206,大洼丹村村委会,230123105,23,2301,230123
230123105207,东跃村村委会,230123105,23,2301,230123
230123105208,羊角沟村村委会,230123105,23,2301,230123
230123105209,哈蜚村村委会,230123105,23,2301,230123
230123105210,哈山村村委会,230123105,23,2301,230123
230123105211,马鞍山村村委会,230123105,23,2301,230123
230123105212,珠山村村委会,230123105,23,2301,230123
230123200200,团山子村村委会,230123200,23,2301,230123
230123200201,红林村村委会,230123200,23,2301,230123
230123200202,全胜村村委会,230123200,23,2301,230123
230123200203,南赵村村委会,230123200,23,2301,230123
230123200204,富裕村村委会,230123200,23,2301,230123
230123200205,兴安村村委会,230123200,23,2301,230123
230123200206,农庄村村委会,230123200,23,2301,230123
230123200207,太平川村村委会,230123200,23,2301,230123
230123200208,前浪村村委会,230123200,23,2301,230123
230123200209,百兴村村委会,230123200,23,2301,230123
230123200210,共兴村村委会,230123200,23,2301,230123
230123200211,幸福村村委会,230123200,23,2301,230123
230123200212,演武基村村委会,230123200,23,2301,230123
230123200213,青春村村委会,230123200,23,2301,230123
230123200214,远大村村委会,230123200,23,2301,230123
230123200215,前程村村委会,230123200,23,2301,230123
230123200216,永合村村委会,230123200,23,2301,230123
230123200501,园艺农场管理区,230123200,23,2301,230123
230123201200,愚公村村委会,230123201,23,2301,230123
230123201201,锦山村村委会,230123201,23,2301,230123
230123201202,贵山村村委会,230123201,23,2301,230123
230123201203,永红村村委会,230123201,23,2301,230123
230123201204,西湖景村村委会,230123201,23,2301,230123
230123201205,东方村村委会,230123201,23,2301,230123
230123201206,先锋村村委会,230123201,23,2301,230123
230123201207,宝井村村委会,230123201,23,2301,230123
230123201208,涌泉村村委会,230123201,23,2301,230123
230123201209,四新村村委会,230123201,23,2301,230123
230123201210,新宏村村委会,230123201,23,2301,230123
230123201211,杨树村村委会,230123201,23,2301,230123
230123201212,永胜村村委会,230123201,23,2301,230123
230123201213,明星村村委会,230123201,23,2301,230123
230123201214,吉祥村村委会,230123201,23,2301,230123
230123202200,迎兰村村委会,230123202,23,2301,230123
230123202201,中原村村委会,230123202,23,2301,230123
230123202202,永兴村村委会,230123202,23,2301,230123
230123202203,红石村村委会,230123202,23,2301,230123
230123202204,烟筒山村村委会,230123202,23,2301,230123
230123202205,开发村村委会,230123202,23,2301,230123
230123202206,新林村村委会,230123202,23,2301,230123
230123202207,和平村村委会,230123202,23,2301,230123
230123202208,德裕村村委会,230123202,23,2301,230123
230123202209,德发村村委会,230123202,23,2301,230123
230123202210,集胜村村委会,230123202,23,2301,230123
230123202211,农丰村村委会,230123202,23,2301,230123
230123202212,舒乐村村委会,230123202,23,2301,230123
230123202213,宜昌村村委会,230123202,23,2301,230123
230123202214,永安村村委会,230123202,23,2301,230123
230123400500,四块石林场管理区,230123400,23,2301,230123
230123400501,对青山林场管理区,230123400,23,2301,230123
230123400502,二道河子林场管理区,230123400,23,2301,230123
230123400503,先锋林场管理区,230123400,23,2301,230123
230123400504,新丰林场管理区,230123400,23,2301,230123
230123400505,东锋林场管理区,230123400,23,2301,230123
230123400506,大顶子山林场管理区,230123400,23,2301,230123
230123400507,红旗林场管理区,230123400,23,2301,230123
230123400508,珠山林场管理区,230123400,23,2301,230123
230123400509,烟筒山林场管理区,230123400,23,2301,230123
230123400510,丹青河林场管理区,230123400,23,2301,230123
230123500402,依兰场直社区,230123500,23,2301,230123
230123500501,依兰农场图拉木河管理区,230123500,23,2301,230123
230123500502,依兰农场巴兰河管理区,230123500,23,2301,230123
230123501402,松花江场直社区,230123501,23,2301,230123
230123501501,松花江农场管理区,230123501,23,2301,230123
230124100003,东升社区居委会,230124100,23,2301,230124
230124100005,育才社区居委会,230124100,23,2301,230124
230124100008,民安社区居委会,230124100,23,2301,230124
230124100009,政通社区居委会,230124100,23,2301,230124
230124100010,兴商社区居委会,230124100,23,2301,230124
230124100011,兴农社区居委会,230124100,23,2301,230124
230124100012,仁和社区居委会,230124100,23,2301,230124
230124100013,兴工社区居委会,230124100,23,2301,230124
230124100014,物华社区居委会,230124100,23,2301,230124
230124100201,兴方村村委会,230124100,23,2301,230124
230124100202,城郊村村委会,230124100,23,2301,230124
230124100203,庆丰村村民委员会,230124100,23,2301,230124
230124100205,八名村村委会,230124100,23,2301,230124
230124100206,建国村村民委员会,230124100,23,2301,230124
230124101200,联滨村村委会,230124101,23,2301,230124
230124101201,刘店村村委会,230124101,23,2301,230124
230124101202,珠河村村委会,230124101,23,2301,230124
230124101203,永丰村村委会,230124101,23,2301,230124
230124101204,平原村村委会,230124101,23,2301,230124
230124101205,太平村村委会,230124101,23,2301,230124
230124101206,新发村村委会,230124101,23,2301,230124
230124101207,新华村村委会,230124101,23,2301,230124
230124101208,永胜村村委会,230124101,23,2301,230124
230124101209,腰屯村村委会,230124101,23,2301,230124
230124101210,爱国村村委会,230124101,23,2301,230124
230124101211,会发村村委会,230124101,23,2301,230124
230124101212,和平村村委会,230124101,23,2301,230124
230124101213,团结村村委会,230124101,23,2301,230124
230124102200,沙河子村村委会,230124102,23,2301,230124
230124102201,中兴村村委会,230124102,23,2301,230124
230124102202,大罗密村村委会,230124102,23,2301,230124
230124102203,兴隆村村委会,230124102,23,2301,230124
230124102204,红光村村委会,230124102,23,2301,230124
230124102205,青山村村委会,230124102,23,2301,230124
230124103200,伊汉通村村民委员会,230124103,23,2301,230124
230124103201,吉兴村村委会,230124103,23,2301,230124
230124103202,得莫利村民委员会,230124103,23,2301,230124
230124200200,六合村村委会,230124200,23,2301,230124
230124200201,新安村村委会,230124200,23,2301,230124
230124200202,哈山村村委会,230124200,23,2301,230124
230124200203,太平村村委会,230124200,23,2301,230124
230124200204,沿江村村委会,230124200,23,2301,230124
230124200205,庆华村村委会,230124200,23,2301,230124
230124200206,黑河口村村委会,230124200,23,2301,230124
230124200207,新兴村村委会,230124200,23,2301,230124
230124200208,利民村村委会,230124200,23,2301,230124
230124200209,中心村村委会,230124200,23,2301,230124
230124200210,四合村村委会,230124200,23,2301,230124
230124200211,天门村村委会,230124200,23,2301,230124
230124201200,向阳村村委会,230124201,23,2301,230124
230124201202,红星村村委会,230124201,23,2301,230124
230124201203,红旗村村委会,230124201,23,2301,230124
230124201204,白四村村委会,230124201,23,2301,230124
230124201205,丰产村村委会,230124201,23,2301,230124
230124201206,黎明村村委会,230124201,23,2301,230124
230124201207,东升村村委会,230124201,23,2301,230124
230124202200,丰玉村村委会,230124202,23,2301,230124
230124202201,莲花村村委会,230124202,23,2301,230124
230124202202,安乐村村委会,230124202,23,2301,230124
230124202203,新城村村委会,230124202,23,2301,230124
230124202204,正义村村委会,230124202,23,2301,230124
230124202205,德善村村委会,230124202,23,2301,230124
230124202206,双凤村村委会,230124202,23,2301,230124
230124202207,育林村村委会,230124202,23,2301,230124
230124202208,丰收村村委会,230124202,23,2301,230124
230124202209,富强村村委会,230124202,23,2301,230124
230124204200,新建村村委会,230124204,23,2301,230124
230124204201,永建村村委会,230124204,23,2301,230124
230124204202,长龙村村委会,230124204,23,2301,230124
230124204203,柞木村村委会,230124204,23,2301,230124
230124204204,永兴村村委会,230124204,23,2301,230124
230124204205,胜利村村委会,230124204,23,2301,230124
230124204206,幸福村村委会,230124204,23,2301,230124
230124204207,石家村村委会,230124204,23,2301,230124
230124204208,曙光村村委会,230124204,23,2301,230124
230124204209,新丰村村委会,230124204,23,2301,230124
230124400400,红旗社区,230124400,23,2301,230124
230124400401,胜利社区,230124400,23,2301,230124
230124400402,新立社区,230124400,23,2301,230124
230124400403,前进社区,230124400,23,2301,230124
230124400404,东风社区,230124400,23,2301,230124
230124400411,陈家亮子经营所社区,230124400,23,2301,230124
230124400412,吉岭经营所社区,230124400,23,2301,230124
230124400413,沙河子经营所社区,230124400,23,2301,230124
230124400414,红一森林资源管护站社区,230124400,23,2301,230124
230124400415,方正林业局小龙山森林管护站社区,230124400,23,2301,230124
230124400506,响河林场生活区,230124400,23,2301,230124
230124400507,星火林场生活区,230124400,23,2301,230124
230124400508,西沟林场生活区,230124400,23,2301,230124
230124400510,万宝山林场生活区,230124400,23,2301,230124
230124500402,沙河场直社区,230124500,23,2301,230124
230124500501,沙河农场管理区,230124500,23,2301,230124
230125100051,东风社区,230125100,23,2301,230125
230125100052,奋斗社区,230125100,23,2301,230125
230125100053,东方社区,230125100,23,2301,230125
230125100054,文化社区,230125100,23,2301,230125
230125100055,人和社区,230125100,23,2301,230125
230125100056,胜利社区,230125100,23,2301,230125
230125100057,南康社区,230125100,23,2301,230125
230125100058,中心社区,230125100,23,2301,230125
230125100059,西城社区,230125100,23,2301,230125
230125100060,红旗社区,230125100,23,2301,230125
230125100061,迎宾社区,230125100,23,2301,230125
230125100062,龙湖社区,230125100,23,2301,230125
230125100068,红星社区,230125100,23,2301,230125
230125100070,桃李社区,230125100,23,2301,230125
230125100072,平安社区,230125100,23,2301,230125
230125100200,新立村村委会,230125100,23,2301,230125
230125100201,和顺村村委会,230125100,23,2301,230125
230125100202,宝泉村村委会,230125100,23,2301,230125
230125100203,务本村村委会,230125100,23,2301,230125
230125100204,大同村村委会,230125100,23,2301,230125
230125100205,务勤村村委会,230125100,23,2301,230125
230125100206,南阳村村委会,230125100,23,2301,230125
230125100207,二龙山村村委会,230125100,23,2301,230125
230125100208,四季青村村委会,230125100,23,2301,230125
230125100209,宣阳村村委会,230125100,23,2301,230125
230125100210,英杰村村委会,230125100,23,2301,230125
230125100211,友联村村委会,230125100,23,2301,230125
230125100212,永乐村村委会,230125100,23,2301,230125
230125100213,合兴村村委会,230125100,23,2301,230125
230125101200,吉祥村村委会,230125101,23,2301,230125
230125101201,东兴村村委会,230125101,23,2301,230125
230125101202,悦来村村委会,230125101,23,2301,230125
230125101203,东升村村委会,230125101,23,2301,230125
230125101204,福合村村委会,230125101,23,2301,230125
230125101205,三合村村委会,230125101,23,2301,230125
230125101206,居仁村村委会,230125101,23,2301,230125
230125101207,太康村村委会,230125101,23,2301,230125
230125102001,太平社区,230125102,23,2301,230125
230125102002,学府社区,230125102,23,2301,230125
230125102003,新城社区,230125102,23,2301,230125
230125102004,兴宾社区,230125102,23,2301,230125
230125102010,新村社区,230125102,23,2301,230125
230125102200,西川村村委会,230125102,23,2301,230125
230125102201,瑞丰村村委会,230125102,23,2301,230125
230125102202,长青村村委会,230125102,23,2301,230125
230125102203,朝阳村村委会,230125102,23,2301,230125
230125102204,新福村村委会,230125102,23,2301,230125
230125102205,裕民村村委会,230125102,23,2301,230125
230125103200,糖坊村村委会,230125103,23,2301,230125
230125103201,宾川村村委会,230125103,23,2301,230125
230125103202,胜利村村委会,230125103,23,2301,230125
230125103203,山头村村委会,230125103,23,2301,230125
230125103204,新华村村委会,230125103,23,2301,230125
230125103205,临江村村委会,230125103,23,2301,230125
230125103206,永胜村村委会,230125103,23,2301,230125
230125103207,正阳村村委会,230125103,23,2301,230125
230125103208,太平村村委会,230125103,23,2301,230125
230125103209,文川村村委会,230125103,23,2301,230125
230125103210,永吉村村委会,230125103,23,2301,230125
230125104200,宾安村村委会,230125104,23,2301,230125
230125104201,永久村村委会,230125104,23,2301,230125
230125104202,民有村村委会,230125104,23,2301,230125
230125104203,永兴村村委会,230125104,23,2301,230125
230125104204,太阳村村委会,230125104,23,2301,230125
230125104205,致富村村委会,230125104,23,2301,230125
230125104206,新民村村委会,230125104,23,2301,230125
230125104207,旭光村村委会,230125104,23,2301,230125
230125104208,立新村村委会,230125104,23,2301,230125
230125105200,新阳村村委会,230125105,23,2301,230125
230125105201,三阳村村委会,230125105,23,2301,230125
230125105202,玉泉村村委会,230125105,23,2301,230125
230125105203,前进村村委会,230125105,23,2301,230125
230125105204,仁和村村委会,230125105,23,2301,230125
230125106008,利民社区,230125106,23,2301,230125
230125106200,万春村村委会,230125106,23,2301,230125
230125106201,四合村村委会,230125106,23,2301,230125
230125106202,民丰村村委会,230125106,23,2301,230125
230125106203,红旗村村委会,230125106,23,2301,230125
230125106204,民安村村委会,230125106,23,2301,230125
230125106205,先锋村村委会,230125106,23,2301,230125
230125106206,永发村村委会,230125106,23,2301,230125
230125106207,山后村村委会,230125106,23,2301,230125
230125106208,前进村村委会,230125106,23,2301,230125
230125107006,朝阳社区,230125107,23,2301,230125
230125107200,宁远村村委会,230125107,23,2301,230125
230125107201,宁西村村委会,230125107,23,2301,230125
230125107202,爱国村村委会,230125107,23,2301,230125
230125107203,永丰村村委会,230125107,23,2301,230125
230125107204,中阳村村委会,230125107,23,2301,230125
230125107205,民杰村村委会,230125107,23,2301,230125
230125107206,明礼村村委会,230125107,23,2301,230125
230125107207,双峰村村委会,230125107,23,2301,230125
230125107208,洪山村村委会,230125107,23,2301,230125
230125107209,太兴村村委会,230125107,23,2301,230125
230125107210,青河村村委会,230125107,23,2301,230125
230125107211,青阳村村委会,230125107,23,2301,230125
230125107212,张发村村委会,230125107,23,2301,230125
230125109200,摆渡村村委会,230125109,23,2301,230125
230125109201,梨树村村委会,230125109,23,2301,230125
230125109202,宏飞村村委会,230125109,23,2301,230125
230125109203,丽泉村村委会,230125109,23,2301,230125
230125109204,东平村村委会,230125109,23,2301,230125
230125110200,石洞村村委会,230125110,23,2301,230125
230125110201,平坊村村委会,230125110,23,2301,230125
230125110202,益阳村村委会,230125110,23,2301,230125
230125110203,新发村村委会,230125110,23,2301,230125
230125110204,共和村村委会,230125110,23,2301,230125
230125111200,满井村村委会,230125111,23,2301,230125
230125111201,永宁村村委会,230125111,23,2301,230125
230125111202,德平村村委会,230125111,23,2301,230125
230125111203,西桥村村委会,230125111,23,2301,230125
230125111204,新城村村委会,230125111,23,2301,230125
230125111205,尚义村村委会,230125111,23,2301,230125
230125111206,双华村村委会,230125111,23,2301,230125
230125111207,千合村村委会,230125111,23,2301,230125
230125111208,安乐村村委会,230125111,23,2301,230125
230125111209,江南村村委会,230125111,23,2301,230125
230125112200,长兴村村委会,230125112,23,2301,230125
230125112201,光恩村村委会,230125112,23,2301,230125
230125112202,安山村村委会,230125112,23,2301,230125
230125112203,常安村村委会,230125112,23,2301,230125
230125112204,大兴村村委会,230125112,23,2301,230125
230125112205,长岭村村委会,230125112,23,2301,230125
230125112206,营口村村委会,230125112,23,2301,230125
230125112207,双榆村村委会,230125112,23,2301,230125
230125112208,宾阳村村委会,230125112,23,2301,230125
230125112209,永增村村委会,230125112,23,2301,230125
230125201200,永和村村委会,230125201,23,2301,230125
230125201201,联华村村委会,230125201,23,2301,230125
230125201202,西华村村委会,230125201,23,2301,230125
230125201203,利富村村委会,230125201,23,2301,230125
230125201204,北兴村村委会,230125201,23,2301,230125
230125203200,九庆村村委会,230125203,23,2301,230125
230125203201,大川村村委会,230125203,23,2301,230125
230125203202,乐陵村村委会,230125203,23,2301,230125
230125203203,万发村村委会,230125203,23,2301,230125
230125203204,平安村村委会,230125203,23,2301,230125
230125203205,同乐村村委会,230125203,23,2301,230125
230125203206,永年村村委会,230125203,23,2301,230125
230125203207,久太村村委会,230125203,23,2301,230125
230125203208,广丰村村委会,230125203,23,2301,230125
230125204200,红光村村委会,230125204,23,2301,230125
230125204201,华英村村委会,230125204,23,2301,230125
230125204202,太和村村委会,230125204,23,2301,230125
230125204203,启新村村委会,230125204,23,2301,230125
230125204204,立千村村委会,230125204,23,2301,230125
230125204205,勤劳村村委会,230125204,23,2301,230125
230125204206,明山村村委会,230125204,23,2301,230125
230125205200,头道村村委会,230125205,23,2301,230125
230125205201,二道村村委会,230125205,23,2301,230125
230125205202,三道村村委会,230125205,23,2301,230125
230125205203,经建村村委会,230125205,23,2301,230125
230125205204,民利村村委会,230125205,23,2301,230125
230125205205,常和村村委会,230125205,23,2301,230125
230125205206,广兴村村委会,230125205,23,2301,230125
230125205207,永利村村委会,230125205,23,2301,230125
230125205208,楝树村村委会,230125205,23,2301,230125
230125210200,三岔村村委会,230125210,23,2301,230125
230125210201,民生村村委会,230125210,23,2301,230125
230125210202,宝丰村村委会,230125210,23,2301,230125
230125210203,民祥村村委会,230125210,23,2301,230125
230125210204,幸福村村委会,230125210,23,2301,230125
230125210205,元宝村村委会,230125210,23,2301,230125
230125210206,宝山村村委会,230125210,23,2301,230125
230125210207,大泉子村村委会,230125210,23,2301,230125
230126100019,太平社区居民委员会,230126100,23,2301,230126
230126100020,吉庆社区居民委员会,230126100,23,2301,230126
230126100021,复生社区居民委员会,230126100,23,2301,230126
230126100022,兴胜社区居民委员会,230126100,23,2301,230126
230126100023,德化社区居民委员会,230126100,23,2301,230126
230126100024,兆麟社区居民委员会,230126100,23,2301,230126
230126100200,福民村村委会,230126100,23,2301,230126
230126100201,吉庆村村委会,230126100,23,2301,230126
230126100202,红星村村委会,230126100,23,2301,230126
230126100203,宗和村村委会,230126100,23,2301,230126
230126100204,前进村村委会,230126100,23,2301,230126
230126100205,天德村村委会,230126100,23,2301,230126
230126100206,金河村村委会,230126100,23,2301,230126
230126101011,铁西社区居民委员会,230126101,23,2301,230126
230126101012,得权社区居民委员会,230126101,23,2301,230126
230126101013,振兴社区居民委员会,230126101,23,2301,230126
230126101014,繁荣社区居民委员会,230126101,23,2301,230126
230126101015,文化社区居民委员会,230126101,23,2301,230126
230126101200,庆隆村村委会,230126101,23,2301,230126
230126101201,福合村村委会,230126101,23,2301,230126
230126101202,兴乐村村委会,230126101,23,2301,230126
230126101203,民权村村委会,230126101,23,2301,230126
230126101204,建华村村委会,230126101,23,2301,230126
230126101205,民主村村委会,230126101,23,2301,230126
230126101206,隆青村村委会,230126101,23,2301,230126
230126101207,中兴村村委会,230126101,23,2301,230126
230126102005,光复社区居民委员会,230126102,23,2301,230126
230126102006,永安社区居民委员会,230126102,23,2301,230126
230126102200,常兴村村委会,230126102,23,2301,230126
230126102201,兴旺村村委会,230126102,23,2301,230126
230126102202,春发村村委会,230126102,23,2301,230126
230126102203,荣誉村村委会,230126102,23,2301,230126
230126102204,繁荣村村委会,230126102,23,2301,230126
230126102205,共同村村委会,230126102,23,2301,230126
230126103200,长发村村委会,230126103,23,2301,230126
230126103201,增收村村委会,230126103,23,2301,230126
230126103202,兴繁村村委会,230126103,23,2301,230126
230126103203,双山村村委会,230126103,23,2301,230126
230126103204,长山村村委会,230126103,23,2301,230126
230126103205,庆丰村村委会,230126103,23,2301,230126
230126103206,清瑞村村委会,230126103,23,2301,230126
230126103207,高丽寨村村委会,230126103,23,2301,230126
230126104003,龙兴社区居民委员会,230126104,23,2301,230126
230126104200,龙泉村村委会,230126104,23,2301,230126
230126104201,平泉村村委会,230126104,23,2301,230126
230126104202,仁河村村委会,230126104,23,2301,230126
230126104203,长安村村委会,230126104,23,2301,230126
230126104204,福乡村村委会,230126104,23,2301,230126
230126105003,新港社区居民委员会,230126105,23,2301,230126
230126105200,五星村村委会,230126105,23,2301,230126
230126105201,金星满族村村委会,230126105,23,2301,230126
230126105202,太安满族村村委会,230126105,23,2301,230126
230126105203,沿江村村委会,230126105,23,2301,230126
230126106200,德安村村委会,230126106,23,2301,230126
230126106201,双兴村村委会,230126106,23,2301,230126
230126106202,和平村村委会,230126106,23,2301,230126
230126106203,得利村村委会,230126106,23,2301,230126
230126106204,彦龙村村委会,230126106,23,2301,230126
230126106205,为民村村委会,230126106,23,2301,230126
230126106206,冬青村村委会,230126106,23,2301,230126
230126106207,向阳村村委会,230126106,23,2301,230126
230126107200,同胜村村委会,230126107,23,2301,230126
230126107201,太兴村村委会,230126107,23,2301,230126
230126107202,泥河村村委会,230126107,23,2301,230126
230126107203,宏胜村村委会,230126107,23,2301,230126
230126107204,兴北村村委会,230126107,23,2301,230126
230126107205,胜利村村委会,230126107,23,2301,230126
230126108200,天均村村委会,230126108,23,2301,230126
230126108201,庆胜村村委会,230126108,23,2301,230126
230126108202,古山村村委会,230126108,23,2301,230126
230126108203,福兴村村委会,230126108,23,2301,230126
230126108204,耕丰村村委会,230126108,23,2301,230126
230126108205,宝龙村村委会,230126108,23,2301,230126
230126108206,立平村村委会,230126108,23,2301,230126
230126108207,立功村村委会,230126108,23,2301,230126
230126108208,爱民村村委会,230126108,23,2301,230126
230126110200,增产村村委会,230126110,23,2301,230126
230126110201,富山村村委会,230126110,23,2301,230126
230126110202,明山村村委会,230126110,23,2301,230126
230126110203,东胜村村委会,230126110,23,2301,230126
230126110204,民乐村村委会,230126110,23,2301,230126
230126110205,胜山村村委会,230126110,23,2301,230126
230126200200,江北村村委会,230126200,23,2301,230126
230126200201,振兴村村委会,230126200,23,2301,230126
230126200202,五一村村委会,230126200,23,2301,230126
230126200203,五四村村委会,230126200,23,2301,230126
230126200204,永常村村委会,230126200,23,2301,230126
230126200205,民胜村村委会,230126200,23,2301,230126
230126202200,振发村村委会,230126202,23,2301,230126
230126202201,新合村村委会,230126202,23,2301,230126
230126202202,五岳村村委会,230126202,23,2301,230126
230126202203,前程村村委会,230126202,23,2301,230126
230126204200,新生村村委会,230126204,23,2301,230126
230126204201,少陵村村委会,230126204,23,2301,230126
230126204202,满井村村委会,230126204,23,2301,230126
230126204203,联明村村委会,230126204,23,2301,230126
230126204204,通达村村委会,230126204,23,2301,230126
230126204205,平原村村委会,230126204,23,2301,230126
230126205200,春生村村委会,230126205,23,2301,230126
230126205201,康庄村村委会,230126205,23,2301,230126
230126205202,永进村村委会,230126205,23,2301,230126
230126205203,新立村村委会,230126205,23,2301,230126
230126205204,平庄村村委会,230126205,23,2301,230126
230126205205,永乐村村委会,230126205,23,2301,230126
230126205206,富强村村委会,230126205,23,2301,230126
230126205207,丰富村村委会,230126205,23,2301,230126
230126209200,丰胜村村委会,230126209,23,2301,230126
230126209201,战果村村委会,230126209,23,2301,230126
230126209202,春荣村村委会,230126209,23,2301,230126
230126209203,春秋村村委会,230126209,23,2301,230126
230126209204,新胜村村委会,230126209,23,2301,230126
230126209205,太平村村委会,230126209,23,2301,230126
230126209206,巨贤村村委会,230126209,23,2301,230126
230126209207,宽城村村委会,230126209,23,2301,230126
230126210200,建成村村委会,230126210,23,2301,230126
230126210201,丰裕村村委会,230126210,23,2301,230126
230126210202,洪广村村委会,230126210,23,2301,230126
230126210203,建新村村委会,230126210,23,2301,230126
230126210204,先锋村村委会,230126210,23,2301,230126
230126210205,丰农村村委会,230126210,23,2301,230126
230126210206,新富村村委会,230126210,23,2301,230126
230126210207,榆树村村委会,230126210,23,2301,230126
230126212200,平阳村村委会,230126212,23,2301,230126
230126212201,靠林村村委会,230126212,23,2301,230126
230126212202,跃进村村委会,230126212,23,2301,230126
230126212203,胜北村村委会,230126212,23,2301,230126
230126212204,双林村村委会,230126212,23,2301,230126
230126214200,荣兴村村委会,230126214,23,2301,230126
230126214201,镇东村村委会,230126214,23,2301,230126
230126214202,振生村村委会,230126214,23,2301,230126
230126214203,兴利村村委会,230126214,23,2301,230126
230126400001,利民社区,230126400,23,2301,230126
230126400002,安民社区,230126400,23,2301,230126
230126400003,富民社区,230126400,23,2301,230126
230126401498,工业园区虚拟社区,230126401,23,2301,230126
230127100001,奋斗社区居委会,230127100,23,2301,230127
230127100002,民主社区居委会,230127100,23,2301,230127
230127100003,跃进社区居委会,230127100,23,2301,230127
230127100004,人民社区居委会,230127100,23,2301,230127
230127100005,建设社区居委会,230127100,23,2301,230127
230127100006,生产社区居委会,230127100,23,2301,230127
230127100007,富民社区居委会,230127100,23,2301,230127
230127100200,镇西村村委会,230127100,23,2301,230127
230127100201,联丰村村委会,230127100,23,2301,230127
230127100202,进辉村村委会,230127100,23,2301,230127
230127100203,临城村村委会,230127100,23,2301,230127
230127100204,龙丰村村委会,230127100,23,2301,230127
230127100205,华兴村村委会,230127100,23,2301,230127
230127100206,松江村村委会,230127100,23,2301,230127
230127100207,西亚村村委会,230127100,23,2301,230127
230127100208,东安村村委会,230127100,23,2301,230127
230127101001,东南街道办事处居委会,230127101,23,2301,230127
230127101002,东北街道办事处居委会,230127101,23,2301,230127
230127101003,西南街道办事处居委会,230127101,23,2301,230127
230127101004,西北街道办事处居委会,230127101,23,2301,230127
230127101200,西南村村委会,230127101,23,2301,230127
230127101201,东南村村委会,230127101,23,2301,230127
230127101202,东光村村委会,230127101,23,2301,230127
230127101203,回民村村委会,230127101,23,2301,230127
230127101204,东平村村委会,230127101,23,2301,230127
230127101205,满天村村委会,230127101,23,2301,230127
230127101206,东合村村委会,230127101,23,2301,230127
230127101207,七屯村村委会,230127101,23,2301,230127
230127101208,西北河村村委会,230127101,23,2301,230127
230127101209,满华村村委会,230127101,23,2301,230127
230127101210,五一村村委会,230127101,23,2301,230127
230127101213,东北村村委会,230127101,23,2301,230127
230127101214,东联村村委会,230127101,23,2301,230127
230127102001,兴华街道办事处居委会,230127102,23,2301,230127
230127102002,新荣街道办事处居委会,230127102,23,2301,230127
230127102200,宏大村村委会,230127102,23,2301,230127
230127102201,红星村村委会,230127102,23,2301,230127
230127102202,民胜村村委会,230127102,23,2301,230127
230127102203,北新村村委会,230127102,23,2301,230127
230127102204,向前村村委会,230127102,23,2301,230127
230127102205,团结村村委会,230127102,23,2301,230127
230127102206,富裕村村委会,230127102,23,2301,230127
230127102207,荣兴村村委会,230127102,23,2301,230127
230127102208,太平村村委会,230127102,23,2301,230127
230127102209,光辉村村委会,230127102,23,2301,230127
230127102210,龙泉村村委会,230127102,23,2301,230127
230127102211,富兴村村委会,230127102,23,2301,230127
230127103200,利中村村委会,230127103,23,2301,230127
230127103201,三良村村委会,230127103,23,2301,230127
230127103202,利民村村委会,230127103,23,2301,230127
230127103203,利鲜村村委会,230127103,23,2301,230127
230127103204,丹东村村委会,230127103,23,2301,230127
230127103205,三胜村村委会,230127103,23,2301,230127
230127103206,利北村村委会,230127103,23,2301,230127
230127104001,柳河街道办事处居委会,230127104,23,2301,230127
230127104200,柳河村村委会,230127104,23,2301,230127
230127104201,三义村村委会,230127104,23,2301,230127
230127104202,临江村村委会,230127104,23,2301,230127
230127104203,文雅村村委会,230127104,23,2301,230127
230127104204,三合村村委会,230127104,23,2301,230127
230127104205,三星村村委会,230127104,23,2301,230127
230127104206,复兴村村委会,230127104,23,2301,230127
230127104207,兴山村村委会,230127104,23,2301,230127
230127104208,永利村村委会,230127104,23,2301,230127
230127104209,石河村村委会,230127104,23,2301,230127
230127104210,共兴村村委会,230127104,23,2301,230127
230127104211,烧锅窝子村村委会,230127104,23,2301,230127
230127105200,新民村村委会,230127105,23,2301,230127
230127105201,新华村村委会,230127105,23,2301,230127
230127105202,华山村村委会,230127105,23,2301,230127
230127105203,吉祥村村委会,230127105,23,2301,230127
230127105204,太平村村委会,230127105,23,2301,230127
230127105205,新北村村委会,230127105,23,2301,230127
230127105206,新鲜村村委会,230127105,23,2301,230127
230127105207,新富村村委会,230127105,23,2301,230127
230127105208,新胜村村委会,230127105,23,2301,230127
230127105209,新兴村村委会,230127105,23,2301,230127
230127105210,新安村村委会,230127105,23,2301,230127
230127105211,新合村村委会,230127105,23,2301,230127
230127105212,新丰村村委会,230127105,23,2301,230127
230127200200,建国村村委会,230127200,23,2301,230127
230127200201,福合村村委会,230127200,23,2301,230127
230127200202,建发村村委会,230127200,23,2301,230127
230127200203,广信村村委会,230127200,23,2301,230127
230127200204,胜利村村委会,230127200,23,2301,230127
230127200205,红鲜村村委会,230127200,23,2301,230127
230127200206,利勤村村委会,230127200,23,2301,230127
230127200207,和平村村委会,230127200,23,2301,230127
230127200208,新生村村委会,230127200,23,2301,230127
230127200209,东山村村委会,230127200,23,2301,230127
230127203200,吉兴村村委会,230127203,23,2301,230127
230127203201,红升村村委会,230127203,23,2301,230127
230127203202,建新村村委会,230127203,23,2301,230127
230127203203,红旗村村委会,230127203,23,2301,230127
230127203204,火炬村村委会,230127203,23,2301,230127
230127203205,永胜村村委会,230127203,23,2301,230127
230127203206,晓光村村委会,230127203,23,2301,230127
230127203207,福兴村村委会,230127203,23,2301,230127
230127203208,五棵树村村委会,230127203,23,2301,230127
230127203209,红丰村村委会,230127203,23,2301,230127
230127400500,公路管理处生活区,230127400,23,2301,230127
230127400501,汽运处生活区,230127400,23,2301,230127
230127400502,新民林场生活区,230127400,23,2301,230127
230127400503,二合营林场生活区,230127400,23,2301,230127
230127400504,元宝山森林经营所生活区,230127400,23,2301,230127
230127400505,水泉子森林经营所生活区,230127400,23,2301,230127
230127400506,白杨木林场生活区,230127400,23,2301,230127
230127400507,沙河子林场生活区,230127400,23,2301,230127
230128100001,长安社区居委会,230128100,23,2301,230128
230128100006,向阳社区居委会,230128100,23,2301,230128
230128100010,富强社区居委会,230128100,23,2301,230128
230128100015,前进社区居委会,230128100,23,2301,230128
230128100021,东兴社区居委会,230128100,23,2301,230128
230128100026,新建社区居委会,230128100,23,2301,230128
230128100027,阳光社区居委会,230128100,23,2301,230128
230128100200,城东村委会,230128100,23,2301,230128
230128100201,火炬村委会,230128100,23,2301,230128
230128100202,城西村委会,230128100,23,2301,230128
230128100203,新安村委会,230128100,23,2301,230128
230128100204,中兴村委会,230128100,23,2301,230128
230128100205,桦树村委会,230128100,23,2301,230128
230128100206,金河村委会,230128100,23,2301,230128
230128100207,大兴村委会,230128100,23,2301,230128
230128100208,建设村委会,230128100,23,2301,230128
230128100209,永河村委会,230128100,23,2301,230128
230128100500,太平岗良种场生活区,230128100,23,2301,230128
230128101001,第一居委会,230128101,23,2301,230128
230128101002,第二居委会,230128101,23,2301,230128
230128101003,第三居委会,230128101,23,2301,230128
230128101200,乌鸦泡村委会,230128101,23,2301,230128
230128101201,依山村委会,230128101,23,2301,230128
230128101202,柞树村委会,230128101,23,2301,230128
230128101203,联合村委会,230128101,23,2301,230128
230128101204,五四村委会,230128101,23,2301,230128
230128102001,森源社区居委会,230128102,23,2301,230128
230128102002,中心社区居委会,230128102,23,2301,230128
230128102003,旭升社区居委会,230128102,23,2301,230128
230128102200,清河村委会,230128102,23,2301,230128
230128102201,漂河村委会,230128102,23,2301,230128
230128102202,新兴村委会,230128102,23,2301,230128
230128102203,大古洞村委会,230128102,23,2301,230128
230128102204,小古洞村委会,230128102,23,2301,230128
230128102205,山河村委会,230128102,23,2301,230128
230128102206,新建村委会,230128102,23,2301,230128
230128102207,二道河村委会,230128102,23,2301,230128
230128102208,西北河村委会,230128102,23,2301,230128
230128102209,靠山村委会,230128102,23,2301,230128
230128103001,浓河居委会,230128103,23,2301,230128
230128103200,浓河村委会,230128103,23,2301,230128
230128103201,新胜村委会,230128103,23,2301,230128
230128103202,富强村委会,230128103,23,2301,230128
230128103203,民权村委会,230128103,23,2301,230128
230128103204,东风村委会,230128103,23,2301,230128
230128103205,东胜村委会,230128103,23,2301,230128
230128103206,自然村委会,230128103,23,2301,230128
230128103207,团结村委会,230128103,23,2301,230128
230128103208,水田村委会,230128103,23,2301,230128
230128103209,洪太村委会,230128103,23,2301,230128
230128103210,西胜村委会,230128103,23,2301,230128
230128103211,西乐村委会,230128103,23,2301,230128
230128103212,解放村委会,230128103,23,2301,230128
230128103500,洪太林场生活区,230128103,23,2301,230128
230128104001,和平居委会,230128104,23,2301,230128
230128104200,凤山村委会,230128104,23,2301,230128
230128104201,凤阳村委会,230128104,23,2301,230128
230128104202,船口村委会,230128104,23,2301,230128
230128104203,和平村委会,230128104,23,2301,230128
230128104204,清茶村委会,230128104,23,2301,230128
230128104205,蚂螂河村委会,230128104,23,2301,230128
230128104206,四马村委会,230128104,23,2301,230128
230128104207,宏兴村委会,230128104,23,2301,230128
230128104208,福山村委会,230128104,23,2301,230128
230128104209,青山村委会,230128104,23,2301,230128
230128104500,龙口林场生活区,230128104,23,2301,230128
230128105001,祥顺居委会,230128105,23,2301,230128
230128105200,祥顺村委会,230128105,23,2301,230128
230128105201,新丰村委会,230128105,23,2301,230128
230128105202,永乐村委会,230128105,23,2301,230128
230128105203,向阳村委会,230128105,23,2301,230128
230128105204,兴隆村委会,230128105,23,2301,230128
230128105205,四方泡村委会,230128105,23,2301,230128
230128105206,太平山村委会,230128105,23,2301,230128
230128105207,魏玺村委会,230128105,23,2301,230128
230128105208,大林子村委会,230128105,23,2301,230128
230128105209,西六方村委会,230128105,23,2301,230128
230128105210,南六方村委会,230128105,23,2301,230128
230128105211,东六方村委会,230128105,23,2301,230128
230128105212,新乡村委会,230128105,23,2301,230128
230128105500,良种场生活区,230128105,23,2301,230128
230128105501,种畜场生活区,230128105,23,2301,230128
230128106001,富林居委会,230128106,23,2301,230128
230128106200,富乡村委会,230128106,23,2301,230128
230128106201,永胜村委会,230128106,23,2301,230128
230128106202,临江村委会,230128106,23,2301,230128
230128106203,民生村委会,230128106,23,2301,230128
230128106204,红旗村委会,230128106,23,2301,230128
230128106205,德兴村委会,230128106,23,2301,230128
230128106206,岔林村委会,230128106,23,2301,230128
230128106207,林胜村委会,230128106,23,2301,230128
230128106208,保安村委会,230128106,23,2301,230128
230128106209,三宝村委会,230128106,23,2301,230128
230128106210,双河村委会,230128106,23,2301,230128
230128106211,长兴村委会,230128106,23,2301,230128
230128106500,铧子山林场生活区,230128106,23,2301,230128
230128106501,红旗种畜场生活区,230128106,23,2301,230128
230128107001,三站居委会,230128107,23,2301,230128
230128107200,一村委会,230128107,23,2301,230128
230128107201,二村委会,230128107,23,2301,230128
230128107202,三村委会,230128107,23,2301,230128
230128107203,四村村委会,230128107,23,2301,230128
230128107204,老站村委会,230128107,23,2301,230128
230128107205,兴凤山村委会,230128107,23,2301,230128
230128107206,洪胜村委会,230128107,23,2301,230128
230128107207,建兴村委会,230128107,23,2301,230128
230128107208,三合村委会,230128107,23,2301,230128
230128107500,乌拉浑林场生活区,230128107,23,2301,230128
230128107501,水产养殖场生活区,230128107,23,2301,230128
230128400500,西北河管委会生活区,230128400,23,2301,230128
230128400501,横山林业站生活区,230128400,23,2301,230128
230128400502,茂林林业站生活区,230128400,23,2301,230128
230128400503,小古洞管委会生活区,230128400,23,2301,230128
230128400504,东辉林业站生活区,230128400,23,2301,230128
230128400505,大古洞管委会生活区,230128400,23,2301,230128
230128400506,五七农场管委会生活区,230128400,23,2301,230128
230128401500,六道河子林场生活区,230128401,23,2301,230128
230128401501,蚂螂河森林经营所生活区,230128401,23,2301,230128
230128401502,富乡林场生活区,230128401,23,2301,230128
230128401503,和平林场生活区,230128401,23,2301,230128
230128401504,小东林场生活区,230128401,23,2301,230128
230128401505,曙光森林经营所生活区,230128401,23,2301,230128
230128401506,民主森林经营所生活区,230128401,23,2301,230128
230128401507,凤山林场生活区,230128401,23,2301,230128
230128401508,东方林场生活区,230128401,23,2301,230128
230128401509,白石林场生活区,230128401,23,2301,230128
230128401510,太平森林经营所生活区,230128401,23,2301,230128
230128401511,青峰林场生活区,230128401,23,2301,230128
230128401512,四屯林场生活区,230128401,23,2301,230128
230128401513,浓河林场生活区,230128401,23,2301,230128
230128500402,岔林河场直社区,230128500,23,2301,230128
230128500501,岔林河农场管理区,230128500,23,2301,230128
230129100001,第一居委会,230129100,23,2301,230129
230129100002,第二居委会,230129100,23,2301,230129
230129100003,第三居委会,230129100,23,2301,230129
230129100004,第四居居委会,230129100,23,2301,230129
230129100005,第五居委会,230129100,23,2301,230129
230129100006,第六居委会,230129100,23,2301,230129
230129100007,第七居委会,230129100,23,2301,230129
230129100008,第八居委会,230129100,23,2301,230129
230129100009,第九居委会,230129100,23,2301,230129
230129100010,第十居委会,230129100,23,2301,230129
230129100011,第十一居委会,230129100,23,2301,230129
230129100012,第十二居委会,230129100,23,2301,230129
230129100013,第十三居委会,230129100,23,2301,230129
230129100014,第十四居委会,230129100,23,2301,230129
230129100015,第十五居委会,230129100,23,2301,230129
230129100016,第十六居委会,230129100,23,2301,230129
230129100017,第十七居委会,230129100,23,2301,230129
230129100018,第十八居委会,230129100,23,2301,230129
230129100019,第十九居委会,230129100,23,2301,230129
230129100020,第二十居委会,230129100,23,2301,230129
230129100021,第二十一居委会,230129100,23,2301,230129
230129100022,第二十二居委会,230129100,23,2301,230129
230129100023,第二十三居委会,230129100,23,2301,230129
230129100024,第二十四居委会,230129100,23,2301,230129
230129100025,第二十五居委会,230129100,23,2301,230129
230129100026,第二十六居委会,230129100,23,2301,230129
230129100027,第二十七居委会,230129100,23,2301,230129
230129100028,第二十八居委会,230129100,23,2301,230129
230129100029,第二十九居委会,230129100,23,2301,230129
230129100030,第三十居委会,230129100,23,2301,230129
230129100200,城郊村村委会,230129100,23,2301,230129
230129100201,城东村村委会,230129100,23,2301,230129
230129100202,城南村村委会,230129100,23,2301,230129
230129100203,同安村村委会,230129100,23,2301,230129
230129100204,双金村村委会,230129100,23,2301,230129
230129100205,兴让村村委会,230129100,23,2301,230129
230129100206,长发村村委会,230129100,23,2301,230129
230129100207,玉山村村委会,230129100,23,2301,230129
230129100208,金河村村委会,230129100,23,2301,230129
230129100209,黑山村村委会,230129100,23,2301,230129
230129100210,班石村村委会,230129100,23,2301,230129
230129100211,洪福村村委会,230129100,23,2301,230129
230129100212,永安村村委会,230129100,23,2301,230129
230129100213,新友村村委会,230129100,23,2301,230129
230129100214,洪山村村委会,230129100,23,2301,230129
230129100215,红旗村村委会,230129100,23,2301,230129
230129101200,六团村村委会,230129101,23,2301,230129
230129101201,凌河村村委会,230129101,23,2301,230129
230129101202,永兴村村委会,230129101,23,2301,230129
230129101203,团结村村委会,230129101,23,2301,230129
230129101204,和平村村委会,230129101,23,2301,230129
230129101205,新合村村委会,230129101,23,2301,230129
230129101206,双龙村村委会,230129101,23,2301,230129
230129101207,奎兴村村委会,230129101,23,2301,230129
230129101208,桃山村村委会,230129101,23,2301,230129
230129101209,兴胜村村委会,230129101,23,2301,230129
230129101210,东安村村委会,230129101,23,2301,230129
230129101211,双安村村委会,230129101,23,2301,230129
230129101212,延新村村委会,230129101,23,2301,230129
230129101213,太安村村委会,230129101,23,2301,230129
230129101214,富源村村委会,230129101,23,2301,230129
230129102200,中和村村委会,230129102,23,2301,230129
230129102201,先锋村村委会,230129102,23,2301,230129
230129102202,万江村村委会,230129102,23,2301,230129
230129102203,胜利村村委会,230129102,23,2301,230129
230129102204,崇和村村委会,230129102,23,2301,230129
230129102205,富荣村村委会,230129102,23,2301,230129
230129103200,加信村村委会,230129103,23,2301,230129
230129103201,长富村村委会,230129103,23,2301,230129
230129103202,同德村村委会,230129103,23,2301,230129
230129103203,富民村村委会,230129103,23,2301,230129
230129103204,民主村村委会,230129103,23,2301,230129
230129103205,新建村村委会,230129103,23,2301,230129
230129103206,金凤村村委会,230129103,23,2301,230129
230129103207,福安村村委会,230129103,23,2301,230129
230129103208,太和村村委会,230129103,23,2301,230129
230129104200,延河村村委会,230129104,23,2301,230129
230129104201,横山村村委会,230129104,23,2301,230129
230129104202,福山村村委会,230129104,23,2301,230129
230129104203,顺兴村村委会,230129104,23,2301,230129
230129104204,东明村村委会,230129104,23,2301,230129
230129104205,平安村村委会,230129104,23,2301,230129
230129104206,盘龙村村委会,230129104,23,2301,230129
230129104207,兴安村村委会,230129104,23,2301,230129
230129104208,永胜村村委会,230129104,23,2301,230129
230129104209,团山村村委会,230129104,23,2301,230129
230129104210,万宝村村委会,230129104,23,2301,230129
230129104211,新发村村委会,230129104,23,2301,230129
230129104212,南村村委会,230129104,23,2301,230129
230129104213,新华村村委会,230129104,23,2301,230129
230129104214,新生村村委会,230129104,23,2301,230129
230129104215,新兴村村委会,230129104,23,2301,230129
230129104216,星光村村委会,230129104,23,2301,230129
230129105200,玉河村村委会,230129105,23,2301,230129
230129105201,新城村村委会,230129105,23,2301,230129
230129105202,火星村村委会,230129105,23,2301,230129
230129105203,黄玉村村委会,230129105,23,2301,230129
230129105204,合心村村委会,230129105,23,2301,230129
230129105205,文化村村委会,230129105,23,2301,230129
230129105206,延明村村委会,230129105,23,2301,230129
230129105207,朝奉村村委会,230129105,23,2301,230129
230129105208,东光村村委会,230129105,23,2301,230129
230129105209,福利村村委会,230129105,23,2301,230129
230129105210,长胜村村委会,230129105,23,2301,230129
230129105211,延兴村村委会,230129105,23,2301,230129
230129105212,中胜村村委会,230129105,23,2301,230129
230129105213,长安村村委会,230129105,23,2301,230129
230129105214,延中村村委会,230129105,23,2301,230129
230129204200,安山村村委会,230129204,23,2301,230129
230129204201,适中村村委会,230129204,23,2301,230129
230129204202,腰排村村委会,230129204,23,2301,230129
230129204203,兴山村村委会,230129204,23,2301,230129
230129204204,金平村村委会,230129204,23,2301,230129
230129204205,兴福村村委会,230129204,23,2301,230129
230129204206,富星村村委会,230129204,23,2301,230129
230129204207,华炉村村委会,230129204,23,2301,230129
230129204208,集贤村村委会,230129204,23,2301,230129
230129204209,双合村村委会,230129204,23,2301,230129
230129204210,光明村村委会,230129204,23,2301,230129
230129204211,四合村村委会,230129204,23,2301,230129
230129205200,寿山村村委会,230129205,23,2301,230129
230129205201,长志村村委会,230129205,23,2301,230129
230129205202,宝山村村委会,230129205,23,2301,230129
230129205203,双星村村委会,230129205,23,2301,230129
230129205204,三星村村委会,230129205,23,2301,230129
230129205205,双志村村委会,230129205,23,2301,230129
230129209200,石城村村委会,230129209,23,2301,230129
230129209201,河福村村委会,230129209,23,2301,230129
230129209202,兴隆村村委会,230129209,23,2301,230129
230129209203,新胜村村委会,230129209,23,2301,230129
230129209204,百合村村委会,230129209,23,2301,230129
230129209205,北宁村村委会,230129209,23,2301,230129
230129209206,北顺村村委会,230129209,23,2301,230129
230129209207,北安村村委会,230129209,23,2301,230129
230129209208,新民村村委会,230129209,23,2301,230129
230129209209,共和村村委会,230129209,23,2301,230129
230129400598,太平川种畜场虚拟生活区,230129400,23,2301,230129
230129500402,庆阳场直社区,230129500,23,2301,230129
230129500501,庆阳农场管理区,230129500,23,2301,230129
230183100055,笃信社区居委会,230183100,23,2301,230183
230183100056,纺织社区居委会,230183100,23,2301,230183
230183100057,兴盛社区居委会,230183100,23,2301,230183
230183100058,民族社区居委会,230183100,23,2301,230183
230183100059,红星社区居委会,230183100,23,2301,230183
230183100060,康安社区居委会,230183100,23,2301,230183
230183100061,胜利社区居委会,230183100,23,2301,230183
230183100062,站前社区居委会,230183100,23,2301,230183
230183100063,爱民社区居委会,230183100,23,2301,230183
230183100064,新建社区居委会,230183100,23,2301,230183
230183100065,腾飞社区居委会,230183100,23,2301,230183
230183100200,红旗村村委会,230183100,23,2301,230183
230183100201,红光村村委会,230183100,23,2301,230183
230183100202,胜利村村委会,230183100,23,2301,230183
230183100203,城西村村委会,230183100,23,2301,230183
230183100204,向阳村村委会,230183100,23,2301,230183
230183100205,南平村村委会,230183100,23,2301,230183
230183100206,红房子村村委会,230183100,23,2301,230183
230183100207,东安村村委会,230183100,23,2301,230183
230183101016,镇中社区居委会,230183101,23,2301,230183
230183101017,长安社区居委会,230183101,23,2301,230183
230183101018,铁北社区居委会,230183101,23,2301,230183
230183101200,镇中村村委会,230183101,23,2301,230183
230183101201,民乐村村委会,230183101,23,2301,230183
230183101202,长营村村委会,230183101,23,2301,230183
230183101203,治安村村委会,230183101,23,2301,230183
230183101204,镇北村村委会,230183101,23,2301,230183
230183101205,三阳村村委会,230183101,23,2301,230183
230183101206,万山村村委会,230183101,23,2301,230183
230183101207,环山村村委会,230183101,23,2301,230183
230183101208,九江村村委会,230183101,23,2301,230183
230183101209,胜安村村委会,230183101,23,2301,230183
230183101210,月星村村委会,230183101,23,2301,230183
230183102010,尚志社区居委会,230183102,23,2301,230183
230183102011,民主社区居委会,230183102,23,2301,230183
230183102012,兆林社区居委会,230183102,23,2301,230183
230183102200,兆林村村委会,230183102,23,2301,230183
230183102201,有利村村委会,230183102,23,2301,230183
230183102202,尚志村村委会,230183102,23,2301,230183
230183102203,铁西村村委会,230183102,23,2301,230183
230183102204,青云村村委会,230183102,23,2301,230183
230183102205,周家营子村村委会,230183102,23,2301,230183
230183102206,镇东村村委会,230183102,23,2301,230183
230183102207,景州村村委会,230183102,23,2301,230183
230183102208,化一村村委会,230183102,23,2301,230183
230183102209,虎山村村委会,230183102,23,2301,230183
230183102210,合顺村村委会,230183102,23,2301,230183
230183102211,新建村村委会,230183102,23,2301,230183
230183102212,志成村村委会,230183102,23,2301,230183
230183103011,民主社区居委会,230183103,23,2301,230183
230183103012,兴业社区居委会,230183103,23,2301,230183
230183103013,前进社区居委会,230183103,23,2301,230183
230183103200,尚礼村村委会,230183103,23,2301,230183
230183103201,东兴村村委会,230183103,23,2301,230183
230183103202,大青山村村委会,230183103,23,2301,230183
230183103203,国光村村委会,230183103,23,2301,230183
230183103204,兴业村村委会,230183103,23,2301,230183
230183103205,民主村村委会,230183103,23,2301,230183
230183103206,合心村村委会,230183103,23,2301,230183
230183103207,光辉村村委会,230183103,23,2301,230183
230183103208,永丰村村委会,230183103,23,2301,230183
230183103209,新华村村委会,230183103,23,2301,230183
230183104001,安民社区居委会,230183104,23,2301,230183
230183104002,镇北社区居委会,230183104,23,2301,230183
230183104200,大同村村委会,230183104,23,2301,230183
230183104201,三联村村委会,230183104,23,2301,230183
230183104202,孟家村村委会,230183104,23,2301,230183
230183104203,大房子村村委会,230183104,23,2301,230183
230183104204,元宝顶子村村委会,230183104,23,2301,230183
230183104205,富民村村委会,230183104,23,2301,230183
230183104206,红布村村委会,230183104,23,2301,230183
230183104207,仁和村村委会,230183104,23,2301,230183
230183104208,蜜蜂村村委会,230183104,23,2301,230183
230183104209,庆喜村村委会,230183104,23,2301,230183
230183104210,喜店村村委会,230183104,23,2301,230183
230183105200,解放村村委会,230183105,23,2301,230183
230183105201,东兴村村委会,230183105,23,2301,230183
230183105202,立业村村委会,230183105,23,2301,230183
230183105203,平安村村委会,230183105,23,2301,230183
230183105204,福山村村委会,230183105,23,2301,230183
230183105205,山河村村委会,230183105,23,2301,230183
230183105206,森林村村委会,230183105,23,2301,230183
230183105207,凤山村村委会,230183105,23,2301,230183
230183105208,九里村村委会,230183105,23,2301,230183
230183106200,庆阳村村委会,230183106,23,2301,230183
230183106201,庆北村村委会,230183106,23,2301,230183
230183106202,青龙村村委会,230183106,23,2301,230183
230183106203,白江泡村村委会,230183106,23,2301,230183
230183106204,平阳村村委会,230183106,23,2301,230183
230183106205,水南村村委会,230183106,23,2301,230183
230183106206,香磨村村委会,230183106,23,2301,230183
230183106207,驿马河村村委会,230183106,23,2301,230183
230183106208,楼山村村委会,230183106,23,2301,230183
230183107200,宝山村村委会,230183107,23,2301,230183
230183107201,宝石村村委会,230183107,23,2301,230183
230183107202,燎原村村委会,230183107,23,2301,230183
230183107203,克茂村村委会,230183107,23,2301,230183
230183107204,景甫村村委会,230183107,23,2301,230183
230183107205,庆丰村村委会,230183107,23,2301,230183
230183108200,杨树村村委会,230183108,23,2301,230183
230183108201,东风村村委会,230183108,23,2301,230183
230183108202,杨家店村村委会,230183108,23,2301,230183
230183108203,新发村村委会,230183108,23,2301,230183
230183108204,向前进村村委会,230183108,23,2301,230183
230183108205,民仁村村委会,230183108,23,2301,230183
230183108206,裕民村村委会,230183108,23,2301,230183
230183108207,二龙山村村委会,230183108,23,2301,230183
230183108208,忠信村村委会,230183108,23,2301,230183
230183108209,元宝村村委会,230183108,23,2301,230183
230183108210,钢铁村村委会,230183108,23,2301,230183
230183108211,安乐村村委会,230183108,23,2301,230183
230183109200,龙宫村村委会,230183109,23,2301,230183
230183109201,马才村村委会,230183109,23,2301,230183
230183109202,黎明村村委会,230183109,23,2301,230183
230183109203,幸福村村委会,230183109,23,2301,230183
230183109204,得好村村委会,230183109,23,2301,230183
230183109205,建国村村委会,230183109,23,2301,230183
230183109206,吉兴村村委会,230183109,23,2301,230183
230183109207,红旗村村委会,230183109,23,2301,230183
230183109208,金辉村村委会,230183109,23,2301,230183
230183109209,永久村村委会,230183109,23,2301,230183
230183109210,王家馆子村村委会,230183109,23,2301,230183
230183109211,兴胜村村委会,230183109,23,2301,230183
230183202200,长寿村村委会,230183202,23,2301,230183
230183202201,成功村村委会,230183202,23,2301,230183
230183202202,永安村村委会,230183202,23,2301,230183
230183202203,牛心村村委会,230183202,23,2301,230183
230183202204,永庆村村委会,230183202,23,2301,230183
230183202205,河北村村委会,230183202,23,2301,230183
230183202206,万发村村委会,230183202,23,2301,230183
230183202207,三胜村村委会,230183202,23,2301,230183
230183202208,国庆村村委会,230183202,23,2301,230183
230183202209,四胜村村委会,230183202,23,2301,230183
230183202210,会桐村村委会,230183202,23,2301,230183
230183202211,一曼村村委会,230183202,23,2301,230183
230183202212,鲜光村村委会,230183202,23,2301,230183
230183204200,太来村村委会,230183204,23,2301,230183
230183204201,政新村村委会,230183204,23,2301,230183
230183204202,明德村村委会,230183204,23,2301,230183
230183204203,铃兰村村委会,230183204,23,2301,230183
230183204204,和平村村委会,230183204,23,2301,230183
230183204205,三股流村村委会,230183204,23,2301,230183
230183204206,九北村村委会,230183204,23,2301,230183
230183204207,张家湾村村委会,230183204,23,2301,230183
230183204208,红联村村委会,230183204,23,2301,230183
230183204209,五保村村委会,230183204,23,2301,230183
230183204210,朝阳村村委会,230183204,23,2301,230183
230183206200,鱼池村村委会,230183206,23,2301,230183
230183206201,筒子沟村村委会,230183206,23,2301,230183
230183206202,开道村村委会,230183206,23,2301,230183
230183206203,兴安村村委会,230183206,23,2301,230183
230183206204,昌平村村委会,230183206,23,2301,230183
230183206205,新兴村村委会,230183206,23,2301,230183
230183206206,锦河村村委会,230183206,23,2301,230183
230183207200,珍珠村村委会,230183207,23,2301,230183
230183207201,三合村村委会,230183207,23,2301,230183
230183207202,新安村村委会,230183207,23,2301,230183
230183207203,冲河村村委会,230183207,23,2301,230183
230183207204,保安村村委会,230183207,23,2301,230183
230183207205,榆林村村委会,230183207,23,2301,230183
230183208200,基丰村村委会,230183208,23,2301,230183
230183208201,福丰村村委会,230183208,23,2301,230183
230183208202,联丰村村委会,230183208,23,2301,230183
230183208203,青川村村委会,230183208,23,2301,230183
230183208204,新胜村村委会,230183208,23,2301,230183
230183208205,太平沟村村委会,230183208,23,2301,230183
230183208206,金山村村委会,230183208,23,2301,230183
230183208207,龙王庙村村委会,230183208,23,2301,230183
230183209200,马延村村委会,230183209,23,2301,230183
230183209201,红升村村委会,230183209,23,2301,230183
230183209202,荣安村村委会,230183209,23,2301,230183
230183209203,沙沟子村村委会,230183209,23,2301,230183
230183209204,长安村村委会,230183209,23,2301,230183
230183209205,抚安村村委会,230183209,23,2301,230183
230183209206,太和村村委会,230183209,23,2301,230183
230183209208,贵乡村村委会,230183209,23,2301,230183
230183209209,东兴村村委会,230183209,23,2301,230183
230183211200,太阳村村委会,230183211,23,2301,230183
230183211201,大星村村委会,230183211,23,2301,230183
230183211202,长发村村委会,230183211,23,2301,230183
230183211203,北莲河村村委会,230183211,23,2301,230183
230183211204,北兴村村委会,230183211,23,2301,230183
230183211205,南兴村村委会,230183211,23,2301,230183
230183211206,惠民村村委会,230183211,23,2301,230183
230183211208,长胜村村委会,230183211,23,2301,230183
230183400001,第一居委会,230183400,23,2301,230183
230183400002,第二居委会,230183400,23,2301,230183
230183400003,第三居委会,230183400,23,2301,230183
230183400004,第四居委会,230183400,23,2301,230183
230183400005,第五居委会,230183400,23,2301,230183
230183400006,第六居委会,230183400,23,2301,230183
230183400007,第七居委会,230183400,23,2301,230183
230183400008,第八居委会,230183400,23,2301,230183
230183400009,第九居委会,230183400,23,2301,230183
230183400010,第十居委会,230183400,23,2301,230183
230183400011,第十一居委会,230183400,23,2301,230183
230183400012,第十二居委会,230183400,23,2301,230183
230183400500,柳山经营林场生活区,230183400,23,2301,230183
230183400501,榆林经营林场生活区,230183400,23,2301,230183
230183400502,冲河经营林场生活区,230183400,23,2301,230183
230183400503,东风经营林场生活区,230183400,23,2301,230183
230183400504,平林经营林场生活区,230183400,23,2301,230183
230183400505,西平经营林场生活区,230183400,23,2301,230183
230183400506,兴安经营林场生活区,230183400,23,2301,230183
230183400507,新兴经营林场生活区,230183400,23,2301,230183
230183400508,万山经营林场生活区,230183400,23,2301,230183
230183400509,青山经营林场生活区,230183400,23,2301,230183
230183401001,第一居委会,230183401,23,2301,230183
230183401002,第二居委会,230183401,23,2301,230183
230183401003,第三居委会,230183401,23,2301,230183
230183401004,第四居委会,230183401,23,2301,230183
230183401005,第五居委会,230183401,23,2301,230183
230183401006,第六居委会,230183401,23,2301,230183
230183401007,第七居委会,230183401,23,2301,230183
230183401008,第八居委会,230183401,23,2301,230183
230183401009,第九居委会,230183401,23,2301,230183
230183401407,鱼池经营所社区,230183401,23,2301,230183
230183401408,石头河子经营所社区,230183401,23,2301,230183
230183401409,亮河经营所社区,230183401,23,2301,230183
230183401410,青龙经营所社区,230183401,23,2301,230183
230183401411,红星经营所社区,230183401,23,2301,230183
230183401412,胜利经营所社区,230183401,23,2301,230183
230183401413,庆阳经营所社区,230183401,23,2301,230183
230183401417,青云经营所社区,230183401,23,2301,230183
230183401500,红旗林场生活区,230183401,23,2301,230183
230183401503,华山林场生活区,230183401,23,2301,230183
230183401504,跃进林场生活区,230183401,23,2301,230183
230183401506,宝山林场生活区,230183401,23,2301,230183
230183401514,虎峰实验林场生活区,230183401,23,2301,230183
230183401515,中和林场生活区,230183401,23,2301,230183
230183401516,双和林场生活区,230183401,23,2301,230183
230183402498,哈尔滨市政府亚布力滑雪度假区管理委员会虚拟社区,230183402,23,2301,230183
230184100063,诚信区第一社区居民委员会,230184100,23,2301,230184
230184100064,诚信区第二社区居民委员会,230184100,23,2301,230184
230184100065,循礼区第一社区居民委员会,230184100,23,2301,230184
230184100066,循礼区第二社区居民委员会,230184100,23,2301,230184
230184100067,尚义区第一社区居民委员会,230184100,23,2301,230184
230184100068,尚义区第二社区居民委员会,230184100,23,2301,230184
230184100069,启智区第一社区居民委员会,230184100,23,2301,230184
230184100070,启智区第二社区居民委员会,230184100,23,2301,230184
230184100071,崇仁区第一社区居民委员会,230184100,23,2301,230184
230184100072,崇仁区第二社区居民委员会,230184100,23,2301,230184
230184100200,莲花村村委会,230184100,23,2301,230184
230184100201,万宝山村村委会,230184100,23,2301,230184
230184100202,桦树村村委会,230184100,23,2301,230184
230184100203,镇西村村委会,230184100,23,2301,230184
230184100204,西郊村村委会,230184100,23,2301,230184
230184100205,杏花村村委会,230184100,23,2301,230184
230184100206,金山村村委会,230184100,23,2301,230184
230184100207,新兴村村委会,230184100,23,2301,230184
230184100208,远景村村委会,230184100,23,2301,230184
230184100209,五常镇太平桥村,230184100,23,2301,230184
230184101015,解放社区居民委员会,230184101,23,2301,230184
230184101016,民主社区居民委员会,230184101,23,2301,230184
230184101017,铁路社区居民委员会,230184101,23,2301,230184
230184101018,胜利社区居民委员会,230184101,23,2301,230184
230184101019,北土社区居民委员会,230184101,23,2301,230184
230184101200,南老营村村委会,230184101,23,2301,230184
230184101201,东门村村委会,230184101,23,2301,230184
230184101202,镇北村村委会,230184101,23,2301,230184
230184101203,西黄旗村村委会,230184101,23,2301,230184
230184101204,北土村村委会,230184101,23,2301,230184
230184101205,双桥村村委会,230184101,23,2301,230184
230184101206,后红村村委会,230184101,23,2301,230184
230184101207,石人村村委会,230184101,23,2301,230184
230184101208,大沟村村委会,230184101,23,2301,230184
230184101209,正黄村村委会,230184101,23,2301,230184
230184101210,韩乡村村委会,230184101,23,2301,230184
230184101211,太平村村委会,230184101,23,2301,230184
230184101212,民丰村村委会,230184101,23,2301,230184
230184102031,东南社区居民委员会,230184102,23,2301,230184
230184102032,东北社区居民委员会,230184102,23,2301,230184
230184102033,站前社区居民委员会,230184102,23,2301,230184
230184102034,铁路社区居民委员会,230184102,23,2301,230184
230184102035,共和社区居民委员会,230184102,23,2301,230184
230184102036,双兴社区居民委员会,230184102,23,2301,230184
230184102200,东铁村村委会,230184102,23,2301,230184
230184102201,兴旺村村委会,230184102,23,2301,230184
230184102202,永胜村村委会,230184102,23,2301,230184
230184102203,共和村村委会,230184102,23,2301,230184
230184102204,山河村村委会,230184102,23,2301,230184
230184102205,太平川村村委会,230184102,23,2301,230184
230184102206,平安村村委会,230184102,23,2301,230184
230184102207,付船口村村委会,230184102,23,2301,230184
230184102208,爱路村村委会,230184102,23,2301,230184
230184102209,福安村村委会,230184102,23,2301,230184
230184102210,万宝村村委会,230184102,23,2301,230184
230184102211,长胜村村委会,230184102,23,2301,230184
230184102212,太平山村村委会,230184102,23,2301,230184
230184103200,胜丰村村委会,230184103,23,2301,230184
230184103201,胜远村村委会,230184103,23,2301,230184
230184103202,环山村村委会,230184103,23,2301,230184
230184103203,双元村村委会,230184103,23,2301,230184
230184103204,双兴村村委会,230184103,23,2301,230184
230184103205,国庆村村委会,230184103,23,2301,230184
230184103206,双利村村委会,230184103,23,2301,230184
230184103207,双山村村委会,230184103,23,2301,230184
230184103208,胜利村村委会,230184103,23,2301,230184
230184103209,八一村村委会,230184103,23,2301,230184
230184104201,房身岗村村委会,230184104,23,2301,230184
230184104202,灯塔村村委会,230184104,23,2301,230184
230184104203,铁西村村委会,230184104,23,2301,230184
230184104204,河东村村委会,230184104,23,2301,230184
230184104205,双跃村村委会,230184104,23,2301,230184
230184104206,民主村村委会,230184104,23,2301,230184
230184104207,双喜村村委会,230184104,23,2301,230184
230184104208,安家村村委会,230184104,23,2301,230184
230184104209,东升村村委会,230184104,23,2301,230184
230184104210,兴业村村委会,230184104,23,2301,230184
230184105200,二屯村村委会,230184105,23,2301,230184
230184105201,镶黄旗村村委会,230184105,23,2301,230184
230184105202,刘乡村村委会,230184105,23,2301,230184
230184105203,政新村村委会,230184105,23,2301,230184
230184105204,牛家村村委会,230184105,23,2301,230184
230184105205,新友村村委会,230184105,23,2301,230184
230184105206,石羊村村委会,230184105,23,2301,230184
230184105207,兴山村村委会,230184105,23,2301,230184
230184105208,兴福村村委会,230184105,23,2301,230184
230184105209,兴富村村委会,230184105,23,2301,230184
230184105210,政朴村村委会,230184105,23,2301,230184
230184105211,政富村村委会,230184105,23,2301,230184
230184105212,厢白村村委会,230184105,23,2301,230184
230184105213,民旗村村委会,230184105,23,2301,230184
230184105214,新甸村村委会,230184105,23,2301,230184
230184106200,杜家村村委会,230184106,23,2301,230184
230184106201,半截河村村委会,230184106,23,2301,230184
230184106202,长兴村村委会,230184106,23,2301,230184
230184106203,曙光村村委会,230184106,23,2301,230184
230184106204,开发村村委会,230184106,23,2301,230184
230184106205,复兴村村委会,230184106,23,2301,230184
230184106206,七一村村委会,230184106,23,2301,230184
230184106207,四方地村村委会,230184106,23,2301,230184
230184106208,先锋村村委会,230184106,23,2301,230184
230184106209,幸福村村委会,230184106,23,2301,230184
230184106210,永联村村委会,230184106,23,2301,230184
230184106211,郑兴村村委会,230184106,23,2301,230184
230184107200,关家村村委会,230184107,23,2301,230184
230184107201,富有村村委会,230184107,23,2301,230184
230184107202,背荫河村村委会,230184107,23,2301,230184
230184107203,兰旗村村委会,230184107,23,2301,230184
230184107204,赵戏村村委会,230184107,23,2301,230184
230184107205,郑家村村委会,230184107,23,2301,230184
230184107206,大合村村委会,230184107,23,2301,230184
230184108200,旭日村村委会,230184108,23,2301,230184
230184108201,新旗村村委会,230184108,23,2301,230184
230184108202,四平村村委会,230184108,23,2301,230184
230184108203,兴国村村委会,230184108,23,2301,230184
230184108204,小黑河村村委会,230184108,23,2301,230184
230184108205,五里四村村委会,230184108,23,2301,230184
230184108206,鹿青山村村委会,230184108,23,2301,230184
230184108207,丰源村村委会,230184108,23,2301,230184
230184108208,冲河村村委会,230184108,23,2301,230184
230184108209,永丰村村委会,230184108,23,2301,230184
230184108210,苇沙河村村委会,230184108,23,2301,230184
230184109200,福太村村委会,230184109,23,2301,230184
230184109201,三人班村村委会,230184109,23,2301,230184
230184109202,大柜村村委会,230184109,23,2301,230184
230184109203,磨盘山村村委会,230184109,23,2301,230184
230184109204,石头河村村委会,230184109,23,2301,230184
230184109205,沙河子村村委会,230184109,23,2301,230184
230184109206,东沙河子村村委会,230184109,23,2301,230184
230184109207,北沙河子村村委会,230184109,23,2301,230184
230184109208,蛤拉河子村村委会,230184109,23,2301,230184
230184109209,柳树河子村村委会,230184109,23,2301,230184
230184109210,老黑顶子村村委会,230184109,23,2301,230184
230184109211,双龙村村委会,230184109,23,2301,230184
230184109212,历母山村村委会,230184109,23,2301,230184
230184110200,建国村村委会,230184110,23,2301,230184
230184110201,群富村村委会,230184110,23,2301,230184
230184110202,致富村村委会,230184110,23,2301,230184
230184110203,三好村村委会,230184110,23,2301,230184
230184110204,三中村村委会,230184110,23,2301,230184
230184110205,中原村村委会,230184110,23,2301,230184
230184110206,九三村村委会,230184110,23,2301,230184
230184110207,齐船口村村委会,230184110,23,2301,230184
230184110208,爱国村村委会,230184110,23,2301,230184
230184110209,五家桥村村委会,230184110,23,2301,230184
230184110210,永明村村委会,230184110,23,2301,230184
230184110211,保山村村委会,230184110,23,2301,230184
230184110212,新屯村村委会,230184110,23,2301,230184
230184110213,永兴村村委会,230184110,23,2301,230184
230184110214,东新立村村委会,230184110,23,2301,230184
230184110215,电力村村委会,230184110,23,2301,230184
230184110216,金界沟村村委会,230184110,23,2301,230184
230184111200,乐园村村委会,230184111,23,2301,230184
230184111201,胜源村村委会,230184111,23,2301,230184
230184111202,王家炉村村委会,230184111,23,2301,230184
230184111203,学田村村委会,230184111,23,2301,230184
230184111204,兴元村村委会,230184111,23,2301,230184
230184111205,常卜村村委会,230184111,23,2301,230184
230184111206,北星村村委会,230184111,23,2301,230184
230184111207,民利村村委会,230184111,23,2301,230184
230184111208,石庙村村委会,230184111,23,2301,230184
230184111209,劳动村村委会,230184111,23,2301,230184
230184111210,辉煌村村委会,230184111,23,2301,230184
230184111211,新华村村委会,230184111,23,2301,230184
230184111212,东兴村村委会,230184111,23,2301,230184
230184111213,光辉村村委会,230184111,23,2301,230184
230184111214,兰彩桥村村委会,230184111,23,2301,230184
230184111215,岗里村村委会,230184111,23,2301,230184
230184111216,七寸河村村委会,230184111,23,2301,230184
230184111217,东局子村村委会,230184111,23,2301,230184
230184200200,九莲村村委会,230184200,23,2301,230184
230184200201,兴盛村村委会,230184200,23,2301,230184
230184200202,郎家村村委会,230184200,23,2301,230184
230184200203,辛家村村委会,230184200,23,2301,230184
230184200204,团山村村委会,230184200,23,2301,230184
230184200205,红星村村委会,230184200,23,2301,230184
230184200206,腰贡村村委会,230184200,23,2301,230184
230184200207,五道岗村村委会,230184200,23,2301,230184
230184201200,群力村村委会,230184201,23,2301,230184
230184201201,群兴村村委会,230184201,23,2301,230184
230184201202,志强村村委会,230184201,23,2301,230184
230184201203,五星村村委会,230184201,23,2301,230184
230184201204,双丰村村委会,230184201,23,2301,230184
230184201205,民和村村委会,230184201,23,2301,230184
230184201206,东兴旺村村委会,230184201,23,2301,230184
230184201207,拥政村村委会,230184201,23,2301,230184
230184201208,长富村村委会,230184201,23,2301,230184
230184202200,卫国村村委会,230184202,23,2301,230184
230184202201,友好村村委会,230184202,23,2301,230184
230184202202,长安村村委会,230184202,23,2301,230184
230184202203,西安村村委会,230184202,23,2301,230184
230184202204,兴水村村委会,230184202,23,2301,230184
230184202205,保家村村委会,230184202,23,2301,230184
230184203200,常堡村村委会,230184203,23,2301,230184
230184203201,周家岗村村委会,230184203,23,2301,230184
230184203202,中华村村委会,230184203,23,2301,230184
230184203203,福兴村村委会,230184203,23,2301,230184
230184203204,兴利村村委会,230184203,23,2301,230184
230184203205,廿十家村村委会,230184203,23,2301,230184
230184203206,南岗村村委会,230184203,23,2301,230184
230184206200,九合村村委会,230184206,23,2301,230184
230184206201,前进村村委会,230184206,23,2301,230184
230184206202,勇进村村委会,230184206,23,2301,230184
230184206203,中发村村委会,230184206,23,2301,230184
230184206204,褚家村村委会,230184206,23,2301,230184
230184206205,黎明村村委会,230184206,23,2301,230184
230184206206,草庙村村委会,230184206,23,2301,230184
230184206207,明华村村委会,230184206,23,2301,230184
230184209200,东龙村村委会,230184209,23,2301,230184
230184209201,多欢村村委会,230184209,23,2301,230184
230184209202,前红村村委会,230184209,23,2301,230184
230184209203,前兰村村委会,230184209,23,2301,230184
230184209204,后兰村村委会,230184209,23,2301,230184
230184209205,东林村村委会,230184209,23,2301,230184
230184209206,新立村村委会,230184209,23,2301,230184
230184209207,东胜村村委会,230184209,23,2301,230184
230184209208,前大村村委会,230184209,23,2301,230184
230184209209,东阳村村委会,230184209,23,2301,230184
230184209210,东城村村委会,230184209,23,2301,230184
230184209211,东利村村委会,230184209,23,2301,230184
230184210200,八家子村村委会,230184210,23,2301,230184
230184210201,岳家村村委会,230184210,23,2301,230184
230184210202,靠山村村委会,230184210,23,2301,230184
230184210203,黑牛村村委会,230184210,23,2301,230184
230184210204,马鹿村村委会,230184210,23,2301,230184
230184210205,六家子村村委会,230184210,23,2301,230184
230184210206,富家村村委会,230184210,23,2301,230184
230184210207,张大村村委会,230184210,23,2301,230184
230184210208,大房子村村委会,230184210,23,2301,230184
230184210209,康家炉村村委会,230184210,23,2301,230184
230184210210,大亚屯村村委会,230184210,23,2301,230184
230184210211,东兴村村委会,230184210,23,2301,230184
230184210212,东盛村村委会,230184210,23,2301,230184
230184211200,富胜村村委会,230184211,23,2301,230184
230184211201,民乐村村委会,230184211,23,2301,230184
230184211202,红光村村委会,230184211,23,2301,230184
230184211203,双义村村委会,230184211,23,2301,230184
230184211204,新乐村村委会,230184211,23,2301,230184
230184211205,振兴村村委会,230184211,23,2301,230184
230184212200,南土村村委会,230184212,23,2301,230184
230184212201,靠河村村委会,230184212,23,2301,230184
230184212202,古榆村村委会,230184212,23,2301,230184
230184212203,计家村村委会,230184212,23,2301,230184
230184212204,新光村村委会,230184212,23,2301,230184
230184212205,营城子村村委会,230184212,23,2301,230184
230184212206,红旗村村委会,230184212,23,2301,230184
230184214200,六七家村村委会,230184214,23,2301,230184
230184214201,水泉村村委会,230184214,23,2301,230184
230184214202,长山村村委会,230184214,23,2301,230184
230184214203,金桥村村委会,230184214,23,2301,230184
230184214204,青松村村委会,230184214,23,2301,230184
230184214205,长兴村村委会,230184214,23,2301,230184
230184214206,前程村村委会,230184214,23,2301,230184
230184214207,七星村村委会,230184214,23,2301,230184
230184214208,大树村村委会,230184214,23,2301,230184
230184214209,农兴村村委会,230184214,23,2301,230184
230184214210,和平村村委会,230184214,23,2301,230184
230184214211,大兴村村委会,230184214,23,2301,230184
230184214212,日发村村委会,230184214,23,2301,230184
230184214213,爱民村村委会,230184214,23,2301,230184
230184214214,双寿村村委会,230184214,23,2301,230184
230184215200,兴隆村村委会,230184215,23,2301,230184
230184215201,新兴村村委会,230184215,23,2301,230184
230184215202,大沟村村委会,230184215,23,2301,230184
230184215203,二道村村委会,230184215,23,2301,230184
230184215204,大房村村委会,230184215,23,2301,230184
230184215205,民兴村村委会,230184215,23,2301,230184
230184215206,红兰旗村村委会,230184215,23,2301,230184
230184215207,永发村村委会,230184215,23,2301,230184
230184215208,古城村村委会,230184215,23,2301,230184
230184215209,新五村村委会,230184215,23,2301,230184
230184215210,梨树村村委会,230184215,23,2301,230184
230184215211,马鞍山村村委会,230184215,23,2301,230184
230184215212,兴立村村委会,230184215,23,2301,230184
230184216200,新庄村村委会,230184216,23,2301,230184
230184216201,裕民村村委会,230184216,23,2301,230184
230184216202,庆丰村村委会,230184216,23,2301,230184
230184216203,二河村村委会,230184216,23,2301,230184
230184216204,双河村村委会,230184216,23,2301,230184
230184216205,三河村村委会,230184216,23,2301,230184
230184216206,四河村村委会,230184216,23,2301,230184
230184400412,白石砬经营所社区,230184400,23,2301,230184
230184400414,长征经营所社区,230184400,23,2301,230184
230184400415,凤凰山经营所社区,230184400,23,2301,230184
230184400417,铁山经营所社区,230184400,23,2301,230184
230184400420,大河身经营所社区,230184400,23,2301,230184
230184400422,胜利经营所社区,230184400,23,2301,230184
230184400423,旭日经营所社区,230184400,23,2301,230184
230184400425,磨盘山经营所社区,230184400,23,2301,230184
230184400428,龙康社区,230184400,23,2301,230184
230184400430,龙兴社区,230184400,23,2301,230184
230184400431,龙南社区,230184400,23,2301,230184
230184400432,龙山社区,230184400,23,2301,230184
230184400433,龙凤社区,230184400,23,2301,230184
230184400434,龙翔社区,230184400,23,2301,230184
230184400435,龙博社区,230184400,23,2301,230184
230184400500,永胜林场生活区,230184400,23,2301,230184
230184400501,奋斗林场生活区,230184400,23,2301,230184
230184400502,曙光林场生活区,230184400,23,2301,230184
230184400503,七峰山林场生活区,230184400,23,2301,230184
230202001001,新宫社区居民委员会,230202001,23,2302,230202
230202001002,公园社区居民委员会,230202001,23,2302,230202
230202001004,新化社区居民委员会,230202001,23,2302,230202
230202001005,通达社区居民委员会,230202001,23,2302,230202
230202001006,红星社区居民委员会,230202001,23,2302,230202
230202002001,湖西社区居民委员会,230202002,23,2302,230202
230202002002,滨湖社区居民委员会,230202002,23,2302,230202
230202002004,二厂社区居民委员会,230202002,23,2302,230202
230202002005,一厂社区居民委员会,230202002,23,2302,230202
230202002006,园艺社区居民委员会,230202002,23,2302,230202
230202003001,一厂社区居民委员会,230202003,23,2302,230202
230202003002,新合社区居民委员会,230202003,23,2302,230202
230202003003,华丽社区居民委员会,230202003,23,2302,230202
230202003004,合意社区居民委员会,230202003,23,2302,230202
230202003005,西岗子社区居民委员会,230202003,23,2302,230202
230202003006,滨江社区居民委员会,230202003,23,2302,230202
230202003007,江畔社区居民委员会,230202003,23,2302,230202
230202004001,海山社区居民委员会,230202004,23,2302,230202
230202004002,永青社区居民委员会,230202004,23,2302,230202
230202004003,火电社区居民委员会,230202004,23,2302,230202
230202004004,安智社区居民委员会,230202004,23,2302,230202
230202005001,青云社区居民委员会,230202005,23,2302,230202
230202005002,五福社区居民委员会,230202005,23,2302,230202
230202005004,赵园社区居民委员会,230202005,23,2302,230202
230202005005,通航社区居民委员会,230202005,23,2302,230202
230202005006,南市场社区居民委员会,230202005,23,2302,230202
230202005007,太阳社区居民委员会,230202005,23,2302,230202
230202006001,虹园社区居民委员会,230202006,23,2302,230202
230202006003,丰富社区居民委员会,230202006,23,2302,230202
230202006004,华光社区居民委员会,230202006,23,2302,230202
230202006005,南郊社区居民委员会,230202006,23,2302,230202
230202006006,新联社区居民委员会,230202006,23,2302,230202
230202006007,新跃社区居民委员会,230202006,23,2302,230202
230202007001,新鹤城社区居民委员会,230202007,23,2302,230202
230202007002,新汇社区居民委员会,230202007,23,2302,230202
230202007003,晨光社区居民委员会,230202007,23,2302,230202
230202007004,联心社区居民委员会,230202007,23,2302,230202
230202007200,明星社区村委会,230202007,23,2302,230202
230202007201,爱国社区村委会,230202007,23,2302,230202
230202007202,三合社区村委会,230202007,23,2302,230202
230202007203,新光社区村委会,230202007,23,2302,230202
230202007204,大民社区村委会,230202007,23,2302,230202
230202007205,五福玛社区村委会,230202007,23,2302,230202
230202007206,永光村村民委员会,230202007,23,2302,230202
230202579598,齐齐哈尔局直虚拟生活区,230202579,23,2302,230202
230203002001,民乐社区居民委员会,230203002,23,2302,230203
230203002003,福鼎社区居民委员会,230203002,23,2302,230203
230203002005,鸿福社区居民委员会,230203002,23,2302,230203
230203002006,育英社区居民委员会,230203002,23,2302,230203
230203002007,运建社区居民委员会,230203002,23,2302,230203
230203004001,百悦居社区居民委员会,230203004,23,2302,230203
230203004002,名人社区居民委员会,230203004,23,2302,230203
230203004004,华溪社区居民委员会,230203004,23,2302,230203
230203004005,方兴社区居民委员会,230203004,23,2302,230203
230203004006,嘉禾社区居民委员会,230203004,23,2302,230203
230203004007,湖畔社区居民委员会,230203004,23,2302,230203
230203004012,学院社区居民委员会,230203004,23,2302,230203
230203005001,解放门回民社区居民委员会,230203005,23,2302,230203
230203005003,天增社区居民委员会,230203005,23,2302,230203
230203005004,鑫海社区居民委员会,230203005,23,2302,230203
230203005005,玉坤社区居民委员会,230203005,23,2302,230203
230203005006,东市场社区居民委员会,230203005,23,2302,230203
230203005007,军校社区居民委员会,230203005,23,2302,230203
230203006002,北民社区居民委员会,230203006,23,2302,230203
230203006007,祥瑞社区居民委员会,230203006,23,2302,230203
230203006009,花园社区居民委员会,230203006,23,2302,230203
230203006010,欣豪社区居民委员会,230203006,23,2302,230203
230203006015,凤凰社区居名委员会,230203006,23,2302,230203
230203007002,安居社区居民委员会,230203007,23,2302,230203
230203007004,锦湖社区居民委员会,230203007,23,2302,230203
230203007006,学府社区居民委员会,230203007,23,2302,230203
230203007009,文宾社区居民委员会,230203007,23,2302,230203
230203008001,矿勘社区居民委员会,230203008,23,2302,230203
230203008002,西园社区居民委员会,230203008,23,2302,230203
230203008003,明月社区居民委员会,230203008,23,2302,230203
230203008004,万达社区居民委员会,230203008,23,2302,230203
230203008005,溪水社区居民委员会,230203008,23,2302,230203
230203008006,溪畔社区居民委员会,230203008,23,2302,230203
230203009001,龙建社区居民委员会,230203009,23,2302,230203
230203009200,星光村民委员会,230203009,23,2302,230203
230203009201,曙光村民委员会,230203009,23,2302,230203
230203009202,光明村民委员会,230203009,23,2302,230203
230203009203,黎明村民委员会,230203009,23,2302,230203
230204001004,新木社区居民委员会,230204001,23,2302,230204
230204001006,南树园社区居民委员会,230204001,23,2302,230204
230204001007,南花园社区居民委员会,230204001,23,2302,230204
230204001009,南虹社区居民委员会,230204001,23,2302,230204
230204002002,黎明社区居民委员会,230204002,23,2302,230204
230204002004,新兴社区居民委员会,230204002,23,2302,230204
230204002005,南化社区居民委员会,230204002,23,2302,230204
230204002006,文明社区居民委员会,230204002,23,2302,230204
230204003002,东苑西社区居民委员会,230204003,23,2302,230204
230204003004,前程社区居民委员会,230204003,23,2302,230204
230204003006,繁荣社区居民委员会,230204003,23,2302,230204
230204003008,人民社区居民委员会,230204003,23,2302,230204
230204004001,曙光社区居民委员会,230204004,23,2302,230204
230204004002,光荣社区居民委员会,230204004,23,2302,230204
230204004003,先进社区居民委员会,230204004,23,2302,230204
230204004004,鹤乡社区居民委员会,230204004,23,2302,230204
230204004009,跃进社区居民委员会,230204004,23,2302,230204
230204005001,中东社区居民委员会,230204005,23,2302,230204
230204005003,新民社区居民委员会,230204005,23,2302,230204
230204005009,和平社区居民委员会,230204005,23,2302,230204
230204005010,龙南社区居民委员会,230204005,23,2302,230204
230204005011,建工社区居民委员会,230204005,23,2302,230204
230204006001,自卫社区居民委员会,230204006,23,2302,230204
230204006004,纺织社区居民委员会,230204006,23,2302,230204
230204006005,北八里社区居民委员会,230204006,23,2302,230204
230204006006,劳动社区居民委员会,230204006,23,2302,230204
230204008001,东湖社区居民委员会,230204008,23,2302,230204
230204008002,八里社区居民委员会,230204008,23,2302,230204
230204008004,自建一社区居民委员会,230204008,23,2302,230204
230204008005,自建二社区居民委员会,230204008,23,2302,230204
230204009001,红光社区居民委员会,230204009,23,2302,230204
230204009002,兰屯社区居民委员会,230204009,23,2302,230204
230204009003,晨星社区居民委员会,230204009,23,2302,230204
230204009004,库木台社区居民委员会,230204009,23,2302,230204
230204100200,扎龙村民委员会,230204100,23,2302,230204
230204100201,哈拉乌苏村民委员会,230204100,23,2302,230204
230204100202,克钦村民委员会,230204100,23,2302,230204
230204100203,长沟村民委员会,230204100,23,2302,230204
230204100204,边屯村民委员会,230204100,23,2302,230204
230204100205,查罕诺村民委员会,230204100,23,2302,230204
230204100206,宛屯村民委员会,230204100,23,2302,230204
230204100207,向阳村民委员会,230204100,23,2302,230204
230204100208,先锋村民委员会,230204100,23,2302,230204
230204100209,胡屯村民委员会,230204100,23,2302,230204
230204100210,卢屯村民委员会,230204100,23,2302,230204
230204100211,四家子村民委员会,230204100,23,2302,230204
230205001001,新兴社区居民委员会,230205001,23,2302,230205
230205001003,东兴社区居民委员会,230205001,23,2302,230205
230205002002,新建社区居民委员会,230205002,23,2302,230205
230205002003,前进社区居民委员会,230205002,23,2302,230205
230205005003,林机社区居民委员会,230205005,23,2302,230205
230205005004,崔门社区居民委员会,230205005,23,2302,230205
230205006002,东局宅社区居民委员会,230205006,23,2302,230205
230205006003,西局宅社区居民委员会,230205006,23,2302,230205
230205100200,水师营村民委员会,230205100,23,2302,230205
230205100201,衙门满族村民委员会,230205100,23,2302,230205
230205100202,崔门村民委员会,230205100,23,2302,230205
230205100203,小阿拉街满族村民委员会,230205100,23,2302,230205
230205100204,平房村民委员会,230205100,23,2302,230205
230205100205,巴虎村民委员会,230205100,23,2302,230205
230205101001,友谊社区居民委员会,230205101,23,2302,230205
230205101002,化工社区居民委员会,230205101,23,2302,230205
230205101003,东风社区居民委员会,230205101,23,2302,230205
230205101200,大五福玛村民委员会,230205101,23,2302,230205
230205101201,稻田朝鲜族村民委员会,230205101,23,2302,230205
230205101202,胜合村民委员会,230205101,23,2302,230205
230205101203,心合村民委员会,230205101,23,2302,230205
230205101204,红胜村民委员会,230205101,23,2302,230205
230205101205,中心村民委员会,230205101,23,2302,230205
230205101206,头站村民委员会,230205101,23,2302,230205
230205101207,大兴屯村民委员会,230205101,23,2302,230205
230205101208,榆树屯满族村民委员会,230205101,23,2302,230205
230205101209,后五家子满族村民委员会,230205101,23,2302,230205
230205101210,霍托气村民委员会,230205101,23,2302,230205
230205101211,大阿拉街满族村民委员会,230205101,23,2302,230205
230206001001,华孚社区居民委员会,230206001,23,2302,230206
230206001007,燕北社区居民委员会,230206001,23,2302,230206
230206001011,新光社区居民委员会,230206001,23,2302,230206
230206001015,奋斗社区居民委员会,230206001,23,2302,230206
230206001016,公园社区居民委员会,230206001,23,2302,230206
230206001019,兴隆社区居民委员会,230206001,23,2302,230206
230206003003,北群社区居民委员会,230206003,23,2302,230206
230206003005,红岸社区居民委员会,230206003,23,2302,230206
230206003009,园丁社区居民委员会,230206003,23,2302,230206
230206003010,光辉社区居民委员会,230206003,23,2302,230206
230206004001,富电社区居民委员会,230206004,23,2302,230206
230206004003,火电社区居民委员会,230206004,23,2302,230206
230206005001,三十三社区居民委员会,230206005,23,2302,230206
230206005003,三十七社区居民委员会,230206005,23,2302,230206
230206005007,二十七社区居民委员会,230206005,23,2302,230206
230206005008,北玻社区居民委员会,230206005,23,2302,230206
230206005011,东重社区居民委员会,230206005,23,2302,230206
230206006001,宝石社区居民委员会,230206006,23,2302,230206
230206006003,华通社区居民委员会,230206006,23,2302,230206
230206006005,国宝社区居民委员会,230206006,23,2302,230206
230206007003,二十五社区居民委员会,230206007,23,2302,230206
230206007004,二十四社区居民委员会,230206007,23,2302,230206
230206007005,繁胜社区居民委员会,230206007,23,2302,230206
230206008001,甲区社区居民委员会,230206008,23,2302,230206
230206008008,万平社区居民委员会,230206008,23,2302,230206
230206008012,红旗社区居民委员会,230206008,23,2302,230206
230206008014,八砖社区居民委员会,230206008,23,2302,230206
230206009002,砖瓦社区居民委员会,230206009,23,2302,230206
230206009003,岗西社区居民委员会,230206009,23,2302,230206
230206009004,建新社区居民委员会,230206009,23,2302,230206
230206200200,长青村村委员会,230206200,23,2302,230206
230206200201,新联村村委员会,230206200,23,2302,230206
230206200202,永前村村委员会,230206200,23,2302,230206
230206200203,水哈拉村村委员会,230206200,23,2302,230206
230206200204,岗阿村村委员会,230206200,23,2302,230206
230206200205,库勒村村委员会,230206200,23,2302,230206
230206200206,海格村村委员会,230206200,23,2302,230206
230206202200,杜尔门沁村村委员会,230206202,23,2302,230206
230206202201,罕伯岱村村委员会,230206202,23,2302,230206
230206202202,洪河村村委员会,230206202,23,2302,230206
230207001001,安居社区居民委员会,230207001,23,2302,230207
230207001002,阳光社区居民委员会,230207001,23,2302,230207
230207001003,团结社区居民委员会,230207001,23,2302,230207
230207002200,丰荣村村民委员会,230207002,23,2302,230207
230207002201,九里村村民委员会,230207002,23,2302,230207
230207002202,兴华村村民委员会,230207002,23,2302,230207
230207002203,龙华村村民委员会,230207002,23,2302,230207
230207002204,三江省村村民委员会,230207002,23,2302,230207
230207002205,三皇庙村村民委员会,230207002,23,2302,230207
230207002206,华丰村村民委员会,230207002,23,2302,230207
230207002207,前进村村民委员会,230207002,23,2302,230207
230207002208,春光村村民委员会,230207002,23,2302,230207
230207003001,春光社区居民委员会,230207003,23,2302,230207
230207003002,北疆社区居民委员会,230207003,23,2302,230207
230207004001,站前社区居民委员会,230207004,23,2302,230207
230207004002,富强社区居民委员会,230207004,23,2302,230207
230208001001,爱民社区居民委员会,230208001,23,2302,230208
230208001002,胜利社区居民委员会,230208001,23,2302,230208
230208001003,团结社区居民委员会,230208001,23,2302,230208
230208001004,华丰社区居民委员会,230208001,23,2302,230208
230208101001,雅尔塞社区居民委员会,230208101,23,2302,230208
230208101200,音钦村民委员会,230208101,23,2302,230208
230208101201,雅尔塞达斡尔族村民委员会,230208101,23,2302,230208
230208101202,奈门沁达斡尔族村民委员会,230208101,23,2302,230208
230208101203,鲜明朝鲜族村民委员会,230208101,23,2302,230208
230208101204,哈拉达斡尔族村民委员会,230208101,23,2302,230208
230208101205,东风村民委员会,230208101,23,2302,230208
230208101206,红星村民委员会,230208101,23,2302,230208
230208102200,东卧牛吐达斡尔族村民委员会,230208102,23,2302,230208
230208102201,西卧牛吐达斡尔族村民委员会,230208102,23,2302,230208
230208102202,地房子达斡尔族村民委员会,230208102,23,2302,230208
230208102203,岗子满族村民委员会,230208102,23,2302,230208
230208102204,四间房达斡尔族村民委员会,230208102,23,2302,230208
230208102205,新村村民委员会,230208102,23,2302,230208
230208102206,额尔门沁达斡尔族村民委员会,230208102,23,2302,230208
230208103200,达呼店村民委员会,230208103,23,2302,230208
230208103201,长发村民委员会,230208103,23,2302,230208
230208103202,丰宝村民委员会,230208103,23,2302,230208
230208103203,二合村民委员会,230208103,23,2302,230208
230208103204,复兴村民委员会,230208103,23,2302,230208
230208103205,腰店村民委员会,230208103,23,2302,230208
230208103206,红旗村民委员会,230208103,23,2302,230208
230208103207,瑞廷村民委员会,230208103,23,2302,230208
230208103208,哈什哈达斡尔族村民委员会,230208103,23,2302,230208
230208103209,巨宝山村民委员会,230208103,23,2302,230208
230208103210,阿拉达斡尔族村民委员会,230208103,23,2302,230208
230208103211,北兴村民委员会,230208103,23,2302,230208
230208103212,土房子村民委员会,230208103,23,2302,230208
230208103400,哈拉海社区,230208103,23,2302,230208
230208104200,共和村民委员会,230208104,23,2302,230208
230208104201,隆胜村民委员会,230208104,23,2302,230208
230208104202,长兴村民委员会,230208104,23,2302,230208
230208104203,敖宝达斡尔族村民委员会,230208104,23,2302,230208
230208104204,胜利村民委员会,230208104,23,2302,230208
230208104205,双岗子村民委员会,230208104,23,2302,230208
230208104206,永长村民委员会,230208104,23,2302,230208
230208104207,兴华村民委员会,230208104,23,2302,230208
230208104208,永昌回族村民委员会,230208104,23,2302,230208
230208105200,梅里斯村民委员会,230208105,23,2302,230208
230208105201,大八旗村民委员会,230208105,23,2302,230208
230208105202,前平村民委员会,230208105,23,2302,230208
230208105203,后平满族村民委员会,230208105,23,2302,230208
230208105204,荣胜村民委员会,230208105,23,2302,230208
230208105205,利发村民委员会,230208105,23,2302,230208
230208105206,齐齐哈达斡尔族村民委员会,230208105,23,2302,230208
230208105207,哈力村民委员会,230208105,23,2302,230208
230208105208,黑岗子村民委员会,230208105,23,2302,230208
230208105209,十三方村民委员会,230208105,23,2302,230208
230208200200,莽格吐达斡尔族村民委员会,230208200,23,2302,230208
230208200201,三间房达斡尔族村民委员会,230208200,23,2302,230208
230208200202,西地房子达斡尔族村民委员会,230208200,23,2302,230208
230221100001,通齐社区居民委员会,230221100,23,2302,230221
230221100003,福龙社区居民委员会,230221100,23,2302,230221
230221100004,文化社区居民委员会,230221100,23,2302,230221
230221100006,华龙社区居民委员会,230221100,23,2302,230221
230221100007,通达社区居民委员会,230221100,23,2302,230221
230221100008,青华社区居民委员会,230221100,23,2302,230221
230221100009,龙湾社区居民委员会,230221100,23,2302,230221
230221100010,幸福社区居民委员会,230221100,23,2302,230221
230221100011,新城社区居民委员会,230221100,23,2302,230221
230221100012,龙域社区居民委员会,230221100,23,2302,230221
230221100013,博爱社区居民委员会,230221100,23,2302,230221
230221100014,县府社区居民委员会,230221100,23,2302,230221
230221100015,阳光社区居民委员会,230221100,23,2302,230221
230221100016,学苑社区居民委员会,230221100,23,2302,230221
230221100017,双青社区居民委员会,230221100,23,2302,230221
230221100018,城东社区居民委员会,230221100,23,2302,230221
230221100019,镇府社区居民委员会,230221100,23,2302,230221
230221100020,福兴社区居民委员会,230221100,23,2302,230221
230221100200,龙东村民委员会,230221100,23,2302,230221
230221100201,龙西村民委员会,230221100,23,2302,230221
230221100202,鲜光村民委员会,230221100,23,2302,230221
230221100203,九里村民委员会,230221100,23,2302,230221
230221100204,腰公司村民委员会,230221100,23,2302,230221
230221100205,山包村民委员会,230221100,23,2302,230221
230221100206,合山村民委员会,230221100,23,2302,230221
230221100207,二龙村民委员会,230221100,23,2302,230221
230221100208,八岔河村民委员会,230221100,23,2302,230221
230221100209,西太平川村民委员会,230221100,23,2302,230221
230221101001,第一社区居民委员会,230221101,23,2302,230221
230221101002,第二社区居民委员会,230221101,23,2302,230221
230221101200,景星村民委员会,230221101,23,2302,230221
230221101201,保安村民委员会,230221101,23,2302,230221
230221101202,街基村民委员会,230221101,23,2302,230221
230221101203,太平村民委员会,230221101,23,2302,230221
230221101204,解放村民委员会,230221101,23,2302,230221
230221101205,东升村民委员会,230221101,23,2302,230221
230221101206,永发村民委员会,230221101,23,2302,230221
230221101207,景山村民委员会,230221101,23,2302,230221
230221101208,庆丰村民委员会,230221101,23,2302,230221
230221101209,新发村民委员会,230221101,23,2302,230221
230221101210,聚宝盆村民委员会,230221101,23,2302,230221
230221101211,大肚川村民委员会,230221101,23,2302,230221
230221101212,兴隆川村民委员会,230221101,23,2302,230221
230221101213,北沟村民委员会,230221101,23,2302,230221
230221101214,二龙山村民委员会,230221101,23,2302,230221
230221101215,金山东村民委员会,230221101,23,2302,230221
230221101216,敖宝村民委员会,230221101,23,2302,230221
230221101217,金山西村民委员会,230221101,23,2302,230221
230221102001,李三店社区委员会,230221102,23,2302,230221
230221102200,龙兴村民委员会,230221102,23,2302,230221
230221102201,德胜村民委员会,230221102,23,2302,230221
230221102202,文化村民委员会,230221102,23,2302,230221
230221102203,花园村民委员会,230221102,23,2302,230221
230221102204,麒麟村民委员会,230221102,23,2302,230221
230221102205,旧边村民委员会,230221102,23,2302,230221
230221102206,新安村民委员会,230221102,23,2302,230221
230221102207,新功村民委员会,230221102,23,2302,230221
230221102208,利华村民委员会,230221102,23,2302,230221
230221102209,新城村民委员会,230221102,23,2302,230221
230221102210,荣胜村民委员会,230221102,23,2302,230221
230221102211,雅鲁河村民委员会,230221102,23,2302,230221
230221102212,四架山村民委员会,230221102,23,2302,230221
230221102213,大湾村民委员会,230221102,23,2302,230221
230221102214,奋勇村民委员会,230221102,23,2302,230221
230221102215,东风村民委员会,230221102,23,2302,230221
230221102216,小湾村民委员会,230221102,23,2302,230221
230221103200,平安村民委员会,230221103,23,2302,230221
230221103201,大泉子村民委员会,230221103,23,2302,230221
230221103202,前太平村民委员会,230221103,23,2302,230221
230221103203,龙山村民委员会,230221103,23,2302,230221
230221103204,东昌盛村民委员会,230221103,23,2302,230221
230221103205,小泉子村民委员会,230221103,23,2302,230221
230221103206,兴隆泉村民委员会,230221103,23,2302,230221
230221103207,官窑村民委员会,230221103,23,2302,230221
230221103208,红胜村民委员会,230221103,23,2302,230221
230221103209,核心村民委员会,230221103,23,2302,230221
230221103210,红卫村民委员会,230221103,23,2302,230221
230221103211,后大巨宝村民委员会,230221103,23,2302,230221
230221103212,对宝村民委员会,230221103,23,2302,230221
230221103213,柳树村民委员会,230221103,23,2302,230221
230221103214,燕窝沟村民委员会,230221103,23,2302,230221
230221103215,西双龙村民委员会,230221103,23,2302,230221
230221103216,五二村民委员会,230221103,23,2302,230221
230221103217,羊草村民委员会,230221103,23,2302,230221
230221103218,长胜村民委员会,230221103,23,2302,230221
230221104200,七棵树村民委员会,230221104,23,2302,230221
230221104201,青龙山村民委员会,230221104,23,2302,230221
230221104202,前进村民委员会,230221104,23,2302,230221
230221104203,向阳村民委员会,230221104,23,2302,230221
230221104204,大榆树村民委员会,230221104,23,2302,230221
230221104205,吉祥村民委员会,230221104,23,2302,230221
230221104206,福山永村民委员会,230221104,23,2302,230221
230221104207,顺兴村民委员会,230221104,23,2302,230221
230221104208,高地村民委员会,230221104,23,2302,230221
230221104209,正阳村民委员会,230221104,23,2302,230221
230221104210,发达村民委员会,230221104,23,2302,230221
230221104211,三兴村民委员会,230221104,23,2302,230221
230221104212,双龙村民委员会,230221104,23,2302,230221
230221104213,同兴村民委员会,230221104,23,2302,230221
230221104214,兴隆沟村民委员会,230221104,23,2302,230221
230221105200,杏山村民委员会,230221105,23,2302,230221
230221105201,东六九村民委员会,230221105,23,2302,230221
230221105202,东杏山村民委员会,230221105,23,2302,230221
230221105203,西六九村民委员会,230221105,23,2302,230221
230221105204,公益村民委员会,230221105,23,2302,230221
230221105205,碱水村民委员会,230221105,23,2302,230221
230221105206,前六九村民委员会,230221105,23,2302,230221
230221105207,太平庄村民委员会,230221105,23,2302,230221
230221105208,后六九村民委员会,230221105,23,2302,230221
230221105209,后六家子村民委员会,230221105,23,2302,230221
230221105210,仙人洞村民委员会,230221105,23,2302,230221
230221105211,东河口村民委员会,230221105,23,2302,230221
230221105212,四合堂村民委员会,230221105,23,2302,230221
230221105213,西六家子村民委员会,230221105,23,2302,230221
230221105214,西山头村民委员会,230221105,23,2302,230221
230221105215,东华村民委员会,230221105,23,2302,230221
230221105216,新农村民委员会,230221105,23,2302,230221
230221106200,东白土村民委员会,230221106,23,2302,230221
230221106201,龙哈村民委员会,230221106,23,2302,230221
230221106202,长山村民委员会,230221106,23,2302,230221
230221106203,兴隆岗村民委员会,230221106,23,2302,230221
230221106204,后道老村民委员会,230221106,23,2302,230221
230221106205,五村民委员会,230221106,23,2302,230221
230221106206,六村民委员会,230221106,23,2302,230221
230221106207,七村民委员会,230221106,23,2302,230221
230221106208,八村民委员会,230221106,23,2302,230221
230221107200,头站村民委员会,230221107,23,2302,230221
230221107201,南华村民委员会,230221107,23,2302,230221
230221107202,二沟河村民委员会,230221107,23,2302,230221
230221107203,一心村民委员会,230221107,23,2302,230221
230221107204,北华村民委员会,230221107,23,2302,230221
230221107205,民主村民委员会,230221107,23,2302,230221
230221107206,四合村民委员会,230221107,23,2302,230221
230221107207,团结村民委员会,230221107,23,2302,230221
230221107208,兴盛村民委员会,230221107,23,2302,230221
230221107209,和平村民委员会,230221107,23,2302,230221
230221201200,黑岗村民委员会,230221201,23,2302,230221
230221201201,索伯台村民委员会,230221201,23,2302,230221
230221201202,后兴山村民委员会,230221201,23,2302,230221
230221201203,三家子村民委员会,230221201,23,2302,230221
230221201204,靠山村民委员会,230221201,23,2302,230221
230221202200,广厚村民委员会,230221202,23,2302,230221
230221202201,万发村民委员会,230221202,23,2302,230221
230221202202,东阳村民委员会,230221202,23,2302,230221
230221202203,北山村民委员会,230221202,23,2302,230221
230221202204,一村民委员会,230221202,23,2302,230221
230221202205,二村民委员会,230221202,23,2302,230221
230221202206,三村民委员会,230221202,23,2302,230221
230221203200,华民村民委员会,230221203,23,2302,230221
230221203201,朝阳村民委员会,230221203,23,2302,230221
230221203202,沙河台村民委员会,230221203,23,2302,230221
230221203203,爱民村民委员会,230221203,23,2302,230221
230221203204,复民村民委员会,230221203,23,2302,230221
230221203205,莫呼村民委员会,230221203,23,2302,230221
230221203206,大黑村民委员会,230221203,23,2302,230221
230221203207,色力村民委员会,230221203,23,2302,230221
230221203208,龙鲜村民委员会,230221203,23,2302,230221
230221204200,红旗村民委员会,230221204,23,2302,230221
230221204201,文固达村民委员会,230221204,23,2302,230221
230221204202,三棵树村民委员会,230221204,23,2302,230221
230221204203,巨宝村民委员会,230221204,23,2302,230221
230221204204,连家岗村民委员会,230221204,23,2302,230221
230221204205,红光村民委员会,230221204,23,2302,230221
230221204206,东兴村民委员会,230221204,23,2302,230221
230221204207,西里村民委员会,230221204,23,2302,230221
230221215200,鲁河村民委员会,230221215,23,2302,230221
230221215201,先锋村民委员会,230221215,23,2302,230221
230221215202,三道沟村民委员会,230221215,23,2302,230221
230221215203,四撮房村民委员会,230221215,23,2302,230221
230221215204,黑里沟村民委员会,230221215,23,2302,230221
230221215205,繁荣村民委员会,230221215,23,2302,230221
230221215206,龙德村民委员会,230221215,23,2302,230221
230221217200,会兴满族村民委员会,230221217,23,2302,230221
230221217201,护林村民委员会,230221217,23,2302,230221
230221217202,南济村民委员会,230221217,23,2302,230221
230221217203,龙头村民委员会,230221217,23,2302,230221
230221217204,桦树村民委员会,230221217,23,2302,230221
230221217205,东北沟村民委员会,230221217,23,2302,230221
230221217206,北济村民委员会,230221217,23,2302,230221
230223100001,东南街社区,230223100,23,2302,230223
230223100002,西南街社区,230223100,23,2302,230223
230223100003,东北街社区,230223100,23,2302,230223
230223100004,西北街社区,230223100,23,2302,230223
230223100005,新街社区,230223100,23,2302,230223
230223100006,泰安社区,230223100,23,2302,230223
230223100007,瑞雪社区,230223100,23,2302,230223
230223100200,合心村民委员会,230223100,23,2302,230223
230223100201,东平村民委员会,230223100,23,2302,230223
230223100202,创业村民委员会,230223100,23,2302,230223
230223100400,农场社区,230223100,23,2302,230223
230223101200,公和村民委员会,230223101,23,2302,230223
230223101201,庆丰村民委员会,230223101,23,2302,230223
230223101202,新华村民委员会,230223101,23,2302,230223
230223101203,新立村民委员会,230223101,23,2302,230223
230223101204,东风村民委员会,230223101,23,2302,230223
230223101205,德玉村民委员会,230223101,23,2302,230223
230223101206,永珍村民委员会,230223101,23,2302,230223
230223101207,东永福村民委员会,230223101,23,2302,230223
230223101208,德成村民委员会,230223101,23,2302,230223
230223101209,农民村民委员会,230223101,23,2302,230223
230223101210,奋斗村民委员会,230223101,23,2302,230223
230223101211,庆玉村民委员会,230223101,23,2302,230223
230223101212,巨龙村民委员会,230223101,23,2302,230223
230223101213,平山村民委员会,230223101,23,2302,230223
230223101214,劳动村民委员会,230223101,23,2302,230223
230223101215,庆生村民委员会,230223101,23,2302,230223
230223101216,丰林村民委员会,230223101,23,2302,230223
230223101217,公平村民委员会,230223101,23,2302,230223
230223102200,东北村民委员会,230223102,23,2302,230223
230223102201,吉利村民委员会,230223102,23,2302,230223
230223102202,德信村民委员会,230223102,23,2302,230223
230223102203,福地村民委员会,230223102,23,2302,230223
230223102204,双兴村民委员会,230223102,23,2302,230223
230223102205,孟常村民委员会,230223102,23,2302,230223
230223102206,人和村民委员会,230223102,23,2302,230223
230223102207,双阳村民委员会,230223102,23,2302,230223
230223103200,保卫村民委员会,230223103,23,2302,230223
230223103201,卫东村民委员会,230223103,23,2302,230223
230223103202,东安村民委员会,230223103,23,2302,230223
230223103203,裕民村民委员会,230223103,23,2302,230223
230223103204,全新村民委员会,230223103,23,2302,230223
230223103205,三兴村民委员会,230223103,23,2302,230223
230223103206,东兴村民委员会,230223103,23,2302,230223
230223103207,保国村民委员会,230223103,23,2302,230223
230223103400,红旗马场社区,230223103,23,2302,230223
230223104200,向阳村民委员会,230223104,23,2302,230223
230223104201,德庆村民委员会,230223104,23,2302,230223
230223104202,自由村民委员会,230223104,23,2302,230223
230223104203,永胜村民委员会,230223104,23,2302,230223
230223104204,兴林村民委员会,230223104,23,2302,230223
230223104205,兴顺村民委员会,230223104,23,2302,230223
230223104206,平等村民委员会,230223104,23,2302,230223
230223104207,丰收村民委员会,230223104,23,2302,230223
230223104208,建设村民委员会,230223104,23,2302,230223
230223104209,合顺村民委员会,230223104,23,2302,230223
230223104210,民乐村民委员会,230223104,23,2302,230223
230223104211,中平村民委员会,230223104,23,2302,230223
230223104212,翻身村民委员会,230223104,23,2302,230223
230223104213,兴长村民委员会,230223104,23,2302,230223
230223104214,兴胜村民委员会,230223104,23,2302,230223
230223104215,同心村民委员会,230223104,23,2302,230223
230223104216,团结村民委员会,230223104,23,2302,230223
230223105200,爱民村民委员会,230223105,23,2302,230223
230223105201,平胜村民委员会,230223105,23,2302,230223
230223105202,太平村民委员会,230223105,23,2302,230223
230223105203,建民村民委员会,230223105,23,2302,230223
230223105204,治家村民委员会,230223105,23,2302,230223
230223105205,兴福村民委员会,230223105,23,2302,230223
230223105206,西北村民委员会,230223105,23,2302,230223
230223105207,创造村民委员会,230223105,23,2302,230223
230223105208,爱农村民委员会,230223105,23,2302,230223
230223105209,向前村民委员会,230223105,23,2302,230223
230223105210,东荣村民委员会,230223105,23,2302,230223
230223105211,东南村民委员会,230223105,23,2302,230223
230223105212,仁义村民委员会,230223105,23,2302,230223
230223105213,安乐村民委员会,230223105,23,2302,230223
230223105214,东和平村民委员会,230223105,23,2302,230223
230223105215,新合村民委员会,230223105,23,2302,230223
230223200200,兴让村民委员会,230223200,23,2302,230223
230223200201,兴俭村民委员会,230223200,23,2302,230223
230223200202,富饶村民委员会,230223200,23,2302,230223
230223200203,兴智村民委员会,230223200,23,2302,230223
230223200204,兴仁村民委员会,230223200,23,2302,230223
230223200205,黎明村民委员会,230223200,23,2302,230223
230223200206,兴温村民委员会,230223200,23,2302,230223
230223200207,兴信村民委员会,230223200,23,2302,230223
230223200208,兴国村民委员会,230223200,23,2302,230223
230223201200,坤顺村民委员会,230223201,23,2302,230223
230223201201,解放村民委员会,230223201,23,2302,230223
230223201202,泰来村民委员会,230223201,23,2302,230223
230223201203,仁礼村民委员会,230223201,23,2302,230223
230223201204,东胜村民委员会,230223201,23,2302,230223
230223201205,兴业村民委员会,230223201,23,2302,230223
230223201206,平安村民委员会,230223201,23,2302,230223
230223201207,双龙村民委员会,230223201,23,2302,230223
230223202200,长安村民委员会,230223202,23,2302,230223
230223202201,精进村民委员会,230223202,23,2302,230223
230223202202,东风村民委员会,230223202,23,2302,230223
230223202203,民利村民委员会,230223202,23,2302,230223
230223202204,龙泉村民委员会,230223202,23,2302,230223
230223202205,福德村民委员会,230223202,23,2302,230223
230223202206,和乐村民委员会,230223202,23,2302,230223
230223202207,德宝村民委员会,230223202,23,2302,230223
230223202208,诚顺村民委员会,230223202,23,2302,230223
230223202209,祥顺村民委员会,230223202,23,2302,230223
230223203200,新里村民委员会,230223203,23,2302,230223
230223203201,福来村民委员会,230223203,23,2302,230223
230223203202,利民村民委员会,230223203,23,2302,230223
230223203203,北安村民委员会,230223203,23,2302,230223
230223203204,新联村民委员会,230223203,23,2302,230223
230223203205,新发村民委员会,230223203,23,2302,230223
230223204200,长兴村民委员会,230223204,23,2302,230223
230223204201,联合村民委员会,230223204,23,2302,230223
230223204202,永进村民委员会,230223204,23,2302,230223
230223204203,民裕村民委员会,230223204,23,2302,230223
230223204204,聚宝村民委员会,230223204,23,2302,230223
230223204205,和祥村民委员会,230223204,23,2302,230223
230223204206,新民村民委员会,230223204,23,2302,230223
230223204207,前进村民委员会,230223204,23,2302,230223
230223204208,沿江村民委员会,230223204,23,2302,230223
230223205200,兴旺村民委员会,230223205,23,2302,230223
230223205201,兴欣村民委员会,230223205,23,2302,230223
230223205202,兴阳村民委员会,230223205,23,2302,230223
230223205203,兴堡村民委员会,230223205,23,2302,230223
230223205204,新建村民委员会,230223205,23,2302,230223
230223205205,建明村民委员会,230223205,23,2302,230223
230223205206,建华村民委员会,230223205,23,2302,230223
230223205207,红建村民委员会,230223205,23,2302,230223
230223205208,红光村民委员会,230223205,23,2302,230223
230223205209,新生村民委员会,230223205,23,2302,230223
230223206200,东升村民委员会,230223206,23,2302,230223
230223206201,文和村民委员会,230223206,23,2302,230223
230223206202,文化村民委员会,230223206,23,2302,230223
230223206203,建荣村民委员会,230223206,23,2302,230223
230223206204,红星村民委员会,230223206,23,2302,230223
230223206205,兆祥村民委员会,230223206,23,2302,230223
230223206206,合发村民委员会,230223206,23,2302,230223
230223206207,红旗村民委员会,230223206,23,2302,230223
230223206208,互助村民委员会,230223206,23,2302,230223
230223207200,先锋村民委员会,230223207,23,2302,230223
230223207201,四烈村民委员会,230223207,23,2302,230223
230223207202,长福村民委员会,230223207,23,2302,230223
230223207203,长山村民委员会,230223207,23,2302,230223
230223207204,幸福村民委员会,230223207,23,2302,230223
230223207205,集福村民委员会,230223207,23,2302,230223
230223207206,光明村民委员会,230223207,23,2302,230223
230223207207,海城村民委员会,230223207,23,2302,230223
230223207208,育智村民委员会,230223207,23,2302,230223
230223208200,丰产村民委员会,230223208,23,2302,230223
230223208201,东新村民委员会,230223208,23,2302,230223
230223208202,太民村民委员会,230223208,23,2302,230223
230223208203,腰心村民委员会,230223208,23,2302,230223
230223208204,胜利村民委员会,230223208,23,2302,230223
230223208205,金星村民委员会,230223208,23,2302,230223
230223208206,复兴村民委员会,230223208,23,2302,230223
230223208207,洪发村民委员会,230223208,23,2302,230223
230223208208,太平村民委员会,230223208,23,2302,230223
230224100001,光明社区居民委员会,230224100,23,2302,230224
230224100002,建新社区居民委员会,230224100,23,2302,230224
230224100003,先锋社区居民委员会,230224100,23,2302,230224
230224100004,卫星社区居民委员会,230224100,23,2302,230224
230224100005,向阳社区居民委员会,230224100,23,2302,230224
230224100200,东明村民委员会,230224100,23,2302,230224
230224100201,街基村民委员会,230224100,23,2302,230224
230224100202,丰田村民委员会,230224100,23,2302,230224
230224100203,同乐村民委员会,230224100,23,2302,230224
230224100204,繁荣村民委员会,230224100,23,2302,230224
230224100205,宏程村民委员会,230224100,23,2302,230224
230224100206,明月村民委员会,230224100,23,2302,230224
230224100207,长胜村民委员会,230224100,23,2302,230224
230224101001,街道居民委员会,230224101,23,2302,230224
230224101200,太平村民委员会,230224101,23,2302,230224
230224101201,战斗村民委员会,230224101,23,2302,230224
230224101202,平洋村民委员会,230224101,23,2302,230224
230224101203,永发村民委员会,230224101,23,2302,230224
230224101204,解放村民委员会,230224101,23,2302,230224
230224101205,双山村民委员会,230224101,23,2302,230224
230224101206,东胜村民委员会,230224101,23,2302,230224
230224101207,山头村民委员会,230224101,23,2302,230224
230224101208,新建村民委员会,230224101,23,2302,230224
230224102001,街道居民委员会,230224102,23,2302,230224
230224102200,合兴村民委员会,230224102,23,2302,230224
230224102201,达佰岱村民委员会,230224102,23,2302,230224
230224102202,汤池村民委员会,230224102,23,2302,230224
230224102203,乌诺村民委员会,230224102,23,2302,230224
230224102204,四间房村民委员会,230224102,23,2302,230224
230224102205,佰大街村民委员会,230224102,23,2302,230224
230224103001,街道居民委员会,230224103,23,2302,230224
230224103200,先进村民委员会,230224103,23,2302,230224
230224103201,保隆村民委员会,230224103,23,2302,230224
230224103202,齐心村民委员会,230224103,23,2302,230224
230224103203,胡勒村民委员会,230224103,23,2302,230224
230224103204,艾伦村民委员会,230224103,23,2302,230224
230224103205,临江村民委员会,230224103,23,2302,230224
230224104001,街道居民委员会,230224104,23,2302,230224
230224104200,塔子城村民委员会,230224104,23,2302,230224
230224104201,平兴村民委员会,230224104,23,2302,230224
230224104202,两井子村民委员会,230224104,23,2302,230224
230224104203,河西村民委员会,230224104,23,2302,230224
230224104204,平安村民委员会,230224104,23,2302,230224
230224105001,街道居民委员会,230224105,23,2302,230224
230224105200,依布气村民委员会,230224105,23,2302,230224
230224105201,时雨村民委员会,230224105,23,2302,230224
230224105202,阿拉新村民委员会,230224105,23,2302,230224
230224105203,东方红村民委员会,230224105,23,2302,230224
230224105204,新风村民委员会,230224105,23,2302,230224
230224105205,前官地村民委员会,230224105,23,2302,230224
230224105206,创业村民委员会,230224105,23,2302,230224
230224105207,青岗村民委员会,230224105,23,2302,230224
230224105208,托力河村民委员会,230224105,23,2302,230224
230224106001,街道居民委员会,230224106,23,2302,230224
230224106200,长青村民委员会,230224106,23,2302,230224
230224106201,英山村民委员会,230224106,23,2302,230224
230224106202,宏丰村民委员会,230224106,23,2302,230224
230224106203,仁合村民委员会,230224106,23,2302,230224
230224106204,联合村民委员会,230224106,23,2302,230224
230224106205,同合村民委员会,230224106,23,2302,230224
230224106206,团结村民委员会,230224106,23,2302,230224
230224106207,宏升村民委员会,230224106,23,2302,230224
230224106208,代克村民委员会,230224106,23,2302,230224
230224106209,和平村民委员会,230224106,23,2302,230224
230224106210,太平村民委员会,230224106,23,2302,230224
230224106211,建设村民委员会,230224106,23,2302,230224
230224107001,街道居民委员会,230224107,23,2302,230224
230224107200,红旗村民委员会,230224107,23,2302,230224
230224107201,新胜村民委员会,230224107,23,2302,230224
230224107202,克利村民委员会,230224107,23,2302,230224
230224107203,乾兴村民委员会,230224107,23,2302,230224
230224107204,前程村民委员会,230224107,23,2302,230224
230224107205,河北村民委员会,230224107,23,2302,230224
230224107206,隆庆村民委员会,230224107,23,2302,230224
230224107207,保安村民委员会,230224107,23,2302,230224
230224107208,利民村民委员会,230224107,23,2302,230224
230224107209,四里五村民委员会,230224107,23,2302,230224
230224107210,永安村民委员会,230224107,23,2302,230224
230224107211,丰收村民委员会,230224107,23,2302,230224
230224107212,水上村民委员会,230224107,23,2302,230224
230224107213,互助村民委员会,230224107,23,2302,230224
230224107214,四间村民委员会,230224107,23,2302,230224
230224107215,曙光村民委员会,230224107,23,2302,230224
230224200200,二龙村民委员会,230224200,23,2302,230224
230224200201,三合村民委员会,230224200,23,2302,230224
230224200202,半拉山村民委员会,230224200,23,2302,230224
230224200203,黑帝村民委员会,230224200,23,2302,230224
230224200204,哈拉村民委员会,230224200,23,2302,230224
230224200400,泰来农场社区,230224200,23,2302,230224
230224209200,新江村民委员会,230224209,23,2302,230224
230224209201,雄壮村民委员会,230224209,23,2302,230224
230224209202,宁姜村民委员会,230224209,23,2302,230224
230224209203,光荣村民委员会,230224209,23,2302,230224
230224209204,好新村民委员会,230224209,23,2302,230224
230224209205,立志村民委员会,230224209,23,2302,230224
230224209206,黄花村民委员会,230224209,23,2302,230224
230224400598,葡萄场虚拟生活区,230224400,23,2302,230224
230224401598,果树场虚拟生活区,230224401,23,2302,230224
230224402598,泰来县一苗圃虚拟生活区,230224402,23,2302,230224
230224403598,泰来县二苗圃虚拟生活区,230224403,23,2302,230224
230224404598,东方红机械林场虚拟生活区,230224404,23,2302,230224
230224480498,六三监狱虚拟社区,230224480,23,2302,230224
230224580598,第一良种场虚拟生活区,230224580,23,2302,230224
230224581598,第二良种场虚拟生活区,230224581,23,2302,230224
230224582598,宏胜种畜场虚拟生活区,230224582,23,2302,230224
230224583598,二龙涛农场虚拟生活区,230224583,23,2302,230224
230225100001,红旗社区居委会,230225100,23,2302,230225
230225100002,繁荣社区居委会,230225100,23,2302,230225
230225100003,东风社区居委会,230225100,23,2302,230225
230225100004,幸福社区居委会,230225100,23,2302,230225
230225100005,立新社区居委会,230225100,23,2302,230225
230225100006,建设社区居委会,230225100,23,2302,230225
230225100007,东方红社区居委会,230225100,23,2302,230225
230225100008,光明社区居委会,230225100,23,2302,230225
230225100200,东郊村民委员会,230225100,23,2302,230225
230225100201,西郊村民委员会,230225100,23,2302,230225
230225100202,富强村民委员会,230225100,23,2302,230225
230225100203,长胜村民委员会,230225100,23,2302,230225
230225100204,晓光村民委员会,230225100,23,2302,230225
230225100205,水丰村民委员会,230225100,23,2302,230225
230225100206,富胜村民委员会,230225100,23,2302,230225
230225100207,欢喜村民委员会,230225100,23,2302,230225
230225100208,光辉村民委员会,230225100,23,2302,230225
230225100209,富余村民委员会,230225100,23,2302,230225
230225100210,边疆村民委员会,230225100,23,2302,230225
230225100211,美满村民委员会,230225100,23,2302,230225
230225101200,兴业村民委员会,230225101,23,2302,230225
230225101201,兴农村民委员会,230225101,23,2302,230225
230225101202,山湾村民委员会,230225101,23,2302,230225
230225101203,兴武村民委员会,230225101,23,2302,230225
230225101204,音河村民委员会,230225101,23,2302,230225
230225101205,兴十四村民委员会,230225101,23,2302,230225
230225102200,东升村民委员会,230225102,23,2302,230225
230225102201,永利村民委员会,230225102,23,2302,230225
230225102202,建国村民委员会,230225102,23,2302,230225
230225102203,兴隆村民委员会,230225102,23,2302,230225
230225102204,宏光村民委员会,230225102,23,2302,230225
230225103200,同盟村民委员会,230225103,23,2302,230225
230225103201,和平村民委员会,230225103,23,2302,230225
230225103202,联合村民委员会,230225103,23,2302,230225
230225103203,隆胜村民委员会,230225103,23,2302,230225
230225103204,东方村民委员会,230225103,23,2302,230225
230225103205,东发村民委员会,230225103,23,2302,230225
230225103206,东阳村民委员会,230225103,23,2302,230225
230225103207,旭升村民委员会,230225103,23,2302,230225
230225103208,团民村民委员会,230225103,23,2302,230225
230225104200,建新村民委员会,230225104,23,2302,230225
230225104201,立志村民委员会,230225104,23,2302,230225
230225104202,红旗村民委员会,230225104,23,2302,230225
230225104203,新华村民委员会,230225104,23,2302,230225
230225104204,金星村民委员会,230225104,23,2302,230225
230225104205,巨宝村民委员会,230225104,23,2302,230225
230225201200,新生村民委员会,230225201,23,2302,230225
230225201201,长红村民委员会,230225201,23,2302,230225
230225201202,建华村民委员会,230225201,23,2302,230225
230225201203,长新村民委员会,230225201,23,2302,230225
230225201204,双城村民委员会,230225201,23,2302,230225
230225201205,前程村民委员会,230225201,23,2302,230225
230225201206,永青村民委员会,230225201,23,2302,230225
230225201207,四方山村民委员会,230225201,23,2302,230225
230225201208,向阳村民委员会,230225201,23,2302,230225
230225201209,人民村民委员会,230225201,23,2302,230225
230225201210,永恒村民委员会,230225201,23,2302,230225
230225201211,丰收村民委员会,230225201,23,2302,230225
230225202200,繁荣村民委员会,230225202,23,2302,230225
230225202201,前进村民委员会,230225202,23,2302,230225
230225202202,中四村民委员会,230225202,23,2302,230225
230225202203,保安村民委员会,230225202,23,2302,230225
230225202204,太平村民委员会,230225202,23,2302,230225
230225202205,兴胜村民委员会,230225202,23,2302,230225
230225202206,同利村民委员会,230225202,23,2302,230225
230225202207,核心村民委员会,230225202,23,2302,230225
230225202208,兴久村民委员会,230225202,23,2302,230225
230225202209,建设村民委员会,230225202,23,2302,230225
230225202210,绿化村民委员会,230225202,23,2302,230225
230225203200,奋斗村民委员会,230225203,23,2302,230225
230225203201,新发村民委员会,230225203,23,2302,230225
230225203202,新建村民委员会,230225203,23,2302,230225
230225203203,兴鲜村民委员会,230225203,23,2302,230225
230225203204,兴国村民委员会,230225203,23,2302,230225
230225203205,东兴村民委员会,230225203,23,2302,230225
230225203206,望山村民委员会,230225203,23,2302,230225
230225203207,先进村民委员会,230225203,23,2302,230225
230225203208,双龙村民委员会,230225203,23,2302,230225
230225204200,长吉岗村民委员会,230225204,23,2302,230225
230225204201,巨新村民委员会,230225204,23,2302,230225
230225204202,巨宏村民委员会,230225204,23,2302,230225
230225204203,巨丰村民委员会,230225204,23,2302,230225
230225204204,富海村民委员会,230225204,23,2302,230225
230225204205,太平山村民委员会,230225204,23,2302,230225
230225204206,泉眼村民委员会,230225204,23,2302,230225
230225204207,一心村民委员会,230225204,23,2302,230225
230225204208,宝发村民委员会,230225204,23,2302,230225
230225204209,四明村民委员会,230225204,23,2302,230225
230225204210,新兴村民委员会,230225204,23,2302,230225
230225204211,三合村民委员会,230225204,23,2302,230225
230225204212,巨强村民委员会,230225204,23,2302,230225
230225204213,宝山村民委员会,230225204,23,2302,230225
230225204214,胜利村民委员会,230225204,23,2302,230225
230225204215,巨变村民委员会,230225204,23,2302,230225
230225204216,得胜村民委员会,230225204,23,2302,230225
230225204217,靠河村民委员会,230225204,23,2302,230225
230225204218,全胜村民委员会,230225204,23,2302,230225
230225206200,灯塔村民委员会,230225206,23,2302,230225
230225206201,幸福村民委员会,230225206,23,2302,230225
230225206202,朝阳村民委员会,230225206,23,2302,230225
230225206203,曙光村民委员会,230225206,23,2302,230225
230225206204,富国村民委员会,230225206,23,2302,230225
230225206205,黎明村民委员会,230225206,23,2302,230225
230225500411,查哈阳场直一社区,230225500,23,2302,230225
230225500501,查哈阳农场花香管理区,230225500,23,2302,230225
230225500502,查哈阳农场丰收管理区,230225500,23,2302,230225
230225500503,查哈阳农场海洋管理区,230225500,23,2302,230225
230225500504,查哈阳农场太平湖管理区,230225500,23,2302,230225
230225500505,查哈阳农场金边管理区,230225500,23,2302,230225
230225500506,查哈阳农场金光管理区,230225500,23,2302,230225
230225500507,查哈阳农场长吉冈管理区,230225500,23,2302,230225
230225500508,查哈阳农场幸福之路管理区,230225500,23,2302,230225
230225500509,查哈阳场直二生活区,230225500,23,2302,230225
230225500510,查哈阳场直三生活区,230225500,23,2302,230225
230225500511,查哈阳场直四生活区,230225500,23,2302,230225
230225500512,查哈阳场直五生活区,230225500,23,2302,230225
230225500513,查哈阳场直六生活区,230225500,23,2302,230225
230225580400,楼区社区,230225580,23,2302,230225
230225580401,工业区社区,230225580,23,2302,230225
230225580402,市场区社区,230225580,23,2302,230225
230225580403,小楼区社区,230225580,23,2302,230225
230225580404,校园区社区,230225580,23,2302,230225
230225580405,农场社区,230225580,23,2302,230225
230225580406,第七社区,230225580,23,2302,230225
230227100001,老窖社区,230227100,23,2302,230227
230227100002,林源社区,230227100,23,2302,230227
230227100003,福兴社区,230227100,23,2302,230227
230227100004,富隆社区,230227100,23,2302,230227
230227100005,鑫鑫社区,230227100,23,2302,230227
230227100006,瑞德社区,230227100,23,2302,230227
230227100007,宏晨社区,230227100,23,2302,230227
230227100008,万和社区,230227100,23,2302,230227
230227100009,光明社区,230227100,23,2302,230227
230227100010,益海社区,230227100,23,2302,230227
230227100200,杨屯村民委员会,230227100,23,2302,230227
230227100201,五一村民委员会,230227100,23,2302,230227
230227100202,繁荣村民委员会,230227100,23,2302,230227
230227101200,富路村民委员会,230227101,23,2302,230227
230227101201,来克村民委员会,230227101,23,2302,230227
230227101202,红星村民委员会,230227101,23,2302,230227
230227101203,万宝村民委员会,230227101,23,2302,230227
230227101204,长发村民委员会,230227101,23,2302,230227
230227101205,解放村民委员会,230227101,23,2302,230227
230227101206,大岗子村民委员会,230227101,23,2302,230227
230227101207,长兴村民委员会,230227101,23,2302,230227
230227101208,永太村民委员会,230227101,23,2302,230227
230227101209,福合村民委员会,230227101,23,2302,230227
230227101210,得胜村民委员会,230227101,23,2302,230227
230227101211,龙水泉村民委员会,230227101,23,2302,230227
230227101212,兴隆村民委员会,230227101,23,2302,230227
230227102200,富海村民委员会,230227102,23,2302,230227
230227102201,大泉子村民委员会,230227102,23,2302,230227
230227102202,新生村民委员会,230227102,23,2302,230227
230227102203,五星村民委员会,230227102,23,2302,230227
230227102204,富北村民委员会,230227102,23,2302,230227
230227102205,富民村民委员会,230227102,23,2302,230227
230227102206,富胜村民委员会,230227102,23,2302,230227
230227102207,宏升村民委员会,230227102,23,2302,230227
230227103200,二道湾村民委员会,230227103,23,2302,230227
230227103201,兴安村民委员会,230227103,23,2302,230227
230227103202,力合村民委员会,230227103,23,2302,230227
230227103203,林业村民委员会,230227103,23,2302,230227
230227103204,龙生村民委员会,230227103,23,2302,230227
230227103205,联富村民委员会,230227103,23,2302,230227
230227103206,永生村民委员会,230227103,23,2302,230227
230227103207,平安村民委员会,230227103,23,2302,230227
230227103208,东盛村民委员会,230227103,23,2302,230227
230227103209,富兴村民委员会,230227103,23,2302,230227
230227103400,第一社区,230227103,23,2302,230227
230227103401,第二社区,230227103,23,2302,230227
230227104200,龙安桥村民委员会,230227104,23,2302,230227
230227104201,小河东村民委员会,230227104,23,2302,230227
230227104202,东风村民委员会,230227104,23,2302,230227
230227104203,雅洲村民委员会,230227104,23,2302,230227
230227104204,兴裕村民委员会,230227104,23,2302,230227
230227104205,富欣村民委员会,230227104,23,2302,230227
230227105200,塔哈村民委员会,230227105,23,2302,230227
230227105201,东塔哈村民委员会,230227105,23,2302,230227
230227105202,周三村民委员会,230227105,23,2302,230227
230227105203,理建村民委员会,230227105,23,2302,230227
230227105204,吉斯堡村民委员会,230227105,23,2302,230227
230227105205,小哈柏村民委员会,230227105,23,2302,230227
230227105206,大哈柏村民委员会,230227105,23,2302,230227
230227105207,肖屯村民委员会,230227105,23,2302,230227
230227105208,冯屯村民委员会,230227105,23,2302,230227
230227105209,库木村民委员会,230227105,23,2302,230227
230227105210,大高梁村民委员会,230227105,23,2302,230227
230227105211,马岗村民委员会,230227105,23,2302,230227
230227200200,建设村民委员会,230227200,23,2302,230227
230227200201,丰年村民委员会,230227200,23,2302,230227
230227200202,万发村民委员会,230227200,23,2302,230227
230227200203,新发村民委员会,230227200,23,2302,230227
230227200204,永进村民委员会,230227200,23,2302,230227
230227200205,新立村民委员会,230227200,23,2302,230227
230227200206,龙山村民委员会,230227200,23,2302,230227
230227200207,永丰村民委员会,230227200,23,2302,230227
230227200208,祥发村民委员会,230227200,23,2302,230227
230227200209,永兴村民委员会,230227200,23,2302,230227
230227200400,第一社区,230227200,23,2302,230227
230227200401,第二社区,230227200,23,2302,230227
230227201200,胜利村民委员会,230227201,23,2302,230227
230227201201,齐心村民委员会,230227201,23,2302,230227
230227201202,全好村民委员会,230227201,23,2302,230227
230227201203,立新村民委员会,230227201,23,2302,230227
230227201204,绍文村民委员会,230227201,23,2302,230227
230227201205,民乐村民委员会,230227201,23,2302,230227
230227201206,团结村民委员会,230227201,23,2302,230227
230227202200,庆生村民委员会,230227202,23,2302,230227
230227202201,蓬生村民委员会,230227202,23,2302,230227
230227202202,忠厚村民委员会,230227202,23,2302,230227
230227202203,日生村民委员会,230227202,23,2302,230227
230227202204,荣生村民委员会,230227202,23,2302,230227
230227202205,农乐村民委员会,230227202,23,2302,230227
230227202206,春生村民委员会,230227202,23,2302,230227
230227203200,友谊村民委员会,230227203,23,2302,230227
230227203201,长久村民委员会,230227203,23,2302,230227
230227203202,长胜村民委员会,230227203,23,2302,230227
230227203203,勤俭村民委员会,230227203,23,2302,230227
230227203204,宁年村民委员会,230227203,23,2302,230227
230227203205,东极村民委员会,230227203,23,2302,230227
230227203206,登科村民委员会,230227203,23,2302,230227
230227203207,中和村民委员会,230227203,23,2302,230227
230227203208,五家子村民委员会,230227203,23,2302,230227
230227203209,富友村民委员会,230227203,23,2302,230227
230227203210,小哈洲村民委员会,230227203,23,2302,230227
230227203211,永久村民委员会,230227203,23,2302,230227
230227203212,勤联村民委员会,230227203,23,2302,230227
230227203213,三家子村民委员会,230227203,23,2302,230227
230227203400,友谊社区,230227203,23,2302,230227
230229100001,沃华社区居民委会,230229100,23,2302,230229
230229100002,远东社区居民委会,230229100,23,2302,230229
230229100003,金鼎社区居民委会,230229100,23,2302,230229
230229100004,天泽社区居民委会,230229100,23,2302,230229
230229100005,鹏程社区居民委会,230229100,23,2302,230229
230229100006,嘉利盈社区居民委会,230229100,23,2302,230229
230229100200,城郊村村民委员会,230229100,23,2302,230229
230229101001,镇直第一居民委员会,230229101,23,2302,230229
230229101200,双兴村村民委员会,230229101,23,2302,230229
230229101201,民众村村民委员会,230229101,23,2302,230229
230229101202,工农村村民委员会,230229101,23,2302,230229
230229101203,尖山村村民委员会,230229101,23,2302,230229
230229101204,保卫村村民委员会,230229101,23,2302,230229
230229101205,兴旺村村民委员会,230229101,23,2302,230229
230229101206,红星村村民委员会,230229101,23,2302,230229
230229101207,大同村村民委员会,230229101,23,2302,230229
230229102001,民安居民委员会,230229102,23,2302,230229
230229102200,西城村村民委员会,230229102,23,2302,230229
230229102201,心合村村民委员会,230229102,23,2302,230229
230229102202,同立村村民委员会,230229102,23,2302,230229
230229102203,联西村村民委员会,230229102,23,2302,230229
230229102204,自治村村民委员会,230229102,23,2302,230229
230229102205,胜发村村民委员会,230229102,23,2302,230229
230229102206,联众村村民委员会,230229102,23,2302,230229
230229102207,英民村村民委员会,230229102,23,2302,230229
230229102208,兴胜村村民委员会,230229102,23,2302,230229
230229102400,农垦社区,230229102,23,2302,230229
230229103001,镇直第一居民委员会,230229103,23,2302,230229
230229103200,日新村村民委员会,230229103,23,2302,230229
230229103201,均城村村民委员会,230229103,23,2302,230229
230229103202,古城村村民委员会,230229103,23,2302,230229
230229103203,建国村村民委员会,230229103,23,2302,230229
230229103204,民和村村民委员会,230229103,23,2302,230229
230229103205,新隆村村民委员会,230229103,23,2302,230229
230229103206,民主村村民委员会,230229103,23,2302,230229
230229103207,国星村村民委员会,230229103,23,2302,230229
230229103208,志程村村民委员会,230229103,23,2302,230229
230229104001,镇直第一居民委员会,230229104,23,2302,230229
230229104200,同富村村民委员会,230229104,23,2302,230229
230229104201,新兴村村民委员会,230229104,23,2302,230229
230229104202,黎明村村民委员会,230229104,23,2302,230229
230229104203,民兴村村民委员会,230229104,23,2302,230229
230229104204,复兴村村民委员会,230229104,23,2302,230229
230229104205,北合村村民委员会,230229104,23,2302,230229
230229104206,建设村村民委员会,230229104,23,2302,230229
230229105001,镇直第一居民委员会,230229105,23,2302,230229
230229105200,和平村村民委员会,230229105,23,2302,230229
230229105201,仁政村村民委员会,230229105,23,2302,230229
230229105202,新人村村民委员会,230229105,23,2302,230229
230229105203,利民村村民委员会,230229105,23,2302,230229
230229105204,清政村村民委员会,230229105,23,2302,230229
230229105205,东升村村民委员会,230229105,23,2302,230229
230229105206,巨河村村民委员会,230229105,23,2302,230229
230229105207,西河村村民委员会,230229105,23,2302,230229
230229105208,联民村村民委员会,230229105,23,2302,230229
230229106200,铁心村村民委员会,230229106,23,2302,230229
230229106201,钢心村村民委员会,230229106,23,2302,230229
230229106202,一心村村民委员会,230229106,23,2302,230229
230229106203,双心村村民委员会,230229106,23,2302,230229
230229106204,联心村村民委员会,230229106,23,2302,230229
230229106205,齐心村村民委员会,230229106,23,2302,230229
230229106206,中心村村民委员会,230229106,23,2302,230229
230229106207,护心村村民委员会,230229106,23,2302,230229
230229106208,众心村村民委员会,230229106,23,2302,230229
230229106209,群心村村民委员会,230229106,23,2302,230229
230229106210,赤心村村民委员会,230229106,23,2302,230229
230229106211,诚心村村民委员会,230229106,23,2302,230229
230229200200,学习村村民委员会,230229200,23,2302,230229
230229200201,二河村村民委员会,230229200,23,2302,230229
230229200202,华安村村民委员会,230229200,23,2302,230229
230229200203,兴利村村民委员会,230229200,23,2302,230229
230229200204,联合村村民委员会,230229200,23,2302,230229
230229200205,仁发村村民委员会,230229200,23,2302,230229
230229200206,永兴村村民委员会,230229200,23,2302,230229
230229200207,公政村村民委员会,230229200,23,2302,230229
230229200208,大河村村民委员会,230229200,23,2302,230229
230229203200,新大村村民委员会,230229203,23,2302,230229
230229203201,新建村村民委员会,230229203,23,2302,230229
230229203202,新农村村民委员会,230229203,23,2302,230229
230229203203,新安村村民委员会,230229203,23,2302,230229
230229203204,新成村村民委员会,230229203,23,2302,230229
230229203205,新中村村民委员会,230229203,23,2302,230229
230229203206,新启村村民委员会,230229203,23,2302,230229
230229203207,新生村村民委员会,230229203,23,2302,230229
230229203208,新民村村民委员会,230229203,23,2302,230229
230229204200,保安村村民委员会,230229204,23,2302,230229
230229204201,改革村村民委员会,230229204,23,2302,230229
230229204202,龙泉村村民委员会,230229204,23,2302,230229
230229204203,东胜村村民委员会,230229204,23,2302,230229
230229204204,永胜村村民委员会,230229204,23,2302,230229
230229204205,同结村村民委员会,230229204,23,2302,230229
230229204206,更好村村民委员会,230229204,23,2302,230229
230229205200,新乐村村民委员会,230229205,23,2302,230229
230229205201,东合村村民委员会,230229205,23,2302,230229
230229205202,六合村村民委员会,230229205,23,2302,230229
230229205203,合兴村村民委员会,230229205,23,2302,230229
230229205204,合富村村民委员会,230229205,23,2302,230229
230229205205,大众村村民委员会,230229205,23,2302,230229
230229205206,合发村村民委员会,230229205,23,2302,230229
230229205207,发家村村民委员会,230229205,23,2302,230229
230229206200,双发村村民委员会,230229206,23,2302,230229
230229206201,民胜村村民委员会,230229206,23,2302,230229
230229206202,长胜村村民委员会,230229206,23,2302,230229
230229206203,四座村村民委员会,230229206,23,2302,230229
230229206204,平安村村民委员会,230229206,23,2302,230229
230229206205,民发村村民委员会,230229206,23,2302,230229
230229206206,全发村村民委员会,230229206,23,2302,230229
230229206207,巨胜村村民委员会,230229206,23,2302,230229
230229206208,永发村村民委员会,230229206,23,2302,230229
230229207200,同生村村民委员会,230229207,23,2302,230229
230229207201,同联村村民委员会,230229207,23,2302,230229
230229207202,同建村村民委员会,230229207,23,2302,230229
230229207203,同起村村民委员会,230229207,23,2302,230229
230229207204,同喜村村民委员会,230229207,23,2302,230229
230229207205,同庆村村民委员会,230229207,23,2302,230229
230229207206,同贺村村民委员会,230229207,23,2302,230229
230229208200,庆功村村民委员会,230229208,23,2302,230229
230229208201,向阳村村民委员会,230229208,23,2302,230229
230229208202,新放村村民委员会,230229208,23,2302,230229
230229208203,富强村村民委员会,230229208,23,2302,230229
230229208204,上升村村民委员会,230229208,23,2302,230229
230229208205,联放村村民委员会,230229208,23,2302,230229
230229208206,勤富村村民委员会,230229208,23,2302,230229
230229208207,拥政村村民委员会,230229208,23,2302,230229
230229208208,均冲村村民委员会,230229208,23,2302,230229
230229208209,勤政村村民委员会,230229208,23,2302,230229
230229208210,幸福村村民委员会,230229208,23,2302,230229
230229210200,兴光村村民委员会,230229210,23,2302,230229
230229210201,丰胜村村民委员会,230229210,23,2302,230229
230229210202,靠山村村民委员会,230229210,23,2302,230229
230229210203,双互村村民委员会,230229210,23,2302,230229
230229210204,庄河村村民委员会,230229210,23,2302,230229
230229210205,富民村村民委员会,230229210,23,2302,230229
230229210206,全富村村民委员会,230229210,23,2302,230229
230229400598,克山县河北林场虚拟生活区,230229400,23,2302,230229
230229401598,克山县涌泉林场虚拟生活区,230229401,23,2302,230229
230229402598,克山县北联林场虚拟生活区,230229402,23,2302,230229
230229580598,克山县第一良种场虚拟生活区,230229580,23,2302,230229
230229581598,克山县第二良种场虚拟生活区,230229581,23,2302,230229
230229583598,克山县种猪场虚拟生活区,230229583,23,2302,230229
230229584598,克山县种畜场虚拟生活区,230229584,23,2302,230229
230230100001,中兴社区居民委员会,230230100,23,2302,230230
230230100002,保安社区居民委员会,230230100,23,2302,230230
230230100003,庆祥社区居民委员会,230230100,23,2302,230230
230230100004,春和社区居民委员会,230230100,23,2302,230230
230230100200,兴盛村民委员会,230230100,23,2302,230230
230230100201,光明村民委员会,230230100,23,2302,230230
230230100202,致富村民委员会,230230100,23,2302,230230
230230100203,城东村民委员会,230230100,23,2302,230230
230230100204,万发村民委员会,230230100,23,2302,230230
230230101001,振兴社区居民委员会,230230101,23,2302,230230
230230101002,兴华社区居民委员会,230230101,23,2302,230230
230230101200,治安村民委员会,230230101,23,2302,230230
230230101201,长发村民委员会,230230101,23,2302,230230
230230101202,护路村民委员会,230230101,23,2302,230230
230230101203,丰平村民委员会,230230101,23,2302,230230
230230101204,保卫村民委员会,230230101,23,2302,230230
230230101205,四合村民委员会,230230101,23,2302,230230
230230101206,中兴村民委员会,230230101,23,2302,230230
230230101207,东连村民委员会,230230101,23,2302,230230
230230101208,永发村民委员会,230230101,23,2302,230230
230230101209,德胜村民委员会,230230101,23,2302,230230
230230101210,红星村民委员会,230230101,23,2302,230230
230230101211,富裕村民委员会,230230101,23,2302,230230
230230101212,富民村民委员会,230230101,23,2302,230230
230230101213,春光村民委员会,230230101,23,2302,230230
230230101214,平安村民委员会,230230101,23,2302,230230
230230101215,文昌村民委员会,230230101,23,2302,230230
230230101216,龙泉村民委员会,230230101,23,2302,230230
230230101217,河临村民委员会,230230101,23,2302,230230
230230101218,石山村民委员会,230230101,23,2302,230230
230230102200,兴国村民委员会,230230102,23,2302,230230
230230102201,安陆村民委员会,230230102,23,2302,230230
230230102202,新立村民委员会,230230102,23,2302,230230
230230102203,繁荣村民委员会,230230102,23,2302,230230
230230102204,展望村民委员会,230230102,23,2302,230230
230230102205,长胜村民委员会,230230102,23,2302,230230
230230102206,庆祝村民委员会,230230102,23,2302,230230
230230102207,福建村民委员会,230230102,23,2302,230230
230230102208,宏升村民委员会,230230102,23,2302,230230
230230102209,福安村民委员会,230230102,23,2302,230230
230230102210,双龙村民委员会,230230102,23,2302,230230
230230102211,自卫村民委员会,230230102,23,2302,230230
230230103200,新合村民委员会,230230103,23,2302,230230
230230103201,新胜村民委员会,230230103,23,2302,230230
230230103202,新兴村民委员会,230230103,23,2302,230230
230230103203,群英村民委员会,230230103,23,2302,230230
230230103204,春和村民委员会,230230103,23,2302,230230
230230103205,复兴村民委员会,230230103,23,2302,230230
230230103206,兴华村民委员会,230230103,23,2302,230230
230230103207,建国村民委员会,230230103,23,2302,230230
230230103208,前进村民委员会,230230103,23,2302,230230
230230103209,双泉村民委员会,230230103,23,2302,230230
230230103210,爱民村民委员会,230230103,23,2302,230230
230230103211,青山村民委员会,230230103,23,2302,230230
230230103212,新家村民委员会,230230103,23,2302,230230
230230103213,东风村民委员会,230230103,23,2302,230230
230230103214,福禄村民委员会,230230103,23,2302,230230
230230103215,邻河村民委员会,230230103,23,2302,230230
230230103216,北兴村民委员会,230230103,23,2302,230230
230230103217,忠良村民委员会,230230103,23,2302,230230
230230103218,永久村民委员会,230230103,23,2302,230230
230230104200,光辉村民委员会,230230104,23,2302,230230
230230104201,勤俭村民委员会,230230104,23,2302,230230
230230104202,幸福村民委员会,230230104,23,2302,230230
230230104203,勇进村民委员会,230230104,23,2302,230230
230230104204,齐心村民委员会,230230104,23,2302,230230
230230104205,古城村民委员会,230230104,23,2302,230230
230230104206,玉华村民委员会,230230104,23,2302,230230
230230104207,卫星村民委员会,230230104,23,2302,230230
230230104208,富强村民委员会,230230104,23,2302,230230
230230104209,红塔村民委员会,230230104,23,2302,230230
230230104210,国富村民委员会,230230104,23,2302,230230
230230104211,建华村民委员会,230230104,23,2302,230230
230230104212,庆丰村民委员会,230230104,23,2302,230230
230230202200,和平村民委员会,230230202,23,2302,230230
230230202201,太安村民委员会,230230202,23,2302,230230
230230202202,同意村民委员会,230230202,23,2302,230230
230230202203,玉河村民委员会,230230202,23,2302,230230
230230202204,礼善村民委员会,230230202,23,2302,230230
230230202205,吉利村民委员会,230230202,23,2302,230230
230230202206,万民村民委员会,230230202,23,2302,230230
230230202207,忠信村民委员会,230230202,23,2302,230230
230230202208,礼让村民委员会,230230202,23,2302,230230
230230202209,人和村民委员会,230230202,23,2302,230230
230230202210,富饶村民委员会,230230202,23,2302,230230
230230202211,永胜村民委员会,230230202,23,2302,230230
230230202212,安业村民委员会,230230202,23,2302,230230
230230202213,建设村民委员会,230230202,23,2302,230230
230230202214,光荣村民委员会,230230202,23,2302,230230
230230204200,翻身村民委员会,230230204,23,2302,230230
230230204201,互助村民委员会,230230204,23,2302,230230
230230204202,山河村民委员会,230230204,23,2302,230230
230230204203,安全村民委员会,230230204,23,2302,230230
230230204204,保胜村民委员会,230230204,23,2302,230230
230230204205,保国村民委员会,230230204,23,2302,230230
230230204206,保安村民委员会,230230204,23,2302,230230
230230204207,太平村民委员会,230230204,23,2302,230230
230230204208,宏光村民委员会,230230204,23,2302,230230
230230204209,民富村民委员会,230230204,23,2302,230230
230230204210,民主村民委员会,230230204,23,2302,230230
230230204211,民安村民委员会,230230204,23,2302,230230
230230204212,兴隆村民委员会,230230204,23,2302,230230
230230204213,东龙村民委员会,230230204,23,2302,230230
230230204214,东兴村民委员会,230230204,23,2302,230230
230230402598,爱华林场虚拟生活区,230230402,23,2302,230230
230230403598,发展林场虚拟生活区,230230403,23,2302,230230
230230404598,东兴林场虚拟生活区,230230404,23,2302,230230
230230580598,红旗奶山羊场虚拟生活区,230230580,23,2302,230230
230230581598,第一良种场虚拟生活区,230230581,23,2302,230230
230230582598,第二良种繁殖场虚拟生活区,230230582,23,2302,230230
230230583598,果树繁殖场虚拟生活区,230230583,23,2302,230230
230230584598,种猪场虚拟生活区,230230584,23,2302,230230
230230585598,黑龙江省社会救助安置中心虚拟生活区,230230585,23,2302,230230
230231100001,东方红社区居民委员会,230231100,23,2302,230231
230231100002,光辉社区居民委员会,230231100,23,2302,230231
230231100003,星火社区居民委员会,230231100,23,2302,230231
230231100004,育新社区居民委员会,230231100,23,2302,230231
230231100005,群英社区居民委员会,230231100,23,2302,230231
230231100006,通泉社区居民委员会,230231100,23,2302,230231
230231100007,东风社区居民委员会,230231100,23,2302,230231
230231100008,曙光社区居民委员会,230231100,23,2302,230231
230231100200,镇郊村民委员会,230231100,23,2302,230231
230231100201,六合村民委员会,230231100,23,2302,230231
230231100202,永久村民委员会,230231100,23,2302,230231
230231100203,民乐村民委员会,230231100,23,2302,230231
230231100204,振兴村民委员会,230231100,23,2302,230231
230231100205,一心村民委员会,230231100,23,2302,230231
230231100206,利民村民委员会,230231100,23,2302,230231
230231100207,新胜村民委员会,230231100,23,2302,230231
230231100208,新乐村民委员会,230231100,23,2302,230231
230231100209,民权村民委员会,230231100,23,2302,230231
230231100210,兴发村民委员会,230231100,23,2302,230231
230231101200,合心村民委员会,230231101,23,2302,230231
230231101201,利华村民委员会,230231101,23,2302,230231
230231101202,革新村民委员会,230231101,23,2302,230231
230231101203,富业村民委员会,230231101,23,2302,230231
230231101204,久胜村民委员会,230231101,23,2302,230231
230231101205,众心村民委员会,230231101,23,2302,230231
230231101206,群心村民委员会,230231101,23,2302,230231
230231101207,华光村民委员会,230231101,23,2302,230231
230231101208,战斗村民委员会,230231101,23,2302,230231
230231101209,向荣村民委员会,230231101,23,2302,230231
230231101210,和乐村民委员会,230231101,23,2302,230231
230231101211,竞业村民委员会,230231101,23,2302,230231
230231101213,自由村民委员会,230231101,23,2302,230231
230231101214,组织村民委员会,230231101,23,2302,230231
230231102200,众兴村民委员会,230231102,23,2302,230231
230231102201,和平村民委员会,230231102,23,2302,230231
230231102202,星火村民委员会,230231102,23,2302,230231
230231102203,卫国村民委员会,230231102,23,2302,230231
230231102204,努力村民委员会,230231102,23,2302,230231
230231102205,远见村民委员会,230231102,23,2302,230231
230231102206,进展村民委员会,230231102,23,2302,230231
230231102207,守林村民委员会,230231102,23,2302,230231
230231102208,建国村民委员会,230231102,23,2302,230231
230231102209,民政村民委员会,230231102,23,2302,230231
230231102210,振祥村民委员会,230231102,23,2302,230231
230231102211,新福村民委员会,230231102,23,2302,230231
230231102212,大兴村民委员会,230231102,23,2302,230231
230231102213,兴旺村民委员会,230231102,23,2302,230231
230231102214,东风村民委员会,230231102,23,2302,230231
230231102215,进化村民委员会,230231102,23,2302,230231
230231103200,胜利村民委员会,230231103,23,2302,230231
230231103201,裕民村民委员会,230231103,23,2302,230231
230231103202,新义村民委员会,230231103,23,2302,230231
230231103203,新春村民委员会,230231103,23,2302,230231
230231103204,幸福村民委员会,230231103,23,2302,230231
230231103205,民生村民委员会,230231103,23,2302,230231
230231103206,光荣村民委员会,230231103,23,2302,230231
230231103207,建设村民委员会,230231103,23,2302,230231
230231103208,德发村民委员会,230231103,23,2302,230231
230231103209,同利村民委员会,230231103,23,2302,230231
230231103210,新建村民委员会,230231103,23,2302,230231
230231103211,众义村民委员会,230231103,23,2302,230231
230231103212,万发村民委员会,230231103,23,2302,230231
230231104200,卫星村民委员会,230231104,23,2302,230231
230231104201,仁义村民委员会,230231104,23,2302,230231
230231104202,群富村民委员会,230231104,23,2302,230231
230231104203,民意村民委员会,230231104,23,2302,230231
230231104204,龙泉村民委员会,230231104,23,2302,230231
230231104205,朝阳村民委员会,230231104,23,2302,230231
230231104206,繁荣村民委员会,230231104,23,2302,230231
230231104207,新发村民委员会,230231104,23,2302,230231
230231104208,富裕村民委员会,230231104,23,2302,230231
230231104209,群众村民委员会,230231104,23,2302,230231
230231104210,光辉村民委员会,230231104,23,2302,230231
230231104211,新兴村民委员会,230231104,23,2302,230231
230231104212,富民村民委员会,230231104,23,2302,230231
230231104213,同乐村民委员会,230231104,23,2302,230231
230231105200,保护村民委员会,230231105,23,2302,230231
230231105201,自治村民委员会,230231105,23,2302,230231
230231105202,红旗村民委员会,230231105,23,2302,230231
230231105203,民强村民委员会,230231105,23,2302,230231
230231105204,复兴村民委员会,230231105,23,2302,230231
230231105205,通肯村民委员会,230231105,23,2302,230231
230231105206,国富村民委员会,230231105,23,2302,230231
230231105207,爱护村民委员会,230231105,23,2302,230231
230231105208,兴隆村民委员会,230231105,23,2302,230231
230231105209,清洁村民委员会,230231105,23,2302,230231
230231105210,合理村民委员会,230231105,23,2302,230231
230231105211,卫民村民委员会,230231105,23,2302,230231
230231106200,公平村民委员会,230231106,23,2302,230231
230231106201,太来村民委员会,230231106,23,2302,230231
230231106202,新立村民委员会,230231106,23,2302,230231
230231106203,勤劳村民委员会,230231106,23,2302,230231
230231106204,爱群村民委员会,230231106,23,2302,230231
230231106205,敬义村民委员会,230231106,23,2302,230231
230231106206,文明村民委员会,230231106,23,2302,230231
230231106207,新辉村民委员会,230231106,23,2302,230231
230231106208,新农村民委员会,230231106,23,2302,230231
230231106209,保富村民委员会,230231106,23,2302,230231
230231200200,新生村民委员会,230231200,23,2302,230231
230231200201,永发村民委员会,230231200,23,2302,230231
230231200202,互助村民委员会,230231200,23,2302,230231
230231200203,致富村民委员会,230231200,23,2302,230231
230231200204,和发村民委员会,230231200,23,2302,230231
230231200205,卫东村民委员会,230231200,23,2302,230231
230231200206,兴安村民委员会,230231200,23,2302,230231
230231200207,自新村民委员会,230231200,23,2302,230231
230231200208,青山村民委员会,230231200,23,2302,230231
230231200209,光复村民委员会,230231200,23,2302,230231
230231201200,爱众村民委员会,230231201,23,2302,230231
230231201201,双仁村民委员会,230231201,23,2302,230231
230231201202,兴国村民委员会,230231201,23,2302,230231
230231201203,兴展村民委员会,230231201,23,2302,230231
230231201204,整理村民委员会,230231201,23,2302,230231
230231201205,和顺村民委员会,230231201,23,2302,230231
230231201206,自立村民委员会,230231201,23,2302,230231
230231201207,保胜村民委员会,230231201,23,2302,230231
230231201208,兴利村民委员会,230231201,23,2302,230231
230231203200,中心村民委员会,230231203,23,2302,230231
230231203201,上升村民委员会,230231203,23,2302,230231
230231203202,发展村民委员会,230231203,23,2302,230231
230231203203,永丰村民委员会,230231203,23,2302,230231
230231203204,团结村民委员会,230231203,23,2302,230231
230231203205,永安村民委员会,230231203,23,2302,230231
230231203206,进步村民委员会,230231203,23,2302,230231
230231203207,勤富村民委员会,230231203,23,2302,230231
230231203208,治安村民委员会,230231203,23,2302,230231
230231203209,巩固村民委员会,230231203,23,2302,230231
230231204200,春光村民委员会,230231204,23,2302,230231
230231204201,众家村民委员会,230231204,23,2302,230231
230231204202,永宁村民委员会,230231204,23,2302,230231
230231204203,集体村民委员会,230231204,23,2302,230231
230231204204,兴华村民委员会,230231204,23,2302,230231
230231204205,长久村民委员会,230231204,23,2302,230231
230231204206,春发村民委员会,230231204,23,2302,230231
230231204207,中和村民委员会,230231204,23,2302,230231
230231204208,顺利村民委员会,230231204,23,2302,230231
230231204209,永利村民委员会,230231204,23,2302,230231
230231206200,大众村民委员会,230231206,23,2302,230231
230231206201,永合村民委员会,230231206,23,2302,230231
230231206202,勤俭村民委员会,230231206,23,2302,230231
230231206203,自爱村民委员会,230231206,23,2302,230231
230231206204,长征村民委员会,230231206,23,2302,230231
230231206205,福民村民委员会,230231206,23,2302,230231
230231206206,福顺村民委员会,230231206,23,2302,230231
230231206207,共同村民委员会,230231206,23,2302,230231
230231209200,礼让村民委员会,230231209,23,2302,230231
230231209201,平等村民委员会,230231209,23,2302,230231
230231209202,民众村民委员会,230231209,23,2302,230231
230231209203,欢胜村民委员会,230231209,23,2302,230231
230231209204,爱国村民委员会,230231209,23,2302,230231
230231209205,有利村民委员会,230231209,23,2302,230231
230231209206,向前村民委员会,230231209,23,2302,230231
230231209207,双河村民委员会,230231209,23,2302,230231
230231209208,同意村民委员会,230231209,23,2302,230231
230231209209,长荣村民委员会,230231209,23,2302,230231
230231209210,长安村民委员会,230231209,23,2302,230231
230231209211,富荣村民委员会,230231209,23,2302,230231
230231209212,新荣村民委员会,230231209,23,2302,230231
230231209213,永兴村民委员会,230231209,23,2302,230231
230231209214,兴良村民委员会,230231209,23,2302,230231
230231209215,有富村民委员会,230231209,23,2302,230231
230231209216,仁合村民委员会,230231209,23,2302,230231
230231210200,新民村民委员会,230231210,23,2302,230231
230231210201,永勤村民委员会,230231210,23,2302,230231
230231210202,万合村民委员会,230231210,23,2302,230231
230231210203,丰盛村民委员会,230231210,23,2302,230231
230231210204,平安村民委员会,230231210,23,2302,230231
230231210205,跃先村民委员会,230231210,23,2302,230231
230231210206,荣胜村民委员会,230231210,23,2302,230231
230231210207,立功村民委员会,230231210,23,2302,230231
230231212200,中富村民委员会,230231212,23,2302,230231
230231212201,爱农村民委员会,230231212,23,2302,230231
230231212202,新士村民委员会,230231212,23,2302,230231
230231212203,新业村民委员会,230231212,23,2302,230231
230231212204,中家村民委员会,230231212,23,2302,230231
230231212205,国民村民委员会,230231212,23,2302,230231
230231212206,中起村民委员会,230231212,23,2302,230231
230231212207,国平村民委员会,230231212,23,2302,230231
230231212208,国太村民委员会,230231212,23,2302,230231
230231212209,国乐村民委员会,230231212,23,2302,230231
230231212210,国安村民委员会,230231212,23,2302,230231
230231212211,中勤村民委员会,230231212,23,2302,230231
230231212212,新展村民委员会,230231212,23,2302,230231
230231212213,新功村民委员会,230231212,23,2302,230231
230231214200,新安村民委员会,230231214,23,2302,230231
230231214201,共荣村民委员会,230231214,23,2302,230231
230231214202,乐业村民委员会,230231214,23,2302,230231
230231214203,新旺村民委员会,230231214,23,2302,230231
230231214204,光明村民委员会,230231214,23,2302,230231
230231214205,荣耀村民委员会,230231214,23,2302,230231
230231214206,永乐村民委员会,230231214,23,2302,230231
230231214207,安福村民委员会,230231214,23,2302,230231
230231214208,合作村民委员会,230231214,23,2302,230231
230231214209,军民村民委员会,230231214,23,2302,230231
230281001001,雨亭社区居民委员会,230281001,23,2302,230281
230281001002,兴业社区居民委员会,230281001,23,2302,230281
230281001003,卫东社区居民委员会,230281001,23,2302,230281
230281001004,文化社区居民委员会,230281001,23,2302,230281
230281001005,城南社区居民委员会,230281001,23,2302,230281
230281001006,百汇社区居民委员会,230281001,23,2302,230281
230281001007,鸿展社区居民委员会,230281001,23,2302,230281
230281001008,惠民社区居民委员会,230281001,23,2302,230281
230281001009,贵银社区居民委员会,230281001,23,2302,230281
230281001010,观湖社区居民委员会,230281001,23,2302,230281
230281002001,爱民社区居民委员会,230281002,23,2302,230281
230281002002,通江社区居民委员会,230281002,23,2302,230281
230281002003,铁路社区居民委员会,230281002,23,2302,230281
230281002004,兴华社区居民委员会,230281002,23,2302,230281
230281002005,祥鸿社区居民委员会,230281002,23,2302,230281
230281002006,华瑞社区居民委员会,230281002,23,2302,230281
230281002007,民安社区居民委员会,230281002,23,2302,230281
230281002200,建华村村民委员会,230281002,23,2302,230281
230281002201,五一村村民委员会,230281002,23,2302,230281
230281002202,城北村村民委员会,230281002,23,2302,230281
230281002203,龙华村村民委员会,230281002,23,2302,230281
230281101001,文昌社区居民委员会,230281101,23,2302,230281
230281101002,中兴社区居民委员会,230281101,23,2302,230281
230281101003,东岗社区居民委员会,230281101,23,2302,230281
230281101004,红光社区居民委员会,230281101,23,2302,230281
230281101005,西城社区居民委员会,230281101,23,2302,230281
230281101200,四季青村村民委员会,230281101,23,2302,230281
230281101201,永远回族村村民委员会,230281101,23,2302,230281
230281102200,二克浅村村民委员会,230281102,23,2302,230281
230281102201,福兴村村民委员会,230281102,23,2302,230281
230281102202,鲜兴村村民委员会,230281102,23,2302,230281
230281102203,西庄村村民委员会,230281102,23,2302,230281
230281102204,文化村村民委员会,230281102,23,2302,230281
230281102205,红星村村民委员会,230281102,23,2302,230281
230281102206,富乡村村民委员会,230281102,23,2302,230281
230281102207,远大村村民委员会,230281102,23,2302,230281
230281102208,庆祥村村民委员会,230281102,23,2302,230281
230281102209,朝阳村村民委员会,230281102,23,2302,230281
230281102210,五星村村民委员会,230281102,23,2302,230281
230281102212,庆丰村村民委员会,230281102,23,2302,230281
230281102213,荣光村村民委员会,230281102,23,2302,230281
230281102214,靠山村村民委员会,230281102,23,2302,230281
230281102215,前卫村村民委员会,230281102,23,2302,230281
230281102216,合发村村民委员会,230281102,23,2302,230281
230281102217,万兴村村民委员会,230281102,23,2302,230281
230281102218,长兴村村民委员会,230281102,23,2302,230281
230281103200,国兴村村民委员会,230281103,23,2302,230281
230281103201,丰产村村民委员会,230281103,23,2302,230281
230281103202,增产村村民委员会,230281103,23,2302,230281
230281103203,学田村村民委员会,230281103,23,2302,230281
230281103204,合庆村村民委员会,230281103,23,2302,230281
230281103205,永发村村民委员会,230281103,23,2302,230281
230281103206,清和村村民委员会,230281103,23,2302,230281
230281103207,江东村村民委员会,230281103,23,2302,230281
230281103208,宏大村村民委员会,230281103,23,2302,230281
230281103209,明星村村民委员会,230281103,23,2302,230281
230281103210,和平村村民委员会,230281103,23,2302,230281
230281103211,长胜村村民委员会,230281103,23,2302,230281
230281103212,永强村村民委员会,230281103,23,2302,230281
230281103213,向阳村村民委员会,230281103,23,2302,230281
230281103214,保昌村村民委员会,230281103,23,2302,230281
230281104001,红五月农垦社区居民委员会,230281104,23,2302,230281
230281104200,高潮村村民委员会,230281104,23,2302,230281
230281104201,勇进村村民委员会,230281104,23,2302,230281
230281104202,康庄村村民委员会,230281104,23,2302,230281
230281104203,勤俭村村民委员会,230281104,23,2302,230281
230281104204,龙河村村民委员会,230281104,23,2302,230281
230281104205,新生活村村民委员会,230281104,23,2302,230281
230281104206,先锋村村民委员会,230281104,23,2302,230281
230281104207,保安村村民委员会,230281104,23,2302,230281
230281104208,新世纪村村民委员会,230281104,23,2302,230281
230281104209,国庆村村民委员会,230281104,23,2302,230281
230281104210,友好村村民委员会,230281104,23,2302,230281
230281104211,富裕村村民委员会,230281104,23,2302,230281
230281104212,炬光村村民委员会,230281104,23,2302,230281
230281105200,讷南村村民委员会,230281105,23,2302,230281
230281105201,平房村村民委员会,230281105,23,2302,230281
230281105202,鲁民村村民委员会,230281105,23,2302,230281
230281105203,五福村村民委员会,230281105,23,2302,230281
230281105204,新化村村民委员会,230281105,23,2302,230281
230281105205,光辉村村民委员会,230281105,23,2302,230281
230281105206,向荣村村民委员会,230281105,23,2302,230281
230281105207,兴业村村民委员会,230281105,23,2302,230281
230281105208,双泉村村民委员会,230281105,23,2302,230281
230281105209,全胜村村民委员会,230281105,23,2302,230281
230281105210,东兴村村民委员会,230281105,23,2302,230281
230281105211,前进村村民委员会,230281105,23,2302,230281
230281106200,太和村村民委员会,230281106,23,2302,230281
230281106201,仁和村村民委员会,230281106,23,2302,230281
230281106202,灯塔村村民委员会,230281106,23,2302,230281
230281106203,旭光村村民委员会,230281106,23,2302,230281
230281106204,黎明村村民委员会,230281106,23,2302,230281
230281106205,新安村村民委员会,230281106,23,2302,230281
230281106206,繁强村村民委员会,230281106,23,2302,230281
230281106207,富强村村民委员会,230281106,23,2302,230281
230281106208,前程村村民委员会,230281106,23,2302,230281
230281106209,火烽村村民委员会,230281106,23,2302,230281
230281106210,照耀村村民委员会,230281106,23,2302,230281
230281107200,建设村村民委员会,230281107,23,2302,230281
230281107201,长发村村民委员会,230281107,23,2302,230281
230281107202,东方红村村民委员会,230281107,23,2302,230281
230281107203,丰收村村民委员会,230281107,23,2302,230281
230281107204,平安村村民委员会,230281107,23,2302,230281
230281107205,兴胜村村民委员会,230281107,23,2302,230281
230281107206,平原村村民委员会,230281107,23,2302,230281
230281107207,和心村村民委员会,230281107,23,2302,230281
230281108200,通南村村民委员会,230281108,23,2302,230281
230281108201,双乐村村民委员会,230281108,23,2302,230281
230281108202,乐业村村民委员会,230281108,23,2302,230281
230281108203,通胜村村民委员会,230281108,23,2302,230281
230281108204,兴隆村村民委员会,230281108,23,2302,230281
230281108205,吉祥村村民委员会,230281108,23,2302,230281
230281108206,吉庆村村民委员会,230281108,23,2302,230281
230281108207,治和村村民委员会,230281108,23,2302,230281
230281108208,康宁村村民委员会,230281108,23,2302,230281
230281108209,新富村村民委员会,230281108,23,2302,230281
230281108210,公安村村民委员会,230281108,23,2302,230281
230281108211,三山村村民委员会,230281108,23,2302,230281
230281109200,广义村村民委员会,230281109,23,2302,230281
230281109201,志诚村村民委员会,230281109,23,2302,230281
230281109202,升平村村民委员会,230281109,23,2302,230281
230281109203,凌云村村民委员会,230281109,23,2302,230281
230281109204,保国村村民委员会,230281109,23,2302,230281
230281109205,新合村村民委员会,230281109,23,2302,230281
230281109206,启民村村民委员会,230281109,23,2302,230281
230281109207,光华村村民委员会,230281109,23,2302,230281
230281109208,荣胜村村民委员会,230281109,23,2302,230281
230281109209,同义村村民委员会,230281109,23,2302,230281
230281109210,庆宝村村民委员会,230281109,23,2302,230281
230281110200,利国村村民委员会,230281110,23,2302,230281
230281110201,谦益村村民委员会,230281110,23,2302,230281
230281110202,双兴村村民委员会,230281110,23,2302,230281
230281110203,青山村村民委员会,230281110,23,2302,230281
230281110204,九井村村民委员会,230281110,23,2302,230281
230281110205,安仁村村民委员会,230281110,23,2302,230281
230281110206,祥云村村民委员会,230281110,23,2302,230281
230281110207,三合村村民委员会,230281110,23,2302,230281
230281110208,育民村村民委员会,230281110,23,2302,230281
230281110209,光芒村村民委员会,230281110,23,2302,230281
230281111200,胜利村村民委员会,230281111,23,2302,230281
230281111201,聚宝村村民委员会,230281111,23,2302,230281
230281111202,双合村村民委员会,230281111,23,2302,230281
230281111203,群英村村民委员会,230281111,23,2302,230281
230281111204,晨光村村民委员会,230281111,23,2302,230281
230281111205,共福村村民委员会,230281111,23,2302,230281
230281111206,老莱村村民委员会,230281111,23,2302,230281
230281111207,继光村村民委员会,230281111,23,2302,230281
230281111208,利民村村民委员会,230281111,23,2302,230281
230281111209,丰盛村村民委员会,230281111,23,2302,230281
230281201200,隆昌村村民委员会,230281201,23,2302,230281
230281201201,文明村村民委员会,230281201,23,2302,230281
230281201202,双发村村民委员会,230281201,23,2302,230281
230281201203,孔国村村民委员会,230281201,23,2302,230281
230281201204,兆麟村村民委员会,230281201,23,2302,230281
230281201205,德宝村村民委员会,230281201,23,2302,230281
230281201206,信义村村民委员会,230281201,23,2302,230281
230281201207,忠孝村村民委员会,230281201,23,2302,230281
230281201208,长安村村民委员会,230281201,23,2302,230281
230281201209,三星村村民委员会,230281201,23,2302,230281
230281201210,满仓村村民委员会,230281201,23,2302,230281
230281201211,仁爱村村民委员会,230281201,23,2302,230281
230281207200,和盛村村民委员会,230281207,23,2302,230281
230281207201,和义村村民委员会,230281207,23,2302,230281
230281207202,万宝村村民委员会,230281207,23,2302,230281
230281207203,农乐村村民委员会,230281207,23,2302,230281
230281207204,仁厚村村民委员会,230281207,23,2302,230281
230281207205,高升村村民委员会,230281207,23,2302,230281
230281207206,复兴村村民委员会,230281207,23,2302,230281
230281207207,新祥村村民委员会,230281207,23,2302,230281
230281207208,华升村村民委员会,230281207,23,2302,230281
230281207209,南阳村村民委员会,230281207,23,2302,230281
230281208200,同心村村民委员会,230281208,23,2302,230281
230281208201,满丰村村民委员会,230281208,23,2302,230281
230281208202,文光村村民委员会,230281208,23,2302,230281
230281208203,保育村村民委员会,230281208,23,2302,230281
230281208204,茂林村村民委员会,230281208,23,2302,230281
230281208205,双喜村村民委员会,230281208,23,2302,230281
230281208206,祥乐村村民委员会,230281208,23,2302,230281
230281208207,革新村村民委员会,230281208,23,2302,230281
230281208208,更新村村民委员会,230281208,23,2302,230281
230281208209,联盟村村民委员会,230281208,23,2302,230281
230281208210,巨和村村民委员会,230281208,23,2302,230281
230281210200,新兴村村民委员会,230281210,23,2302,230281
230281210201,兴旺村村民委员会,230281210,23,2302,230281
230281210202,索伦村村民委员会,230281210,23,2302,230281
230281210203,河江村村民委员会,230281210,23,2302,230281
230281210204,百路村村民委员会,230281210,23,2302,230281
230281210205,凤鸣村村民委员会,230281210,23,2302,230281
230281210206,永久村村民委员会,230281210,23,2302,230281
230281210207,团结村村民委员会,230281210,23,2302,230281
230281210208,钢铁村村民委员会,230281210,23,2302,230281
230281210209,天津村村民委员会,230281210,23,2302,230281
230281210210,黑龙村村民委员会,230281210,23,2302,230281
230281210211,民强村村民委员会,230281210,23,2302,230281
230281400598,龙河镇保安林场虚拟生活区,230281400,23,2302,230281
230281401598,龙河镇茂山林场虚拟生活区,230281401,23,2302,230281
230281402598,龙河镇国庆林场虚拟生活区,230281402,23,2302,230281
230281403598,学田镇富源林场虚拟生活区,230281403,23,2302,230281
230281404598,老莱镇宽余林场虚拟生活区,230281404,23,2302,230281
230281405598,新江林场虚拟生活区,230281405,23,2302,230281
230281406598,一良苗圃虚拟生活区,230281406,23,2302,230281
230281480498,黑龙江省老莱农场虚拟社区,230281480,23,2302,230281
230281581598,六合镇黎明奶牛场虚拟生活区,230281581,23,2302,230281
230281582598,孔国乡进化种猪场虚拟生活区,230281582,23,2302,230281
230281583598,二克浅镇二里种畜场虚拟生活区,230281583,23,2302,230281
230281584598,龙河镇青色草原种畜场虚拟生活区,230281584,23,2302,230281
230281585598,第一良种场虚拟生活区,230281585,23,2302,230281
230281586598,第二良种场虚拟生活区,230281586,23,2302,230281
230281587598,第三良种场虚拟生活区,230281587,23,2302,230281
230281588598,第四良种场虚拟生活区,230281588,23,2302,230281
230302001001,向阳社区居民委员会,230302001,23,2303,230302
230302001003,北山社区居民委员会,230302001,23,2303,230302
230302001004,东山社区居民委员会,230302001,23,2303,230302
230302001006,园林社区居民委员会,230302001,23,2303,230302
230302002002,跃进社区居民委员会,230302002,23,2303,230302
230302002004,建设社区居民委员会,230302002,23,2303,230302
230302002005,康新社区居民委员会,230302002,23,2303,230302
230302002006,新建社区居民委员会,230302002,23,2303,230302
230302003001,矿部社区居民委员会,230302003,23,2303,230302
230302004001,龙行社区居民委员会,230302004,23,2303,230302
230302004002,四海居社区居民委员会,230302004,23,2303,230302
230302004006,中山社区居民委员会,230302004,23,2303,230302
230302004007,东岸社区居民委员会,230302004,23,2303,230302
230302005001,月秀社区居民委员会,230302005,23,2303,230302
230302005003,红旗社区居民委员会,230302005,23,2303,230302
230302005005,赛洛城社区居民委员会,230302005,23,2303,230302
230302006002,幸福里社区居民委员会,230302006,23,2303,230302
230302006006,先锋社区居民委员会,230302006,23,2303,230302
230302007003,西安社区居民委员会,230302007,23,2303,230302
230302007006,电台社区居民委员会,230302007,23,2303,230302
230302007007,西山社区居民委员会,230302007,23,2303,230302
230302200200,红星村委会,230302200,23,2303,230302
230302200201,东太村委会,230302200,23,2303,230302
230302200202,红太村委会,230302200,23,2303,230302
230302200203,红胜村委会,230302200,23,2303,230302
230302200204,鸡兴村委会,230302200,23,2303,230302
230302200205,西太村委会,230302200,23,2303,230302
230302200206,前进村委会,230302200,23,2303,230302
230302200207,朝阳村委会,230302200,23,2303,230302
230302201200,梁家村委会,230302201,23,2303,230302
230302201201,团结村委会,230302201,23,2303,230302
230302201202,三合村委会,230302201,23,2303,230302
230302201203,新发村委会,230302201,23,2303,230302
230302201204,西郊村委会,230302201,23,2303,230302
230302201205,东郊村委会,230302201,23,2303,230302
230303002011,桦木林社区居民委员会,230303002,23,2303,230303
230303002012,高锋社区居民委员会,230303002,23,2303,230303
230303002013,优胜社区居民委员会,230303002,23,2303,230303
230303003003,宏伟社区居民委员会,230303003,23,2303,230303
230303003008,兴隆社区居民委员会,230303003,23,2303,230303
230303004004,富荣社区居民委员会,230303004,23,2303,230303
230303004008,雄关社区居民委员会,230303004,23,2303,230303
230303005003,张新社区居民委员会,230303005,23,2303,230303
230303006002,恒新社区居民委员会,230303006,23,2303,230303
230303006004,安全社区居民委员会,230303006,23,2303,230303
230303007001,中兴社区居民委员会,230303007,23,2303,230303
230303200200,张鲜村委会,230303200,23,2303,230303
230303200201,薛家村委会,230303200,23,2303,230303
230303200202,丰乐村委会,230303200,23,2303,230303
230303200203,民乐村委会,230303200,23,2303,230303
230303200204,丰鲜村委会,230303200,23,2303,230303
230303200205,义安村委会,230303200,23,2303,230303
230303200206,小恒山村委会,230303200,23,2303,230303
230303200207,红旗村委会,230303200,23,2303,230303
230303200208,安乐村委会,230303200,23,2303,230303
230303200209,长胜村委会,230303200,23,2303,230303
230303200210,合作村委会,230303200,23,2303,230303
230303200211,民主村委会,230303200,23,2303,230303
230303200212,胜利村委会,230303200,23,2303,230303
230303200213,艳胜村委会,230303200,23,2303,230303
230303200214,艳丰村委会,230303200,23,2303,230303
230303200215,艳东村委会,230303200,23,2303,230303
230303201200,中心村委会,230303201,23,2303,230303
230303201201,柳毛村委会,230303201,23,2303,230303
230303201202,新胜村委会,230303201,23,2303,230303
230303201203,莲花村委会,230303201,23,2303,230303
230303201204,安山村委会,230303201,23,2303,230303
230303201205,铅矿村委会,230303201,23,2303,230303
230303201206,裕丰村委会,230303201,23,2303,230303
230303201207,光明村委会,230303201,23,2303,230303
230304001001,新华社区居民委员会,230304001,23,2303,230304
230304001002,光华社区居民委员会,230304001,23,2303,230304
230304001003,白云社区居民委员会,230304001,23,2303,230304
230304002002,大半道社区居民委员会,230304002,23,2303,230304
230304002005,东风社区居民委员会,230304002,23,2303,230304
230304003002,洗煤社区居民委员会,230304003,23,2303,230304
230304003005,电厂社区居民委员会,230304003,23,2303,230304
230304004001,大通沟社区居民委员会,230304004,23,2303,230304
230304200200,金刚村委会,230304200,23,2303,230304
230304200201,金铁村委会,230304200,23,2303,230304
230304200202,金山村委会,230304200,23,2303,230304
230304200203,王家村委会,230304200,23,2303,230304
230304200204,同乐村委会,230304200,23,2303,230304
230304200205,南甸子村委会,230304200,23,2303,230304
230304200206,团山子村委会,230304200,23,2303,230304
230304200207,大通沟村委会,230304200,23,2303,230304
230304200208,荣丰村委会,230304200,23,2303,230304
230304200209,新民村委会,230304200,23,2303,230304
230304200210,新兴村委会,230304200,23,2303,230304
230304201200,兰岭村委会,230304201,23,2303,230304
230304201201,永台村委会,230304201,23,2303,230304
230304201202,永胜村委会,230304201,23,2303,230304
230304201203,大同村委会,230304201,23,2303,230304
230304201204,平安村委会,230304201,23,2303,230304
230304201205,新立村委会,230304201,23,2303,230304
230304201206,河北村委会,230304201,23,2303,230304
230304201207,新建村委会,230304201,23,2303,230304
230305001001,自动社区居民委员会,230305001,23,2303,230305
230305001002,中心社区居民委员会,230305001,23,2303,230305
230305002005,鼎元社区居民委员会,230305002,23,2303,230305
230305002007,碱场社区居民委员会,230305002,23,2303,230305
230305003004,兴华社区居民委员会,230305003,23,2303,230305
230305003005,立新社区居民委员会,230305003,23,2303,230305
230305101001,穆棱社区居民委员会,230305101,23,2303,230305
230305101200,中心村委会,230305101,23,2303,230305
230305101201,凤山村委会,230305101,23,2303,230305
230305101202,新进村委会,230305101,23,2303,230305
230305101203,前进村委会,230305101,23,2303,230305
230305101204,石场村委会,230305101,23,2303,230305
230305101205,双胜村委会,230305101,23,2303,230305
230305101206,双合村委会,230305101,23,2303,230305
230305101207,碱场村委会,230305101,23,2303,230305
230305101208,河西村委会,230305101,23,2303,230305
230305101209,猴石村委会,230305101,23,2303,230305
230305101210,河口村委会,230305101,23,2303,230305
230306001001,老房社区居民委员会,230306001,23,2303,230306
230306001002,花园社区居民委员会,230306001,23,2303,230306
230306001003,长青社区居民委员会,230306001,23,2303,230306
230306001004,新立社区居民委员会,230306001,23,2303,230306
230306001005,城砖社区居民委员会,230306001,23,2303,230306
230306001006,城海社区居民委员会,230306001,23,2303,230306
230306001007,三建社区居民委员会,230306001,23,2303,230306
230306001008,金三角社区居民委员会,230306001,23,2303,230306
230306002001,正阳社区居民委员会,230306002,23,2303,230306
230306003001,东海社区居民委员会,230306003,23,2303,230306
230306004001,晨光社区居民委员会,230306004,23,2303,230306
230306004002,白石社区居民委员会,230306004,23,2303,230306
230306004003,总厂社区居民委员会,230306004,23,2303,230306
230306004004,平安社区居民委员会,230306004,23,2303,230306
230306005001,杏花社区居民委员会,230306005,23,2303,230306
230306200200,新阳村委会,230306200,23,2303,230306
230306200201,向阳村委会,230306200,23,2303,230306
230306200202,和平村委会,230306200,23,2303,230306
230306200203,正阳村委会,230306200,23,2303,230306
230306200204,城东村委会,230306200,23,2303,230306
230306200205,红卫村委会,230306200,23,2303,230306
230306201200,新华村委会,230306201,23,2303,230306
230306201201,新兴村委会,230306201,23,2303,230306
230306201202,新城村委会,230306201,23,2303,230306
230306201203,永平村委会,230306201,23,2303,230306
230306201204,丰安村委会,230306201,23,2303,230306
230306201205,永红村委会,230306201,23,2303,230306
230306201206,城子河村委会,230306201,23,2303,230306
230307001002,建国社区居民委员会,230307001,23,2303,230307
230307001004,中心社区居民委员会,230307001,23,2303,230307
230307001005,前进社区居民委员会,230307001,23,2303,230307
230307101200,太和村委会,230307101,23,2303,230307
230307101201,吉祥村委会,230307101,23,2303,230307
230307101202,龙山村委会,230307101,23,2303,230307
230307101203,新光村委会,230307101,23,2303,230307
230307101204,前东新村委会,230307101,23,2303,230307
230307101205,麻山村委会,230307101,23,2303,230307
230307101206,新发村委会,230307101,23,2303,230307
230307101207,和平村委会,230307101,23,2303,230307
230307101208,共荣村委会,230307101,23,2303,230307
230307101209,双岭村委会,230307101,23,2303,230307
230307101210,后东新村委会,230307101,23,2303,230307
230307101211,土顶子村委会,230307101,23,2303,230307
230307101212,五龙村委会,230307101,23,2303,230307
230307101213,青龙村委会,230307101,23,2303,230307
230307101214,西大坡村委会,230307101,23,2303,230307
230307101215,山河村委会,230307101,23,2303,230307
230321100001,镇中社区居民委员会,230321100,23,2303,230321
230321100002,前进社区居民委员会,230321100,23,2303,230321
230321100003,北华社区居民委员会,230321100,23,2303,230321
230321100004,东风社区居民委员会,230321100,23,2303,230321
230321100005,城南社区居民委员会,230321100,23,2303,230321
230321100010,南华社区居民委员会,230321100,23,2303,230321
230321100011,城西社区居民委员会,230321100,23,2303,230321
230321100012,新城社区居民委员会,230321100,23,2303,230321
230321100200,石河北村委会,230321100,23,2303,230321
230321100201,银峰村委会,230321100,23,2303,230321
230321100202,银河村委会,230321100,23,2303,230321
230321100203,银东村委会,230321100,23,2303,230321
230321100204,红胜村委会,230321100,23,2303,230321
230321100205,荣华村委会,230321100,23,2303,230321
230321100206,保中村委会,230321100,23,2303,230321
230321100207,得胜村委会,230321100,23,2303,230321
230321100208,勇鲜村委会,230321100,23,2303,230321
230321100209,光荣村委会,230321100,23,2303,230321
230321100210,古山子村委会,230321100,23,2303,230321
230321100211,明俊村委会,230321100,23,2303,230321
230321100212,张家村委会,230321100,23,2303,230321
230321100213,新峰村委会,230321100,23,2303,230321
230321100214,鸡东村委会,230321100,23,2303,230321
230321101001,平阳社区居民委员会,230321101,23,2303,230321
230321101200,永发村委会,230321101,23,2303,230321
230321101201,平阳村委会,230321101,23,2303,230321
230321101202,牛心山村委会,230321101,23,2303,230321
230321101203,永长村委会,230321101,23,2303,230321
230321101204,河南村委会,230321101,23,2303,230321
230321101205,永隆村委会,230321101,23,2303,230321
230321101206,金城村委会,230321101,23,2303,230321
230321101207,希贤村委会,230321101,23,2303,230321
230321101208,永兴村委会,230321101,23,2303,230321
230321101209,新发村委会,230321101,23,2303,230321
230321101210,新城村委会,230321101,23,2303,230321
230321101211,富国村委会,230321101,23,2303,230321
230321101212,金生村委会,230321101,23,2303,230321
230321101213,前卫村委会,230321101,23,2303,230321
230321102001,向阳社区居民委员会,230321102,23,2303,230321
230321102200,联合村委会,230321102,23,2303,230321
230321102201,曲河村委会,230321102,23,2303,230321
230321102202,通街村委会,230321102,23,2303,230321
230321102203,红星村委会,230321102,23,2303,230321
230321102204,东河村委会,230321102,23,2303,230321
230321102205,忠信村委会,230321102,23,2303,230321
230321102206,卫国村委会,230321102,23,2303,230321
230321102207,古城村委会,230321102,23,2303,230321
230321102208,向阳村委会,230321102,23,2303,230321
230321103001,哈达社区居民委员会,230321103,23,2303,230321
230321103002,保合社区居民委员会,230321103,23,2303,230321
230321103200,哈达村委会,230321103,23,2303,230321
230321103201,先锋村委会,230321103,23,2303,230321
230321103202,太阳村委会,230321103,23,2303,230321
230321103203,东风村委会,230321103,23,2303,230321
230321103204,山河村委会,230321103,23,2303,230321
230321103205,程家村委会,230321103,23,2303,230321
230321103206,杏花村委会,230321103,23,2303,230321
230321103207,双保村委会,230321103,23,2303,230321
230321103208,青山村委会,230321103,23,2303,230321
230321104001,永安社区居民委员会,230321104,23,2303,230321
230321104002,永丰社区居民委员会,230321104,23,2303,230321
230321104200,永安村委会,230321104,23,2303,230321
230321104201,永平村委会,230321104,23,2303,230321
230321104202,永东村委会,230321104,23,2303,230321
230321104203,永红村委会,230321104,23,2303,230321
230321104204,永乐村委会,230321104,23,2303,230321
230321104205,永丰村委会,230321104,23,2303,230321
230321104206,永宁村委会,230321104,23,2303,230321
230321104207,永生村委会,230321104,23,2303,230321
230321104208,永丽村委会,230321104,23,2303,230321
230321104209,永新村委会,230321104,23,2303,230321
230321104210,永政村委会,230321104,23,2303,230321
230321105001,永和社区居民委员会,230321105,23,2303,230321
230321105002,荣华社区居民委员会,230321105,23,2303,230321
230321105200,永和村委会,230321105,23,2303,230321
230321105201,公平村委会,230321105,23,2303,230321
230321105202,永胜村委会,230321105,23,2303,230321
230321105203,东安村委会,230321105,23,2303,230321
230321105204,新乐村委会,230321105,23,2303,230321
230321105205,林安村委会,230321105,23,2303,230321
230321105206,保安村委会,230321105,23,2303,230321
230321105207,东进村委会,230321105,23,2303,230321
230321105208,永庆村委会,230321105,23,2303,230321
230321105209,新和村委会,230321105,23,2303,230321
230321105210,新安村委会,230321105,23,2303,230321
230321105211,长安村委会,230321105,23,2303,230321
230321106001,东海社区居民委员会,230321106,23,2303,230321
230321106200,兴国村委会,230321106,23,2303,230321
230321106201,幸福村委会,230321106,23,2303,230321
230321106202,长兴村委会,230321106,23,2303,230321
230321106203,东升村委会,230321106,23,2303,230321
230321106204,新华村委会,230321106,23,2303,230321
230321106205,永泉村委会,230321106,23,2303,230321
230321106206,长山村委会,230321106,23,2303,230321
230321106207,建设村委会,230321106,23,2303,230321
230321106208,东海村委会,230321106,23,2303,230321
230321106209,发展村委会,230321106,23,2303,230321
230321106210,新生村委会,230321106,23,2303,230321
230321106211,高峰村委会,230321106,23,2303,230321
230321106212,群英村委会,230321106,23,2303,230321
230321106213,新泉村委会,230321106,23,2303,230321
230321106214,永远村委会,230321106,23,2303,230321
230321106215,兴隆村委会,230321106,23,2303,230321
230321107001,兴农社区居民委员会,230321107,23,2303,230321
230321107002,四海社区居民委员会,230321107,23,2303,230321
230321107003,兴农镇宝泉社区,230321107,23,2303,230321
230321107200,兴农村委会,230321107,23,2303,230321
230321107201,太平村委会,230321107,23,2303,230321
230321107202,奋斗村委会,230321107,23,2303,230321
230321107203,东保村委会,230321107,23,2303,230321
230321107204,红旗村委会,230321107,23,2303,230321
230321107205,四海村委会,230321107,23,2303,230321
230321107206,双山村委会,230321107,23,2303,230321
230321107207,兴林村委会,230321107,23,2303,230321
230321107208,富强村委会,230321107,23,2303,230321
230321200200,鸡林村委会,230321200,23,2303,230321
230321200201,东兴村委会,230321200,23,2303,230321
230321200202,东明村委会,230321200,23,2303,230321
230321200203,进兴村委会,230321200,23,2303,230321
230321200204,永光村委会,230321200,23,2303,230321
230321200206,前进村委会,230321200,23,2303,230321
230321205200,北河村委会,230321205,23,2303,230321
230321205201,更新村委会,230321205,23,2303,230321
230321205202,立新村委会,230321205,23,2303,230321
230321205203,曙光村委会,230321205,23,2303,230321
230321205204,红火村委会,230321205,23,2303,230321
230321205205,五星村委会,230321205,23,2303,230321
230321205206,明德村委会,230321205,23,2303,230321
230321205207,建政村委会,230321205,23,2303,230321
230321206200,下亮子村委会,230321206,23,2303,230321
230321206201,裕国村委会,230321206,23,2303,230321
230321206202,裕民村委会,230321206,23,2303,230321
230321206203,复兴村委会,230321206,23,2303,230321
230321206204,久泰村委会,230321206,23,2303,230321
230321206205,新立村委会,230321206,23,2303,230321
230321206206,正乡村委会,230321206,23,2303,230321
230321206207,西庄村委会,230321206,23,2303,230321
230321206208,亮鲜村委会,230321206,23,2303,230321
230321206209,综合村委会,230321206,23,2303,230321
230321206210,三排村委会,230321206,23,2303,230321
230321206211,四排村委会,230321206,23,2303,230321
230321206212,长庆村委会,230321206,23,2303,230321
230321206213,柳河村委会,230321206,23,2303,230321
230321400501,联合林场生活区,230321400,23,2303,230321
230321400502,凤凰山林场生活区,230321400,23,2303,230321
230321400503,西南岔林场生活区,230321400,23,2303,230321
230321400504,平房林场生活区,230321400,23,2303,230321
230321400505,四山林场生活区,230321400,23,2303,230321
230321400506,宝泉林场生活区,230321400,23,2303,230321
230321400507,曙光林场生活区,230321400,23,2303,230321
230321400508,红旗林场生活区,230321400,23,2303,230321
230321500402,八五一零场直社区,230321500,23,2303,230321
230321500501,八五一０农场杨木林子管理区,230321500,23,2303,230321
230321500502,八五一０农场当壁镇管理区,230321500,23,2303,230321
230321500503,八五一０农场新垦管理区,230321500,23,2303,230321
230321500504,八五一０农场黑背山管理区,230321500,23,2303,230321
230381100001,城东社区居民委员会,230381100,23,2303,230381
230381100002,中心社区居民委员会,230381100,23,2303,230381
230381100003,曙光社区居民委员会,230381100,23,2303,230381
230381100004,铁南社区居民委员会,230381100,23,2303,230381
230381100005,西苑社区居民委员会,230381100,23,2303,230381
230381100200,同和村委会,230381100,23,2303,230381
230381100201,桦树村委会,230381100,23,2303,230381
230381100202,义和村委会,230381100,23,2303,230381
230381100203,西岗村委会,230381100,23,2303,230381
230381100204,东升村委会,230381100,23,2303,230381
230381100205,桦南村委会,230381100,23,2303,230381
230381100206,于林村委会,230381100,23,2303,230381
230381100207,东源村委会,230381100,23,2303,230381
230381100208,安乐村委会,230381100,23,2303,230381
230381100209,镇兴村委会,230381100,23,2303,230381
230381100210,耕农村委会,230381100,23,2303,230381
230381101001,铁路社区居民委员会,230381101,23,2303,230381
230381101002,粮库社区居民委员会,230381101,23,2303,230381
230381101200,兴阳村委会,230381101,23,2303,230381
230381101201,富先村委会,230381101,23,2303,230381
230381101202,东方村委会,230381101,23,2303,230381
230381102001,第一社区居民委员会,230381102,23,2303,230381
230381102002,第二社区居民委员会,230381102,23,2303,230381
230381102003,第三社区居民委员会,230381102,23,2303,230381
230381102004,车站社区居民委员会,230381102,23,2303,230381
230381102200,迎春村委会,230381102,23,2303,230381
230381102201,镇西村委会,230381102,23,2303,230381
230381102202,曙光村委会,230381102,23,2303,230381
230381103200,半站村委会,230381103,23,2303,230381
230381103201,月牙村委会,230381103,23,2303,230381
230381103202,卫疆村委会,230381103,23,2303,230381
230381103203,朱德山村委会,230381103,23,2303,230381
230381103204,富路村委会,230381103,23,2303,230381
230381103205,大王家村委会,230381103,23,2303,230381
230381103206,虎头村委会,230381103,23,2303,230381
230381103207,新岗村委会,230381103,23,2303,230381
230381103208,新庆村委会,230381103,23,2303,230381
230381103209,新兴村委会,230381103,23,2303,230381
230381104200,新建村委会,230381104,23,2303,230381
230381104201,杨树河村委会,230381104,23,2303,230381
230381104202,杨岗村委会,230381104,23,2303,230381
230381104203,六人班村委会,230381104,23,2303,230381
230381104204,富国村委会,230381104,23,2303,230381
230381104205,湖北村委会,230381104,23,2303,230381
230381104206,合民村委会,230381104,23,2303,230381
230381104207,朝阳村委会,230381104,23,2303,230381
230381105200,复兴村委会,230381105,23,2303,230381
230381105201,永丰村委会,230381105,23,2303,230381
230381105202,清和村委会,230381105,23,2303,230381
230381105203,新风村委会,230381105,23,2303,230381
230381105204,东风村委会,230381105,23,2303,230381
230381105205,和平村委会,230381105,23,2303,230381
230381105206,三林村委会,230381105,23,2303,230381
230381105207,仁爱村委会,230381105,23,2303,230381
230381105208,忠信村委会,230381105,23,2303,230381
230381105209,忠诚村委会,230381105,23,2303,230381
230381106200,宝东村委会,230381106,23,2303,230381
230381106201,宝兴村委会,230381106,23,2303,230381
230381106202,共乐村委会,230381106,23,2303,230381
230381106203,凉水泉村委会,230381106,23,2303,230381
230381106204,兴华村委会,230381106,23,2303,230381
230381106205,东兴村委会,230381106,23,2303,230381
230381106206,平原村委会,230381106,23,2303,230381
230381106207,太和村委会,230381106,23,2303,230381
230381106208,太兴村委会,230381106,23,2303,230381
230381106209,太山村委会,230381106,23,2303,230381
230381106210,正义村委会,230381106,23,2303,230381
230381106211,联义村委会,230381106,23,2303,230381
230381203200,兴隆村委会,230381203,23,2303,230381
230381203201,新乐村委会,230381203,23,2303,230381
230381203202,新民村委会,230381203,23,2303,230381
230381203203,富荣村委会,230381203,23,2303,230381
230381203204,连山村委会,230381203,23,2303,230381
230381203205,永平村委会,230381203,23,2303,230381
230381203206,双跃村委会,230381203,23,2303,230381
230381204200,太平村委会,230381204,23,2303,230381
230381204201,胜利村委会,230381204,23,2303,230381
230381204202,伟光村委会,230381204,23,2303,230381
230381204203,吉庆村委会,230381204,23,2303,230381
230381204204,吉安村委会,230381204,23,2303,230381
230381204205,德福村委会,230381204,23,2303,230381
230381204206,永胜村委会,230381204,23,2303,230381
230381204207,幸福村委会,230381204,23,2303,230381
230381206200,永乐村委会,230381206,23,2303,230381
230381206201,永和村委会,230381206,23,2303,230381
230381206202,小木河村委会,230381206,23,2303,230381
230381206203,宝丰村委会,230381206,23,2303,230381
230381206204,独木河村委会,230381206,23,2303,230381
230381206205,新跃村委会,230381206,23,2303,230381
230381207200,新富村委会,230381207,23,2303,230381
230381207201,新路村委会,230381207,23,2303,230381
230381207202,新中村委会,230381207,23,2303,230381
230381207203,阿北村委会,230381207,23,2303,230381
230381207204,阿东村委会,230381207,23,2303,230381
230381207205,新林村委会,230381207,23,2303,230381
230381207206,新政村委会,230381207,23,2303,230381
230381400401,第一居民委员会社区,230381400,23,2303,230381
230381400402,第二居民委员会社区,230381400,23,2303,230381
230381400403,第三居民委员会社区,230381400,23,2303,230381
230381400404,第五居民委员会社区,230381400,23,2303,230381
230381400405,第六居民委员会社区,230381400,23,2303,230381
230381400406,第七居民委员会社区,230381400,23,2303,230381
230381400407,第八居民委员会社区,230381400,23,2303,230381
230381400408,第九居民委员会社区,230381400,23,2303,230381
230381400409,第十居民委员会社区,230381400,23,2303,230381
230381400410,第十一居民委员会社区,230381400,23,2303,230381
230381400411,第十二居民委员会社区,230381400,23,2303,230381
230381400412,第十三居民委员会社区,230381400,23,2303,230381
230381400413,第十四居民委员会社区,230381400,23,2303,230381
230381400414,第十五居民委员会社区,230381400,23,2303,230381
230381400415,第十六居民委员会社区,230381400,23,2303,230381
230381400416,第十七居民委员会社区,230381400,23,2303,230381
230381400417,第十八居民委员会社区,230381400,23,2303,230381
230381400418,第十九居民委员会社区,230381400,23,2303,230381
230381400419,第二十居民委员会社区,230381400,23,2303,230381
230381400520,东林经营所社区生活区,230381400,23,2303,230381
230381400521,西南岔经营所社区生活区,230381400,23,2303,230381
230381400523,青山经营所社区生活区,230381400,23,2303,230381
230381400524,独木河林场社区生活区,230381400,23,2303,230381
230381400525,马鞍山农场社区生活区,230381400,23,2303,230381
230381400526,大塔山林场社区生活区,230381400,23,2303,230381
230381400527,河口林场社区生活区,230381400,23,2303,230381
230381401401,第一居民委员会社区,230381401,23,2303,230381
230381401402,第二居民委员会社区,230381401,23,2303,230381
230381401403,第三居民委员会社区,230381401,23,2303,230381
230381401404,第四居民委员会社区,230381401,23,2303,230381
230381401405,第五居民委员会社区,230381401,23,2303,230381
230381401506,方山林场社区生活区,230381401,23,2303,230381
230381401507,皖峰林场社区生活区,230381401,23,2303,230381
230381401508,东风林场社区生活区,230381401,23,2303,230381
230381401509,五泡林场社区生活区,230381401,23,2303,230381
230381401510,尖山林场社区生活区,230381401,23,2303,230381
230381401511,永丰林场社区生活区,230381401,23,2303,230381
230381401512,光明农场社区生活区,230381401,23,2303,230381
230381401513,向阳农场社区生活区,230381401,23,2303,230381
230381401514,曙光农场社区生活区,230381401,23,2303,230381
230381401515,索伦农场社区生活区,230381401,23,2303,230381
230381500402,八五〇场直社区,230381500,23,2303,230381
230381500501,八五〇农场第一管理区,230381500,23,2303,230381
230381500502,八五〇农场第二管理区,230381500,23,2303,230381
230381500503,八五〇农场第三管理区,230381500,23,2303,230381
230381500504,八五〇农场第四管理区,230381500,23,2303,230381
230381500505,八五〇农场第五管理区,230381500,23,2303,230381
230381500506,八五〇农场第六管理区,230381500,23,2303,230381
230381500507,八五〇农场第七管理区,230381500,23,2303,230381
230381501402,八五四场直社区,230381501,23,2303,230381
230381501501,八五四农场第一管理区,230381501,23,2303,230381
230381501502,八五四农场第二管理区,230381501,23,2303,230381
230381501503,八五四农场第三管理区,230381501,23,2303,230381
230381501504,八五四农场第四管理区,230381501,23,2303,230381
230381501505,八五四农场第五管理区,230381501,23,2303,230381
230381501506,八五四农场第六管理区,230381501,23,2303,230381
230381501507,八五四农场第七管理区,230381501,23,2303,230381
230381501508,八五四农场第八管理区,230381501,23,2303,230381
230381501509,八五四农场第九管理区,230381501,23,2303,230381
230381501510,八五四农场第十管理区,230381501,23,2303,230381
230381501511,八五四农场第十一管理区,230381501,23,2303,230381
230381501512,八五四农场第十二管理区,230381501,23,2303,230381
230381502402,八五六场直社区,230381502,23,2303,230381
230381502501,八五六农场第一管理区,230381502,23,2303,230381
230381502502,八五六农场第二管理区,230381502,23,2303,230381
230381502503,八五六农场第三管理区,230381502,23,2303,230381
230381502504,八五六农场第四管理区,230381502,23,2303,230381
230381502505,八五六农场第五管理区,230381502,23,2303,230381
230381502506,八五六农场第六管理区,230381502,23,2303,230381
230381502507,八五六农场第七管理区,230381502,23,2303,230381
230381502516,八五六农场第八管理区,230381502,23,2303,230381
230381502517,八五六农场第九管理区,230381502,23,2303,230381
230381502518,八五六农场第十管理区,230381502,23,2303,230381
230381502519,八五六农场第十一管理区,230381502,23,2303,230381
230381502521,八五六农场第十二管理区,230381502,23,2303,230381
230381502522,八五六农场第十三管理区,230381502,23,2303,230381
230381502523,八五六农场第十四管理区,230381502,23,2303,230381
230381502524,八五六农场第十五管理区,230381502,23,2303,230381
230381503402,八五八场直社区,230381503,23,2303,230381
230381503500,八五八农场第二管理区,230381503,23,2303,230381
230381503501,八五八农场第一管理区,230381503,23,2303,230381
230381503503,八五八农场第三管理区,230381503,23,2303,230381
230381503504,八五八农场第四管理区,230381503,23,2303,230381
230381503505,八五八农场第五管理区,230381503,23,2303,230381
230381503506,八五八农场第六管理区,230381503,23,2303,230381
230381503507,八五八农场第七管理区,230381503,23,2303,230381
230381503508,八五八农场第八管理区,230381503,23,2303,230381
230381503510,八五八农场第十管理区,230381503,23,2303,230381
230381503511,八五八农场第九管理区,230381503,23,2303,230381
230381504402,庆丰场直社区,230381504,23,2303,230381
230381504501,庆丰农场第一管理区,230381504,23,2303,230381
230381504502,庆丰农场第二管理区,230381504,23,2303,230381
230381504503,庆丰农场第三管理区,230381504,23,2303,230381
230381504504,庆丰农场第四管理区,230381504,23,2303,230381
230381504505,庆丰农场第五管理区,230381504,23,2303,230381
230381504506,庆丰农场第六管理区,230381504,23,2303,230381
230381504507,庆丰农场第七管理区,230381504,23,2303,230381
230381504508,庆丰农场第八管理区,230381504,23,2303,230381
230381504509,庆丰农场第九管理区,230381504,23,2303,230381
230381505402,云山场直社区,230381505,23,2303,230381
230381505501,云山农场第一管理区,230381505,23,2303,230381
230381505502,云山农场第二管理区,230381505,23,2303,230381
230381505503,云山农场第三管理区,230381505,23,2303,230381
230381505504,云山农场第四管理区,230381505,23,2303,230381
230381505505,云山农场第五管理区,230381505,23,2303,230381
230381505506,云山农场第六管理区,230381505,23,2303,230381
230382001001,学府社区居民委员会,230382001,23,2303,230382
230382001004,城西社区居民委员会,230382001,23,2303,230382
230382001005,阳光社区居民委员会,230382001,23,2303,230382
230382001006,园林社区居民委员会,230382001,23,2303,230382
230382001007,红卫社区居民委员会,230382001,23,2303,230382
230382001008,莲花社区居民委员会,230382001,23,2303,230382
230382001009,农垦连珠山社区居民委员会,230382001,23,2303,230382
230382001010,农垦北大营社区居民委员会,230382001,23,2303,230382
230382100001,金沙社区居民委员会,230382100,23,2303,230382
230382100200,长青村委会,230382100,23,2303,230382
230382100201,双胜村委会,230382100,23,2303,230382
230382100202,牧副村委会,230382100,23,2303,230382
230382100203,双跃村委会,230382100,23,2303,230382
230382100204,铁西村委会,230382100,23,2303,230382
230382100205,新路村委会,230382100,23,2303,230382
230382100206,新农村委会,230382100,23,2303,230382
230382100207,新华村委会,230382100,23,2303,230382
230382100208,新山村委会,230382100,23,2303,230382
230382100209,新丰村委会,230382100,23,2303,230382
230382100210,新林村委会,230382100,23,2303,230382
230382100211,新治村委会,230382100,23,2303,230382
230382100212,新和村委会,230382100,23,2303,230382
230382100213,新鲜村委会,230382100,23,2303,230382
230382101200,沙岗村委会,230382101,23,2303,230382
230382101201,保安村委会,230382101,23,2303,230382
230382101202,永新村委会,230382101,23,2303,230382
230382101203,发展村委会,230382101,23,2303,230382
230382101204,新发村委会,230382101,23,2303,230382
230382101205,永泉村委会,230382101,23,2303,230382
230382101206,新忠村委会,230382101,23,2303,230382
230382101207,东方红村委会,230382101,23,2303,230382
230382101208,解放村委会,230382101,23,2303,230382
230382101209,红光村委会,230382101,23,2303,230382
230382101210,连珠山村委会,230382101,23,2303,230382
230382102200,实边村委会,230382102,23,2303,230382
230382102201,祥生村委会,230382102,23,2303,230382
230382102202,庆利村委会,230382102,23,2303,230382
230382102203,庆康村委会,230382102,23,2303,230382
230382102204,宁安村委会,230382102,23,2303,230382
230382102205,临河村委会,230382102,23,2303,230382
230382102206,大顶山村委会,230382102,23,2303,230382
230382102207,三梭通村委会,230382102,23,2303,230382
230382103200,加禾村委会,230382103,23,2303,230382
230382103201,福兴村委会,230382103,23,2303,230382
230382103202,迎恩村委会,230382103,23,2303,230382
230382103203,知一村委会,230382103,23,2303,230382
230382103204,向化村委会,230382103,23,2303,230382
230382103205,归仁村委会,230382103,23,2303,230382
230382103206,崇实村委会,230382103,23,2303,230382
230382104200,庆先村委会,230382104,23,2303,230382
230382104201,黑台村委会,230382104,23,2303,230382
230382104202,农业村委会,230382104,23,2303,230382
230382104203,塔头村委会,230382104,23,2303,230382
230382104204,新福村委会,230382104,23,2303,230382
230382104205,大城村委会,230382104,23,2303,230382
230382104206,兴盛村委会,230382104,23,2303,230382
230382104207,广新村委会,230382104,23,2303,230382
230382104208,直正村委会,230382104,23,2303,230382
230382104209,榆树村委会,230382104,23,2303,230382
230382104210,共裕村委会,230382104,23,2303,230382
230382105001,八五一一农场社区居民委员会,230382105,23,2303,230382
230382105200,兴凯村委会,230382105,23,2303,230382
230382105201,红岭村委会,230382105,23,2303,230382
230382105202,兴农村委会,230382105,23,2303,230382
230382105203,东光村委会,230382105,23,2303,230382
230382105204,兴旺村委会,230382105,23,2303,230382
230382105205,东发村委会,230382105,23,2303,230382
230382105206,平原村委会,230382105,23,2303,230382
230382105207,星火村委会,230382105,23,2303,230382
230382105208,宏亮村委会,230382105,23,2303,230382
230382105209,鲜新村委会,230382105,23,2303,230382
230382106001,农大社区居民委员会,230382106,23,2303,230382
230382106002,双峰社区居民委员会,230382106,23,2303,230382
230382106200,裴德村委会,230382106,23,2303,230382
230382106201,东胜村委会,230382106,23,2303,230382
230382106202,德兴村委会,230382106,23,2303,230382
230382106203,兴利村委会,230382106,23,2303,230382
230382106204,跃进村委会,230382106,23,2303,230382
230382106205,平安村委会,230382106,23,2303,230382
230382106206,青年村委会,230382106,23,2303,230382
230382106207,红岩村委会,230382106,23,2303,230382
230382106208,中兴村委会,230382106,23,2303,230382
230382107200,劳动村委会,230382107,23,2303,230382
230382107201,勤农村委会,230382107,23,2303,230382
230382107202,湖沿村委会,230382107,23,2303,230382
230382107203,齐心村委会,230382107,23,2303,230382
230382107204,胜利村委会,230382107,23,2303,230382
230382107205,临湖村委会,230382107,23,2303,230382
230382107206,长林子村委会,230382107,23,2303,230382
230382107207,蜂蜜山村委会,230382107,23,2303,230382
230382107208,白泡子村委会,230382107,23,2303,230382
230382200200,永胜村委会,230382200,23,2303,230382
230382200201,团结村委会,230382200,23,2303,230382
230382200202,利民村委会,230382200,23,2303,230382
230382200203,富乡村委会,230382200,23,2303,230382
230382200204,同心村委会,230382200,23,2303,230382
230382200205,双合村委会,230382200,23,2303,230382
230382200206,新正村委会,230382200,23,2303,230382
230382201001,八五七农场社区居民委员会,230382201,23,2303,230382
230382201200,凌云村委会,230382201,23,2303,230382
230382201201,朝阳村委会,230382201,23,2303,230382
230382201202,杨木村委会,230382201,23,2303,230382
230382201203,创业村委会,230382201,23,2303,230382
230382201204,伊通村委会,230382201,23,2303,230382
230382201205,金星村委会,230382201,23,2303,230382
230382201206,板石村委会,230382201,23,2303,230382
230382201207,红旗村委会,230382201,23,2303,230382
230382201208,育青村委会,230382201,23,2303,230382
230382201209,兴隆村委会,230382201,23,2303,230382
230382202001,兴凯湖农场社区居民委员会,230382202,23,2303,230382
230382202200,兴凯湖村委会,230382202,23,2303,230382
230382202201,石嘴子村委会,230382202,23,2303,230382
230382202202,金银库村委会,230382202,23,2303,230382
230382202203,马家岗村委会,230382202,23,2303,230382
230382202204,新民村委会,230382202,23,2303,230382
230382202205,爱民村委会,230382202,23,2303,230382
230382203200,先锋村委会,230382203,23,2303,230382
230382203201,利湖村委会,230382203,23,2303,230382
230382203202,前进村委会,230382203,23,2303,230382
230382203203,光荣村委会,230382203,23,2303,230382
230382203204,继红村委会,230382203,23,2303,230382
230382203205,承紫河村委会,230382203,23,2303,230382
230382206200,红星村委会,230382206,23,2303,230382
230382206201,边疆村委会,230382206,23,2303,230382
230382206202,前哨村委会,230382206,23,2303,230382
230382206203,爱国村委会,230382206,23,2303,230382
230382206204,安定村委会,230382206,23,2303,230382
230382206205,新兴村委会,230382206,23,2303,230382
230382206206,安太村委会,230382206,23,2303,230382
230382206207,安康村委会,230382206,23,2303,230382
230382206208,二人班村委会,230382206,23,2303,230382
230382206209,尚礼村委会,230382206,23,2303,230382
230382206210,尚德村委会,230382206,23,2303,230382
230382206211,尚志村委会,230382206,23,2303,230382
230382206212,联城村委会,230382206,23,2303,230382
230382206213,正阳村委会,230382206,23,2303,230382
230382206214,集贤村委会,230382206,23,2303,230382
230382208200,青松村委会,230382208,23,2303,230382
230382208201,太平村委会,230382208,23,2303,230382
230382208202,农丰村委会,230382208,23,2303,230382
230382208203,民主村委会,230382208,23,2303,230382
230382208204,宏林村委会,230382208,23,2303,230382
230382208205,庄内村委会,230382208,23,2303,230382
230382208206,合心村委会,230382208,23,2303,230382
230382208207,庄兴村委会,230382208,23,2303,230382
230382210200,庆余村委会,230382210,23,2303,230382
230382210201,三人班村委会,230382210,23,2303,230382
230382210202,东兴村委会,230382210,23,2303,230382
230382210203,新城村委会,230382210,23,2303,230382
230382210204,东明村委会,230382210,23,2303,230382
230382210205,庆合村委会,230382210,23,2303,230382
230382210206,兴光村委会,230382210,23,2303,230382
230382210207,东鲜村委会,230382210,23,2303,230382
230382210208,新建村委会,230382210,23,2303,230382
230382210209,新田村委会,230382210,23,2303,230382
230382210210,幸福村委会,230382210,23,2303,230382
230382210211,东风村委会,230382210,23,2303,230382
230382212200,民富村委会,230382212,23,2303,230382
230382212201,民政村委会,230382212,23,2303,230382
230382212202,民强村委会,230382212,23,2303,230382
230382212203,爱林村委会,230382212,23,2303,230382
230382212204,宝泉村委会,230382212,23,2303,230382
230382212205,金沙村委会,230382212,23,2303,230382
230382212206,珠山村委会,230382212,23,2303,230382
230382212207,富源村委会,230382212,23,2303,230382
230382212208,富强村委会,230382212,23,2303,230382
230382212209,富民村委会,230382212,23,2303,230382
230382212210,富升村委会,230382212,23,2303,230382
230382400500,连珠山林场生活区,230382400,23,2303,230382
230382400501,蜂蜜山林场生活区,230382400,23,2303,230382
230382400502,大顶山林场生活区,230382400,23,2303,230382
230382400503,三道岭林场生活区,230382400,23,2303,230382
230382400504,二龙山林场生活区,230382400,23,2303,230382
230382400505,青梅山林场生活区,230382400,23,2303,230382
230382400506,金银库林场生活区,230382400,23,2303,230382
230382400507,金沙林场生活区,230382400,23,2303,230382
230382400508,珠山林场生活区,230382400,23,2303,230382
230382480598,青年水库虚拟生活区,230382480,23,2303,230382
230382481498,珠山地区虚拟社区,230382481,23,2303,230382
230382482498,经济开发区虚拟社区,230382482,23,2303,230382
230382580598,水产养殖有限公司虚拟生活区,230382580,23,2303,230382
230382581598,种畜场虚拟生活区,230382581,23,2303,230382
230382582598,水田良种场虚拟生活区,230382582,23,2303,230382
230382583598,良种场虚拟生活区,230382583,23,2303,230382
230382584598,校办企业公司农场虚拟生活区,230382584,23,2303,230382
230382585598,蜂蜜山粮库虚拟生活区,230382585,23,2303,230382
230402001001,梧桐社区,230402001,23,2304,230402
230402002005,友谊社区,230402002,23,2304,230402
230402002006,煤城社区,230402002,23,2304,230402
230402003005,振兴社区,230402003,23,2304,230402
230402003006,和平社区,230402003,23,2304,230402
230402004004,红叶社区,230402004,23,2304,230402
230402005004,南翼社区,230402005,23,2304,230402
230403001002,飞鹤社区,230403001,23,2304,230403
230403001003,新鹤社区,230403001,23,2304,230403
230403001004,铁西社区,230403001,23,2304,230403
230403002002,东风社区,230403002,23,2304,230403
230403002003,春晖社区,230403002,23,2304,230403
230403002004,黄金社区,230403002,23,2304,230403
230403003001,胜利社区,230403003,23,2304,230403
230403003002,欣虹社区,230403003,23,2304,230403
230403003003,双鹤社区,230403003,23,2304,230403
230403003004,成龙社区,230403003,23,2304,230403
230403006001,利民社区,230403006,23,2304,230403
230403006005,铁路村社区,230403006,23,2304,230403
230403006006,先锋社区,230403006,23,2304,230403
230403006007,宇龙社区,230403006,23,2304,230403
230404001001,西联社区,230404001,23,2304,230404
230404001002,西山社区,230404001,23,2304,230404
230404002001,鹤岗市南山区铁东社区,230404002,23,2304,230404
230404003001,六合社区,230404003,23,2304,230404
230404003002,六安社区,230404003,23,2304,230404
230404003003,六吉社区,230404003,23,2304,230404
230404004001,鹤岗市南山区大陆社区,230404004,23,2304,230404
230404005001,鹤岗市南山区富力社区,230404005,23,2304,230404
230404006001,麓兴社区,230404006,23,2304,230404
230404006002,麓强社区,230404006,23,2304,230404
230404006003,麓岭社区,230404006,23,2304,230404
230405001001,兴欣社区,230405001,23,2304,230405
230405001002,兴悦社区,230405001,23,2304,230405
230405002001,沿河社区,230405002,23,2304,230405
230405002002,祥和社区,230405002,23,2304,230405
230405003001,兴旺社区,230405003,23,2304,230405
230405004001,峻昌社区,230405004,23,2304,230405
230405005001,兴盛社区,230405005,23,2304,230405
230405005002,锦绣社区,230405005,23,2304,230405
230405005003,滨河社区,230405005,23,2304,230405
230405006001,宇康社区,230405006,23,2304,230405
230405006002,宇安社区,230405006,23,2304,230405
230405100200,长胜村,230405100,23,2304,230405
230405100201,新农村,230405100,23,2304,230405
230405100202,永新村,230405100,23,2304,230405
230405100203,新兴村,230405100,23,2304,230405
230405100204,峻丰村,230405100,23,2304,230405
230405100205,峻德村,230405100,23,2304,230405
230406001001,益新社区,230406001,23,2304,230406
230406001002,大杨树社区,230406001,23,2304,230406
230406001006,鹤新社区,230406001,23,2304,230406
230406002001,新和社区,230406002,23,2304,230406
230406002002,新建社区,230406002,23,2304,230406
230406002010,东方社区,230406002,23,2304,230406
230406004001,沿河北社区,230406004,23,2304,230406
230406004002,沿河南社区,230406004,23,2304,230406
230406005001,三星社区,230406005,23,2304,230406
230406005002,鹤翔社区,230406005,23,2304,230406
230406100001,爱华社区,230406100,23,2304,230406
230406100200,永昌村村委会,230406100,23,2304,230406
230406100201,永兴村村委会,230406100,23,2304,230406
230406100202,永芳村村委会,230406100,23,2304,230406
230406100203,永安村村委会,230406100,23,2304,230406
230406100204,南华村村委会,230406100,23,2304,230406
230406100205,永祥村村委会,230406100,23,2304,230406
230406100206,永义村村委会,230406100,23,2304,230406
230406100207,永利村村委会,230406100,23,2304,230406
230406100208,和胜村村委会,230406100,23,2304,230406
230406100209,东安村村委会,230406100,23,2304,230406
230406201200,日新村村委会,230406201,23,2304,230406
230406201201,新生村村委会,230406201,23,2304,230406
230406201202,裕民村村委会,230406201,23,2304,230406
230406201203,黎明村村委会,230406201,23,2304,230406
230406201204,合兴村村委会,230406201,23,2304,230406
230406201205,更新村村委会,230406201,23,2304,230406
230406201206,前进村村委会,230406201,23,2304,230406
230406201207,新结村村委会,230406201,23,2304,230406
230406201208,新发村村委会,230406201,23,2304,230406
230406201209,胜源村村委会,230406201,23,2304,230406
230406202200,靠山村村委会,230406202,23,2304,230406
230406202201,东兴村村委会,230406202,23,2304,230406
230406202202,获胜村村委会,230406202,23,2304,230406
230406202203,兴华村村委会,230406202,23,2304,230406
230406202204,红旗村村委会,230406202,23,2304,230406
230406202205,前安民村村委会,230406202,23,2304,230406
230406202206,后安民村村委会,230406202,23,2304,230406
230406202207,志成村村委会,230406202,23,2304,230406
230406202208,小山村村委会,230406202,23,2304,230406
230406202209,立春村村委会,230406202,23,2304,230406
230406202210,双泉村村委会,230406202,23,2304,230406
230406202211,桦春村村委会,230406202,23,2304,230406
230406202212,合胜村村委会,230406202,23,2304,230406
230406202213,东胜村村委会,230406202,23,2304,230406
230406400501,鹤林林场生活区,230406400,23,2304,230406
230406400502,三道林场生活区,230406400,23,2304,230406
230406400503,十里河林场生活区,230406400,23,2304,230406
230406400504,桶子沟林场生活区,230406400,23,2304,230406
230406400505,十八号林场生活区,230406400,23,2304,230406
230406400506,细鳞河林场生活区,230406400,23,2304,230406
230406400507,红旗林场生活区,230406400,23,2304,230406
230406501402,新华场直社区,230406501,23,2304,230406
230406501501,新华农场岭丰管理区,230406501,23,2304,230406
230406501502,新华农场宝山管理区,230406501,23,2304,230406
230406501503,新华农场稻香管理区,230406501,23,2304,230406
230406501504,新华农场临江管理区,230406501,23,2304,230406
230406501505,新华农场青山管理区,230406501,23,2304,230406
230406501506,新华农场向阳管理区,230406501,23,2304,230406
230406501507,新华农场莲花管理区,230406501,23,2304,230406
230406501508,新华农场东新管理区,230406501,23,2304,230406
230407001001,平安社区,230407001,23,2304,230407
230407001002,国安社区,230407001,23,2304,230407
230407002001,东兴社区,230407002,23,2304,230407
230407002004,警校社区,230407002,23,2304,230407
230407003001,育英社区,230407003,23,2304,230407
230407003002,兴发社区,230407003,23,2304,230407
230407004001,为民社区,230407004,23,2304,230407
230407004002,利民社区,230407004,23,2304,230407
230421100001,景观社区,230421100,23,2304,230421
230421100002,凤南社区,230421100,23,2304,230421
230421100003,凤鸣社区,230421100,23,2304,230421
230421100004,永泰社区,230421100,23,2304,230421
230421100005,友谊社区,230421100,23,2304,230421
230421100200,新立村村委会,230421100,23,2304,230421
230421100201,新曙光村村委会,230421100,23,2304,230421
230421100202,卫东村村委会,230421100,23,2304,230421
230421100203,东菜村村委会,230421100,23,2304,230421
230421101001,第一居委会,230421101,23,2304,230421
230421101002,第二居委会,230421101,23,2304,230421
230421101003,第三居委会,230421101,23,2304,230421
230421101004,第四居委会,230421101,23,2304,230421
230421101005,第五居委会,230421101,23,2304,230421
230421101200,奋斗村村委会,230421101,23,2304,230421
230421101201,双胜村村委会,230421101,23,2304,230421
230421101202,九里庄村村委会,230421101,23,2304,230421
230421101203,森山村村委会,230421101,23,2304,230421
230421101204,新鹤村村委会,230421101,23,2304,230421
230421101205,常胜村村委会,230421101,23,2304,230421
230421101206,振兴村村委会,230421101,23,2304,230421
230421101207,金山村村委会,230421101,23,2304,230421
230421101208,云山合村村委会,230421101,23,2304,230421
230421101209,三双村村委会,230421101,23,2304,230421
230421102200,江红村村委会,230421102,23,2304,230421
230421102201,山江村村委会,230421102,23,2304,230421
230421102202,山河村村委会,230421102,23,2304,230421
230421102203,名山村村委会,230421102,23,2304,230421
230421103200,红卫村村委会,230421103,23,2304,230421
230421103201,东方红村村委会,230421103,23,2304,230421
230421103202,东风村村委会,230421103,23,2304,230421
230421103203,常红村村委会,230421103,23,2304,230421
230421103204,工农兵村村委会,230421103,23,2304,230421
230421103205,前进村村委会,230421103,23,2304,230421
230421103206,跃进村村委会,230421103,23,2304,230421
230421103207,北联村村委会,230421103,23,2304,230421
230421103208,勤俭村村委会,230421103,23,2304,230421
230421103209,龙兴村村委会,230421103,23,2304,230421
230421103210,龙滨村村委会,230421103,23,2304,230421
230421103211,韦场村村委会,230421103,23,2304,230421
230421103212,龙胜村村委会,230421103,23,2304,230421
230421103213,新垦村村委会,230421103,23,2304,230421
230421103214,林海村村委会,230421103,23,2304,230421
230421103215,前卫村村委会,230421103,23,2304,230421
230421103216,红旗村村委会,230421103,23,2304,230421
230421104200,裕丰村村委会,230421104,23,2304,230421
230421104201,先锋村村委会,230421104,23,2304,230421
230421104202,三马架村村委会,230421104,23,2304,230421
230421104203,建兴村村委会,230421104,23,2304,230421
230421104204,永兴村村委会,230421104,23,2304,230421
230421104205,东兴村村委会,230421104,23,2304,230421
230421104206,胜利村村委会,230421104,23,2304,230421
230421104207,前锋村村委会,230421104,23,2304,230421
230421104208,群力村村委会,230421104,23,2304,230421
230421104209,龙江村村委会,230421104,23,2304,230421
230421105200,愚公村村委会,230421105,23,2304,230421
230421105201,朝阳村村委会,230421105,23,2304,230421
230421105202,沿河村村委会,230421105,23,2304,230421
230421105203,尖山村村委会,230421105,23,2304,230421
230421105204,新跃村村委会,230421105,23,2304,230421
230421105205,东升村村委会,230421105,23,2304,230421
230421200200,东明村村委会,230421200,23,2304,230421
230421200201,黎明村村委会,230421200,23,2304,230421
230421200202,红鲜村村委会,230421200,23,2304,230421
230421200203,红光村村委会,230421200,23,2304,230421
230421200204,红丰村村委会,230421200,23,2304,230421
230421200205,新胜村村委会,230421200,23,2304,230421
230421200206,新兴村村委会,230421200,23,2304,230421
230421203200,兴东村村委会,230421203,23,2304,230421
230421203201,兴河村村委会,230421203,23,2304,230421
230421203202,石虎沟村村委会,230421203,23,2304,230421
230421203203,金沙村村委会,230421203,23,2304,230421
230421203204,太平沟村村委会,230421203,23,2304,230421
230421400501,太平沟林场管理区,230421400,23,2304,230421
230421400502,大马河林场生活区,230421400,23,2304,230421
230421400503,金满屯林场生活区,230421400,23,2304,230421
230421400504,云山林场生活区,230421400,23,2304,230421
230421400505,渔米河林场生活区,230421400,23,2304,230421
230421400506,二十里河林场生活区,230421400,23,2304,230421
230421400507,凤翔林场生活区,230421400,23,2304,230421
230421401001,第一居委会,230421401,23,2304,230421
230421401002,第二居委会,230421401,23,2304,230421
230421401003,第三居委会,230421401,23,2304,230421
230421401004,第四居委会,230421401,23,2304,230421
230421401005,第五居委会,230421401,23,2304,230421
230421401006,第六居委会,230421401,23,2304,230421
230421401007,第七居委会,230421401,23,2304,230421
230421401008,第八居委会,230421401,23,2304,230421
230421401009,第九居委会,230421401,23,2304,230421
230421401010,第十居委会,230421401,23,2304,230421
230421401011,第十一居委会,230421401,23,2304,230421
230421401012,第十二居委会,230421401,23,2304,230421
230421401013,第十三居委会,230421401,23,2304,230421
230421401501,曙光林场生活区,230421401,23,2304,230421
230421401502,中兴林场生活区,230421401,23,2304,230421
230421401503,联营林场生活区,230421401,23,2304,230421
230421401505,金矿林场生活区,230421401,23,2304,230421
230421401506,卫东林场生活区,230421401,23,2304,230421
230421401507,四方山林场生活区,230421401,23,2304,230421
230421401508,庆林林场生活区,230421401,23,2304,230421
230421401509,双益林场生活区,230421401,23,2304,230421
230421401510,尚志林场生活区,230421401,23,2304,230421
230421401511,小梧桐林场生活区,230421401,23,2304,230421
230421401513,高峰林场生活区,230421401,23,2304,230421
230421401514,西梧桐林场生活区,230421401,23,2304,230421
230421401515,跃峰林场生活区,230421401,23,2304,230421
230421401516,双丰林场生活区,230421401,23,2304,230421
230421401517,向阳林场生活区,230421401,23,2304,230421
230421401518,青峰林场生活区,230421401,23,2304,230421
230421401519,跃进林场生活区,230421401,23,2304,230421
230421500598,宝泉岭管理局局直虚拟生活区,230421500,23,2304,230421
230421501402,江滨场直社区,230421501,23,2304,230421
230421501501,江滨农场向阳管理区,230421501,23,2304,230421
230421501502,江滨农场南岗管理区,230421501,23,2304,230421
230421501503,江滨农场开封管理区,230421501,23,2304,230421
230421501504,江滨农场滨西管理区,230421501,23,2304,230421
230421501505,江滨农场军垦管理区,230421501,23,2304,230421
230421501506,江滨农场滨南管理区,230421501,23,2304,230421
230421501507,江滨农场德山管理区,230421501,23,2304,230421
230421501508,江滨农场新升管理区,230421501,23,2304,230421
230421502402,军川场直社区,230421502,23,2304,230421
230421502501,军川农场川北管理区,230421502,23,2304,230421
230421502502,军川农场科普管理区,230421502,23,2304,230421
230421502503,军川农场莲花管理区,230421502,23,2304,230421
230421502504,军川农场川南管理区,230421502,23,2304,230421
230421502505,军川农场广源管理区,230421502,23,2304,230421
230421502506,军川农场绿原管理区,230421502,23,2304,230421
230421502507,军川农场敖来管理区,230421502,23,2304,230421
230421502508,军川农场稻香管理区,230421502,23,2304,230421
230421502509,军川农场富川管理区,230421502,23,2304,230421
230421502510,军川农场福源管理区,230421502,23,2304,230421
230421502511,军川农场兴川管理区,230421502,23,2304,230421
230421502512,军川农场向阳管理区,230421502,23,2304,230421
230421503402,名山场直社区,230421503,23,2304,230421
230421503501,名山农场小山屯管理区,230421503,23,2304,230421
230421503502,名山农场水城子管理区,230421503,23,2304,230421
230421503503,名山农场向阳渠管理区,230421503,23,2304,230421
230421503504,名山农场稻花香管理区,230421503,23,2304,230421
230421503505,名山农场莲花泡管理区,230421503,23,2304,230421
230421503506,名山农场垦荒庄管理区,230421503,23,2304,230421
230421504402,延军场直社区,230421504,23,2304,230421
230421504501,延军农场兴南管理区,230421504,23,2304,230421
230421504502,延军农场兴北管理区,230421504,23,2304,230421
230421504503,延军农场延兴管理区,230421504,23,2304,230421
230421504504,延军农场跃进河管理区,230421504,23,2304,230421
230421504505,延军农场金石岭管理区,230421504,23,2304,230421
230421505402,共青场直社区,230421505,23,2304,230421
230421505501,共青农场河北管理区,230421505,23,2304,230421
230421505502,共青农场山东管理区,230421505,23,2304,230421
230421505503,共青农场北京管理区,230421505,23,2304,230421
230421505504,共青农场知青管理区,230421505,23,2304,230421
230421505505,共青农场嘟噜河管理区,230421505,23,2304,230421
230421505506,共青农场哈尔滨管理区,230421505,23,2304,230421
230421505507,共青农场军垦管理区,230421505,23,2304,230421
230421505508,共青农场向阳管理区,230421505,23,2304,230421
230421505509,共青农场天津管理区,230421505,23,2304,230421
230421505510,共青农场青年管理区,230421505,23,2304,230421
230421506402,宝泉岭场直社区,230421506,23,2304,230421
230421506501,宝泉岭农场双峰山管理区,230421506,23,2304,230421
230421506502,宝泉岭农场鲶鱼哈管理区,230421506,23,2304,230421
230421506503,宝泉岭农场梧桐山管理区,230421506,23,2304,230421
230421506504,宝泉岭农场新尚志管理区,230421506,23,2304,230421
230421506505,宝泉岭农场嘟噜河管理区,230421506,23,2304,230421
230421506506,宝泉岭农场烟筒山管理区,230421506,23,2304,230421
230421506507,宝泉岭农场岭瓜乡管理区,230421506,23,2304,230421
230421506508,宝泉岭农场岭沐春管理区,230421506,23,2304,230421
230421506509,宝泉岭农场岭上丰管理区,230421506,23,2304,230421
230421506510,宝泉岭农场岭常丰管理区,230421506,23,2304,230421
230421580500,农业局良种场生活区,230421580,23,2304,230421
230421580501,农业局果树场生活区,230421580,23,2304,230421
230421580502,农业局种畜场生活区,230421580,23,2304,230421
230422100001,兴民社区,230422100,23,2304,230422
230422100002,江城社区,230422100,23,2304,230422
230422100003,花园社区,230422100,23,2304,230422
230422100004,动力社区,230422100,23,2304,230422
230422100200,绥滨村村委会,230422100,23,2304,230422
230422100201,凤仪村村委会,230422100,23,2304,230422
230422100202,民主村村委会,230422100,23,2304,230422
230422100203,中合村村委会,230422100,23,2304,230422
230422100204,吉礼村村委会,230422100,23,2304,230422
230422100205,向日村村委会,230422100,23,2304,230422
230422100206,敖来村村委会,230422100,23,2304,230422
230422100207,庆发村村委会,230422100,23,2304,230422
230422100208,振荣村村委会,230422100,23,2304,230422
230422100209,大同村村委会,230422100,23,2304,230422
230422100210,吉福村村委会,230422100,23,2304,230422
230422100211,吉成村村委会,230422100,23,2304,230422
230422100212,胜利村村委会,230422100,23,2304,230422
230422100213,吉珍村村委会,230422100,23,2304,230422
230422100214,吉长村村委会,230422100,23,2304,230422
230422100215,和春村村委会,230422100,23,2304,230422
230422100216,庆连村村委会,230422100,23,2304,230422
230422101001,第一居委会,230422101,23,2304,230422
230422101002,第二居委会,230422101,23,2304,230422
230422101003,第三居委会,230422101,23,2304,230422
230422101004,第四居委会,230422101,23,2304,230422
230422101200,凤贤村村委会,230422101,23,2304,230422
230422101201,绥东村村委会,230422101,23,2304,230422
230422101202,长治村村委会,230422101,23,2304,230422
230422101203,大兴村村委会,230422101,23,2304,230422
230422101204,大林村村委会,230422101,23,2304,230422
230422101205,绥兴村村委会,230422101,23,2304,230422
230422101206,永兴村村委会,230422101,23,2304,230422
230422101207,陈大村村委会,230422101,23,2304,230422
230422101208,六里村村委会,230422101,23,2304,230422
230422101209,永安村村委会,230422101,23,2304,230422
230422101210,东胜村村委会,230422101,23,2304,230422
230422101211,新兴村村委会,230422101,23,2304,230422
230422101212,大成村村委会,230422101,23,2304,230422
230422101213,振东村村委会,230422101,23,2304,230422
230422101214,东方村村委会,230422101,23,2304,230422
230422102001,第一居委会,230422102,23,2304,230422
230422102002,第二居委会,230422102,23,2304,230422
230422102200,荣胜村村委会,230422102,23,2304,230422
230422102201,福太村村委会,230422102,23,2304,230422
230422102202,兴隆村村委会,230422102,23,2304,230422
230422102203,荣边村村委会,230422102,23,2304,230422
230422102204,中兴村村委会,230422102,23,2304,230422
230422102205,建边村村委会,230422102,23,2304,230422
230422102206,康乐村村委会,230422102,23,2304,230422
230422102207,高利村村委会,230422102,23,2304,230422
230422102208,富山村村委会,230422102,23,2304,230422
230422102209,长发村村委会,230422102,23,2304,230422
230422102210,永和村村委会,230422102,23,2304,230422
230422102211,新建村村委会,230422102,23,2304,230422
230422102212,新安村村委会,230422102,23,2304,230422
230422102213,德胜村村委会,230422102,23,2304,230422
230422102214,联合村村委会,230422102,23,2304,230422
230422102215,东兴村村委会,230422102,23,2304,230422
230422102216,黎明村村委会,230422102,23,2304,230422
230422102217,永发村村委会,230422102,23,2304,230422
230422102218,忠仁村村委会,230422102,23,2304,230422
230422102219,集贤村村委会,230422102,23,2304,230422
230422200200,吉合村村委会,230422200,23,2304,230422
230422200201,长春村村委会,230422200,23,2304,230422
230422200202,长安村村委会,230422200,23,2304,230422
230422200203,西山村村委会,230422200,23,2304,230422
230422200204,新生村村委会,230422200,23,2304,230422
230422200205,连生村村委会,230422200,23,2304,230422
230422200206,靠山村村委会,230422200,23,2304,230422
230422200207,长山村村委会,230422200,23,2304,230422
230422200208,长胜村村委会,230422200,23,2304,230422
230422200209,长乐村村委会,230422200,23,2304,230422
230422200210,连礼村村委会,230422200,23,2304,230422
230422200211,凤鸣村村委会,230422200,23,2304,230422
230422200212,望江村村委会,230422200,23,2304,230422
230422200213,义和村村委会,230422200,23,2304,230422
230422200214,太和村村委会,230422200,23,2304,230422
230422200215,农乡村村委会,230422200,23,2304,230422
230422201200,永祥村村委会,230422201,23,2304,230422
230422201201,建设村村委会,230422201,23,2304,230422
230422201202,北岗村村委会,230422201,23,2304,230422
230422201203,仁合村村委会,230422201,23,2304,230422
230422201204,永利村村委会,230422201,23,2304,230422
230422201205,永昌村村委会,230422201,23,2304,230422
230422201206,永太村村委会,230422201,23,2304,230422
230422201207,永生村村委会,230422201,23,2304,230422
230422201208,火犁村村委会,230422201,23,2304,230422
230422201209,永德村村委会,230422201,23,2304,230422
230422201210,永乐村村委会,230422201,23,2304,230422
230422201211,永顺村村委会,230422201,23,2304,230422
230422201212,永成村村委会,230422201,23,2304,230422
230422202200,前进村村委会,230422202,23,2304,230422
230422202201,凤山村村委会,230422202,23,2304,230422
230422202202,向阳村村委会,230422202,23,2304,230422
230422202203,庆安村村委会,230422202,23,2304,230422
230422202204,五道岗村村委会,230422202,23,2304,230422
230422202205,奋斗村村委会,230422202,23,2304,230422
230422202206,庆华村村委会,230422202,23,2304,230422
230422202207,松滨村村委会,230422202,23,2304,230422
230422202208,宝山村村委会,230422202,23,2304,230422
230422203200,北山村村委会,230422203,23,2304,230422
230422203201,曙光村村委会,230422203,23,2304,230422
230422203202,永山村村委会,230422203,23,2304,230422
230422203203,战斗村村委会,230422203,23,2304,230422
230422203204,卫星村村委会,230422203,23,2304,230422
230422203205,迎春村村委会,230422203,23,2304,230422
230422203206,莲花村村委会,230422203,23,2304,230422
230422203207,古城村村委会,230422203,23,2304,230422
230422203208,荣福村村委会,230422203,23,2304,230422
230422203209,友谊村村委会,230422203,23,2304,230422
230422203210,永丰村村委会,230422203,23,2304,230422
230422204200,福兴村村委会,230422204,23,2304,230422
230422204201,同仁村村委会,230422204,23,2304,230422
230422204202,德善村村委会,230422204,23,2304,230422
230422205200,新富村村委会,230422205,23,2304,230422
230422205201,新荣村村委会,230422205,23,2304,230422
230422205202,新村村村委会,230422205,23,2304,230422
230422205203,新山村村委会,230422205,23,2304,230422
230422205204,新滨村村委会,230422205,23,2304,230422
230422400598,绥滨县西林场虚拟生活区,230422400,23,2304,230422
230422401598,国营中兴边防林场虚拟生活区,230422401,23,2304,230422
230422480598,忠仁镇良种场虚拟生活区,230422480,23,2304,230422
230422481598,绥东镇种畜场虚拟生活区,230422481,23,2304,230422
230422500402,二九〇场直社区,230422500,23,2304,230422
230422500501,二九〇农场大桦树管理区,230422500,23,2304,230422
230422500502,二九〇农场河泉管理区,230422500,23,2304,230422
230422500503,二九〇农场军犁管理区,230422500,23,2304,230422
230422500504,二九〇农场万业兴管理区,230422500,23,2304,230422
230422500505,二九〇农场福江管理区,230422500,23,2304,230422
230422500506,二九〇农场北水镇管理区,230422500,23,2304,230422
230422500507,二九〇农场旺河管理区,230422500,23,2304,230422
230422500508,二九〇农场东山管理区,230422500,23,2304,230422
230422500509,二九〇农场巴山湖管理区,230422500,23,2304,230422
230422500510,二九〇农场北望海管理区,230422500,23,2304,230422
230422500511,二九〇农场古城管理区,230422500,23,2304,230422
230422500512,二九〇农场高台子管理区,230422500,23,2304,230422
230422500513,二九〇农场龙门通管理区,230422500,23,2304,230422
230422501402,绥滨场直社区,230422501,23,2304,230422
230422501501,绥滨农场龙门管理区,230422501,23,2304,230422
230422501502,绥滨农场红山管理区,230422501,23,2304,230422
230422501503,绥滨农场近思管理区,230422501,23,2304,230422
230422501507,绥滨农场龙兴管理区,230422501,23,2304,230422
230422501509,绥滨农场重阳管理区,230422501,23,2304,230422
230422501510,绥滨农场火犁管理区,230422501,23,2304,230422
230422501511,绥滨农场广信管理区,230422501,23,2304,230422
230422501512,绥滨农场龙泉管理区,230422501,23,2304,230422
230422501513,绥滨农场东井管理区,230422501,23,2304,230422
230422501514,绥滨农场智远管理区,230422501,23,2304,230422
230422503402,普阳场直社区,230422503,23,2304,230422
230422503501,普阳农场第一管理区,230422503,23,2304,230422
230422503502,普阳农场第二管理区,230422503,23,2304,230422
230422503503,普阳农场第三管理区,230422503,23,2304,230422
230422503504,普阳农场第四管理区,230422503,23,2304,230422
230422503506,普阳农场第五管理区,230422503,23,2304,230422
230422503507,普阳农场第六管理区,230422503,23,2304,230422
230422503508,普阳农场第七管理区,230422503,23,2304,230422
230422503509,普阳农场第八管理区,230422503,23,2304,230422
230502001001,春城社区,230502001,23,2305,230502
230502001002,吉星社区,230502001,23,2305,230502
230502001003,春光社区,230502001,23,2305,230502
230502001004,春晖社区,230502001,23,2305,230502
230502002001,中植社区,230502002,23,2305,230502
230502002002,福园社区,230502002,23,2305,230502
230502002003,建鑫社区,230502002,23,2305,230502
230502002004,向阳社区,230502002,23,2305,230502
230502002005,益人社区,230502002,23,2305,230502
230502002006,朝阳社区,230502002,23,2305,230502
230502002007,光明社区,230502002,23,2305,230502
230502002008,合兴社区,230502002,23,2305,230502
230502003001,商贸社区,230502003,23,2305,230502
230502003002,北秀社区,230502003,23,2305,230502
230502003003,鞍山社区,230502003,23,2305,230502
230502003004,兴化社区,230502003,23,2305,230502
230502003005,隆安社区,230502003,23,2305,230502
230502004001,南山社区,230502004,23,2305,230502
230502004002,富东社区,230502004,23,2305,230502
230502004003,窑地社区,230502004,23,2305,230502
230502006001,长安社区,230502006,23,2305,230502
230502006002,方园社区,230502006,23,2305,230502
230502006003,安平社区,230502006,23,2305,230502
230502007001,河西社区,230502007,23,2305,230502
230502007002,鸿苑社区,230502007,23,2305,230502
230502007003,社保社区,230502007,23,2305,230502
230502007004,铁路社区,230502007,23,2305,230502
230502007005,豫园社区,230502007,23,2305,230502
230502007006,盛苑社区,230502007,23,2305,230502
230502007008,长虹社区,230502007,23,2305,230502
230502008001,福悦湾社区,230502008,23,2305,230502
230502008002,民生社区,230502008,23,2305,230502
230502008003,银苑社区,230502008,23,2305,230502
230502008005,时代新城社区,230502008,23,2305,230502
230502200201,双胜村委会,230502200,23,2305,230502
230502200202,朝阳村委会,230502200,23,2305,230502
230502200203,双兴村委会,230502200,23,2305,230502
230502200204,西山村委会,230502200,23,2305,230502
230502200205,双合村委会,230502200,23,2305,230502
230502200206,公立村委会,230502200,23,2305,230502
230502200207,原鲜村委会,230502200,23,2305,230502
230502200208,集东村委会,230502200,23,2305,230502
230502200209,建胜村委会,230502200,23,2305,230502
230502200210,窑地村委会,230502200,23,2305,230502
230502200211,富安村委会,230502200,23,2305,230502
230502200212,长安村委会,230502200,23,2305,230502
230502200213,双富村委会,230502200,23,2305,230502
230503001001,安邦社区,230503001,23,2305,230503
230503001004,通达社区,230503001,23,2305,230503
230503002001,东明社区,230503002,23,2305,230503
230503002003,东升社区,230503002,23,2305,230503
230503003002,青山社区,230503003,23,2305,230503
230503003004,东湖社区,230503003,23,2305,230503
230503003007,蓝天社区,230503003,23,2305,230503
230503003008,二站社区,230503003,23,2305,230503
230503003009,安邦河社区,230503003,23,2305,230503
230503003010,青山林场社区,230503003,23,2305,230503
230503004005,惠民社区,230503004,23,2305,230503
230503004006,惠安社区,230503004,23,2305,230503
230503005003,学府社区,230503005,23,2305,230503
230503006001,兴华社区,230503006,23,2305,230503
230503200201,东升村村委会,230503200,23,2305,230503
230503200202,东风村村委会,230503200,23,2305,230503
230503200203,东兴村村委会,230503200,23,2305,230503
230503200204,立新村村委会,230503200,23,2305,230503
230503200205,宏强村村委会,230503200,23,2305,230503
230503200206,团山村村委会,230503200,23,2305,230503
230503200207,新翼村村委会,230503200,23,2305,230503
230505001001,中心社区,230505001,23,2305,230505
230505001002,广源社区,230505001,23,2305,230505
230505001003,为民社区,230505001,23,2305,230505
230505001004,四井社区,230505001,23,2305,230505
230505001005,秀山社区,230505001,23,2305,230505
230505002002,富饶社区,230505002,23,2305,230505
230505002003,满意社区,230505002,23,2305,230505
230505002004,锦程社区,230505002,23,2305,230505
230505004001,翠园社区,230505004,23,2305,230505
230505004002,北苑社区,230505004,23,2305,230505
230505004004,创业社区,230505004,23,2305,230505
230505005001,二矿社区,230505005,23,2305,230505
230505005002,三矿社区,230505005,23,2305,230505
230505101201,七一村委会,230505101,23,2305,230505
230505101202,中华村委会,230505101,23,2305,230505
230505101203,开原村委会,230505101,23,2305,230505
230505101204,山河村委会,230505101,23,2305,230505
230505101205,靠山村委会,230505101,23,2305,230505
230505101206,红星村委会,230505101,23,2305,230505
230505101207,长富村委会,230505101,23,2305,230505
230505101208,东胜村委会,230505101,23,2305,230505
230505101209,四合村委会,230505101,23,2305,230505
230505101210,双丰村委会,230505101,23,2305,230505
230505101211,建兴村委会,230505101,23,2305,230505
230505101212,四新村委会,230505101,23,2305,230505
230505101213,东岗村委会,230505101,23,2305,230505
230505101214,永久村委会,230505101,23,2305,230505
230505101215,九三村委会,230505101,23,2305,230505
230505101216,五四村委会,230505101,23,2305,230505
230506001001,红永社区,230506001,23,2305,230506
230506001002,红远社区,230506001,23,2305,230506
230506001003,红升社区,230506001,23,2305,230506
230506001004,红兴社区,230506001,23,2305,230506
230506002001,宏吉社区,230506002,23,2305,230506
230506002002,宏祥社区,230506002,23,2305,230506
230506002003,宏如社区,230506002,23,2305,230506
230506002005,宏意社区,230506002,23,2305,230506
230506002006,宏顺社区,230506002,23,2305,230506
230506003001,东兴社区,230506003,23,2305,230506
230506004001,星河社区,230506004,23,2305,230506
230506004003,星盛社区,230506004,23,2305,230506
230506004004,星隆社区,230506004,23,2305,230506
230506004005,星福社区,230506004,23,2305,230506
230506004006,星吉社区,230506004,23,2305,230506
230506005001,向阳社区,230506005,23,2305,230506
230506005002,新兴社区,230506005,23,2305,230506
230506006001,东平社区,230506006,23,2305,230506
230506006002,富民社区,230506006,23,2305,230506
230506006003,西平社区,230506006,23,2305,230506
230506006004,仁合社区,230506006,23,2305,230506
230506006005,杨家围社区,230506006,23,2305,230506
230506006006,八营社区,230506006,23,2305,230506
230506007001,电厂社区,230506007,23,2305,230506
230506008001,宝农社区,230506008,23,2305,230506
230506008002,宝民社区,230506008,23,2305,230506
230506008003,宝丰社区,230506008,23,2305,230506
230506008004,宝福社区,230506008,23,2305,230506
230506101500,杨木岗村生活区,230506101,23,2305,230506
230506101520,华新村生活区,230506101,23,2305,230506
230506101530,宝山村生活区,230506101,23,2305,230506
230506101531,新村生活区,230506101,23,2305,230506
230506101532,上游村生活区,230506101,23,2305,230506
230506101533,前进村生活区,230506101,23,2305,230506
230521100001,繁荣社区居委会,230521100,23,2305,230521
230521100002,曙光社区居委会,230521100,23,2305,230521
230521100003,亿安社区居委会,230521100,23,2305,230521
230521100005,振业社区居委会,230521100,23,2305,230521
230521100009,前进社区居委会,230521100,23,2305,230521
230521100010,花园社区居委会,230521100,23,2305,230521
230521100012,农丰社区居委会,230521100,23,2305,230521
230521100013,站前社区居委会,230521100,23,2305,230521
230521100014,翠园社区居委会,230521100,23,2305,230521
230521100202,东荣村委会,230521100,23,2305,230521
230521100203,东兴村委会,230521100,23,2305,230521
230521100204,青山村委会,230521100,23,2305,230521
230521100205,双丰村委会,230521100,23,2305,230521
230521100207,清泉村委会,230521100,23,2305,230521
230521100208,先锋村委会,230521100,23,2305,230521
230521100209,长征村委会,230521100,23,2305,230521
230521100210,胜利村委会,230521100,23,2305,230521
230521100211,东发村委会,230521100,23,2305,230521
230521100212,金星村委会,230521100,23,2305,230521
230521100213,新发村委会,230521100,23,2305,230521
230521100214,红联村委会,230521100,23,2305,230521
230521100215,安邦村委会,230521100,23,2305,230521
230521100216,东辉村委会,230521100,23,2305,230521
230521100217,高丰村委会,230521100,23,2305,230521
230521101001,福城社区居委会,230521101,23,2305,230521
230521101002,兴达社区居委会,230521101,23,2305,230521
230521101201,永发村委会,230521101,23,2305,230521
230521101202,双胜村委会,230521101,23,2305,230521
230521101203,中兴村委会,230521101,23,2305,230521
230521101204,七一村委会,230521101,23,2305,230521
230521101205,顺发村委会,230521101,23,2305,230521
230521101206,山河村委会,230521101,23,2305,230521
230521101207,德胜村委会,230521101,23,2305,230521
230521101208,山东村委会,230521101,23,2305,230521
230521101209,国庆村委会,230521101,23,2305,230521
230521101210,红光村委会,230521101,23,2305,230521
230521101211,丰收村委会,230521101,23,2305,230521
230521101212,兆林村委会,230521101,23,2305,230521
230521101213,同意村委会,230521101,23,2305,230521
230521101214,长安村委会,230521101,23,2305,230521
230521101215,永富村委会,230521101,23,2305,230521
230521101216,平原村委会,230521101,23,2305,230521
230521101217,福厚村委会,230521101,23,2305,230521
230521101218,洪仁村委会,230521101,23,2305,230521
230521101219,务正村委会,230521101,23,2305,230521
230521101220,城新村委会,230521101,23,2305,230521
230521101221,五一村委会,230521101,23,2305,230521
230521101222,黎明村委会,230521101,23,2305,230521
230521101223,德祥村委会,230521101,23,2305,230521
230521102001,永昌社区居委会,230521102,23,2305,230521
230521102201,永胜村委会,230521102,23,2305,230521
230521102202,五星村委会,230521102,23,2305,230521
230521102203,保丰村委会,230521102,23,2305,230521
230521102204,华山村委会,230521102,23,2305,230521
230521102205,德兴村委会,230521102,23,2305,230521
230521102206,治安村委会,230521102,23,2305,230521
230521102207,三方村委会,230521102,23,2305,230521
230521102208,大兴村委会,230521102,23,2305,230521
230521102209,友好村委会,230521102,23,2305,230521
230521102210,爱林村委会,230521102,23,2305,230521
230521102211,丰林村委会,230521102,23,2305,230521
230521102212,东方红村委会,230521102,23,2305,230521
230521102213,太升村委会,230521102,23,2305,230521
230521102214,太昌村委会,230521102,23,2305,230521
230521102215,永华村委会,230521102,23,2305,230521
230521103001,长发社区居委会,230521103,23,2305,230521
230521103201,卫东村委会,230521103,23,2305,230521
230521103202,东升村委会,230521103,23,2305,230521
230521103203,东风村委会,230521103,23,2305,230521
230521103204,奋斗村委会,230521103,23,2305,230521
230521103205,兴发村委会,230521103,23,2305,230521
230521103206,太复村委会,230521103,23,2305,230521
230521103207,永强村委会,230521103,23,2305,230521
230521103208,太联村委会,230521103,23,2305,230521
230521103209,太乐村委会,230521103,23,2305,230521
230521103210,永丰村委会,230521103,23,2305,230521
230521103211,太城村委会,230521103,23,2305,230521
230521103212,太丰村委会,230521103,23,2305,230521
230521103213,庆丰村委会,230521103,23,2305,230521
230521103214,太华村委会,230521103,23,2305,230521
230521103215,新立村委会,230521103,23,2305,230521
230521103216,太源村委会,230521103,23,2305,230521
230521104001,永发社区居委会,230521104,23,2305,230521
230521104201,太平村委会,230521104,23,2305,230521
230521104202,太兴村委会,230521104,23,2305,230521
230521104203,太增村委会,230521104,23,2305,230521
230521104204,太山村委会,230521104,23,2305,230521
230521104205,太安村委会,230521104,23,2305,230521
230521104206,太辉村委会,230521104,23,2305,230521
230521104207,太合村委会,230521104,23,2305,230521
230521104208,太忠村委会,230521104,23,2305,230521
230521104209,太恒村委会,230521104,23,2305,230521
230521104210,太洪村委会,230521104,23,2305,230521
230521104211,太玉村委会,230521104,23,2305,230521
230521104212,太林村委会,230521104,23,2305,230521
230521104213,太岩村委会,230521104,23,2305,230521
230521104214,太阳村委会,230521104,23,2305,230521
230521104215,太利村委会,230521104,23,2305,230521
230521104216,太荣村委会,230521104,23,2305,230521
230521104217,太发村委会,230521104,23,2305,230521
230521201001,兴民社区居民委员会,230521201,23,2305,230521
230521201201,昌平村委会,230521201,23,2305,230521
230521201202,八一村委会,230521201,23,2305,230521
230521201203,天兴村委会,230521201,23,2305,230521
230521201204,兴久村委会,230521201,23,2305,230521
230521201205,宏图村委会,230521201,23,2305,230521
230521201206,腰屯村委会,230521201,23,2305,230521
230521201207,明星村委会,230521201,23,2305,230521
230521201208,永红村委会,230521201,23,2305,230521
230521201209,繁荣村委会,230521201,23,2305,230521
230521201210,联丰村委会,230521201,23,2305,230521
230521201211,联合村委会,230521201,23,2305,230521
230521201212,常胜村委会,230521201,23,2305,230521
230521201213,民胜村委会,230521201,23,2305,230521
230521201214,双山村委会,230521201,23,2305,230521
230521201215,福兴村委会,230521201,23,2305,230521
230521201216,万生村委会,230521201,23,2305,230521
230521202001,兴安社区居民委员会,230521202,23,2305,230521
230521202201,笔架山村委会,230521202,23,2305,230521
230521202202,精神村委会,230521202,23,2305,230521
230521202203,柳河村委会,230521202,23,2305,230521
230521202204,庆生村委会,230521202,23,2305,230521
230521202205,和平村委会,230521202,23,2305,230521
230521202206,永乐村委会,230521202,23,2305,230521
230521202207,仁德村委会,230521202,23,2305,230521
230521202208,忠厚村委会,230521202,23,2305,230521
230521202209,合发村委会,230521202,23,2305,230521
230521202210,宏德村委会,230521202,23,2305,230521
230521202211,兴业村委会,230521202,23,2305,230521
230521202212,兴一村委会,230521202,23,2305,230521
230521202213,兴二村委会,230521202,23,2305,230521
230521202214,兴三村委会,230521202,23,2305,230521
230521202215,兴四村委会,230521202,23,2305,230521
230521202216,光明村委会,230521202,23,2305,230521
230521202217,保胜村委会,230521202,23,2305,230521
230521202218,鲜兴村委会,230521202,23,2305,230521
230521202219,兴旺村委会,230521202,23,2305,230521
230521202220,双保村委会,230521202,23,2305,230521
230521204001,永安社区居民委员会,230521204,23,2305,230521
230521204201,德利村委会,230521204,23,2305,230521
230521204202,宏伟村委会,230521204,23,2305,230521
230521204203,兴富村委会,230521204,23,2305,230521
230521204204,兴源村委会,230521204,23,2305,230521
230521204205,永林村委会,230521204,23,2305,230521
230521204206,永兴村委会,230521204,23,2305,230521
230521204207,永吉村委会,230521204,23,2305,230521
230521204208,向阳村委会,230521204,23,2305,230521
230521204209,五七村委会,230521204,23,2305,230521
230521204210,青春村委会,230521204,23,2305,230521
230521204211,长发村委会,230521204,23,2305,230521
230521204212,兴华村委会,230521204,23,2305,230521
230521204213,永革村委会,230521204,23,2305,230521
230521204214,永合村委会,230521204,23,2305,230521
230521204215,永升村委会,230521204,23,2305,230521
230521204216,幸福村委会,230521204,23,2305,230521
230521204217,勤俭村委会,230521204,23,2305,230521
230521204218,永明村委会,230521204,23,2305,230521
230521204219,双跃村委会,230521204,23,2305,230521
230521204220,曙光村委会,230521204,23,2305,230521
230521204221,北星村委会,230521204,23,2305,230521
230521204222,富强村委会,230521204,23,2305,230521
230521204223,向荣村委会,230521204,23,2305,230521
230521204224,富民村委会,230521204,23,2305,230521
230521204225,联明村委会,230521204,23,2305,230521
230521204226,北安村委会,230521204,23,2305,230521
230521204227,洪胜村委会,230521204,23,2305,230521
230521204228,新合村委会,230521204,23,2305,230521
230521401598,太平林场虚拟生活区,230521401,23,2305,230521
230521402598,丰乐林场虚拟生活区,230521402,23,2305,230521
230521403598,七星林场虚拟生活区,230521403,23,2305,230521
230521404598,峻山林场虚拟生活区,230521404,23,2305,230521
230521405598,爱林林场虚拟生活区,230521405,23,2305,230521
230521406598,腰屯林场虚拟生活区,230521406,23,2305,230521
230521407598,升平煤矿虚拟生活区,230521407,23,2305,230521
230521480400,黑龙江省双鸭山市监狱社区,230521480,23,2305,230521
230521480501,一大队生活区,230521480,23,2305,230521
230521480502,二大队生活区,230521480,23,2305,230521
230521480503,三大队生活区,230521480,23,2305,230521
230521480504,四大队生活区,230521480,23,2305,230521
230521480505,六大队生活区,230521480,23,2305,230521
230521480506,七大队生活区,230521480,23,2305,230521
230521480507,九大队生活区,230521480,23,2305,230521
230521480508,十一大队生活区,230521480,23,2305,230521
230521480509,十二大队生活区,230521480,23,2305,230521
230521480510,五大队生活区,230521480,23,2305,230521
230521480511,第十三大队生活区,230521480,23,2305,230521
230521480512,十四大队生活区,230521480,23,2305,230521
230521480513,科研站生活区,230521480,23,2305,230521
230521480514,水管站生活区,230521480,23,2305,230521
230521480516,八大队生活区,230521480,23,2305,230521
230521480517,十大队生活区,230521480,23,2305,230521
230521500401,二九一农场场直社区第一居民委社区,230521500,23,2305,230521
230521500402,二九一农场场直社区第二居民委社区,230521500,23,2305,230521
230521500403,二九一农场场直社区第三居民委社区,230521500,23,2305,230521
230521500404,二九一农场场直社区第四居民委社区,230521500,23,2305,230521
230521500405,二九一农场场直社区第五居民委社区,230521500,23,2305,230521
230521500501,二九一农场第一管理区居民委,230521500,23,2305,230521
230521500502,二九一农场第二管理区居民委,230521500,23,2305,230521
230521500503,二九一农场第三管理区居民委,230521500,23,2305,230521
230521500504,二九一农场第四管理区居民委,230521500,23,2305,230521
230521581598,良种场虚拟生活区,230521581,23,2305,230521
230521582598,种畜场虚拟生活区,230521582,23,2305,230521
230521583598,果树示范场虚拟生活区,230521583,23,2305,230521
230522100003,繁荣社区居民委员会,230522100,23,2305,230522
230522100004,百兴社区居民委员会,230522100,23,2305,230522
230522100005,康乐社区居民委员会,230522100,23,2305,230522
230522100006,富强社区居民委员会,230522100,23,2305,230522
230522100008,学府社区居民委员会,230522100,23,2305,230522
230522101201,爱林村村民委员会,230522101,23,2305,230522
230522101202,利华村村民委员会,230522101,23,2305,230522
230522101203,邹集村村民委员会,230522101,23,2305,230522
230522101204,和发村村民委员会,230522101,23,2305,230522
230522101205,猴石村村民委员会,230522101,23,2305,230522
230522101206,青年庄村村民委员会,230522101,23,2305,230522
230522101207,平安村村民委员会,230522101,23,2305,230522
230522102200,龙山村村民委员会,230522102,23,2305,230522
230522102201,北峰村村民委员会,230522102,23,2305,230522
230522103200,凤岗村村民委员会,230522103,23,2305,230522
230522103201,集富村村民委员会,230522103,23,2305,230522
230522103202,六合村村民委员会,230522103,23,2305,230522
230522103203,友利村村民委员会,230522103,23,2305,230522
230522103204,兴隆山村村民委员会,230522103,23,2305,230522
230522103206,幸福村村民委员会,230522103,23,2305,230522
230522200200,兴盛村村民委员会,230522200,23,2305,230522
230522200201,东胜村村民委员会,230522200,23,2305,230522
230522200202,宏伟村村民委员会,230522200,23,2305,230522
230522200203,宏坤村村民委员会,230522200,23,2305,230522
230522200204,农民村村民委员会,230522200,23,2305,230522
230522200205,丰源村村民委员会,230522200,23,2305,230522
230522201200,东建村村民委员会,230522201,23,2305,230522
230522201201,发家村村民委员会,230522201,23,2305,230522
230522201202,永林村村民委员会,230522201,23,2305,230522
230522201205,富强村村民委员会,230522201,23,2305,230522
230522201207,靠乡村村民委员会,230522201,23,2305,230522
230522201208,年丰村村民委员会,230522201,23,2305,230522
230522201209,二站村村民委员会,230522201,23,2305,230522
230522202200,庆丰村村民委员会,230522202,23,2305,230522
230522202201,康家店村村民委员会,230522202,23,2305,230522
230522202202,新欣村村民委员会,230522202,23,2305,230522
230522202205,胜利村村民委员会,230522202,23,2305,230522
230522203200,建设村村民委员会,230522203,23,2305,230522
230522203201,北新发村村民委员会,230522203,23,2305,230522
230522203202,兴华村村民委员会,230522203,23,2305,230522
230522203203,中心村村民委员会,230522203,23,2305,230522
230522203204,富民村村民委员会,230522203,23,2305,230522
230522204200,友邻村村民委员会,230522204,23,2305,230522
230522204201,东明村村民委员会,230522204,23,2305,230522
230522204202,东兴村村民委员会,230522204,23,2305,230522
230522205200,新镇村村民委员会,230522205,23,2305,230522
230522205201,双林村村民委员会,230522205,23,2305,230522
230522205204,西邻村村民委员会,230522205,23,2305,230522
230522206201,套河村村民委员会,230522206,23,2305,230522
230522206203,大成富村村民委员会,230522206,23,2305,230522
230522206206,对面城村村民委员会,230522206,23,2305,230522
230522501598,红兴隆管理局局直虚拟生活区,230522501,23,2305,230522
230522502401,友谊场直社区,230522502,23,2305,230522
230522502501,友谊农场第一管理区,230522502,23,2305,230522
230522502502,友谊农场第二管理区,230522502,23,2305,230522
230522502503,友谊农场第三管理区,230522502,23,2305,230522
230522502504,友谊农场第四管理区,230522502,23,2305,230522
230522502505,友谊农场第五管理区,230522502,23,2305,230522
230522502506,友谊农场第六管理区,230522502,23,2305,230522
230522502507,友谊农场第七管理区,230522502,23,2305,230522
230522502508,友谊农场第八管理区,230522502,23,2305,230522
230522502509,友谊农场第九管理区,230522502,23,2305,230522
230522502510,友谊农场第十管理区,230522502,23,2305,230522
230522502511,友谊农场第十一管理区,230522502,23,2305,230522
230522502512,友谊农场林业管理区,230522502,23,2305,230522
230523100001,东关社区,230523100,23,2305,230523
230523100002,建设社区,230523100,23,2305,230523
230523100003,真理社区,230523100,23,2305,230523
230523100004,幸福社区,230523100,23,2305,230523
230523100005,双胜社区,230523100,23,2305,230523
230523100006,解放社区,230523100,23,2305,230523
230523100007,和平社区,230523100,23,2305,230523
230523100008,亨利社区,230523100,23,2305,230523
230523100110,岚峰社区,230523100,23,2305,230523
230523100111,清河社区,230523100,23,2305,230523
230523100201,建设村委会,230523100,23,2305,230523
230523100202,和平村委会,230523100,23,2305,230523
230523100203,真理村委会,230523100,23,2305,230523
230523100204,双胜村委会,230523100,23,2305,230523
230523100205,东关村委会,230523100,23,2305,230523
230523100206,南元村委会,230523100,23,2305,230523
230523100207,亨利村委会,230523100,23,2305,230523
230523100208,解放村委会,230523100,23,2305,230523
230523100209,十八里村委会,230523100,23,2305,230523
230523100210,十二里村委会,230523100,23,2305,230523
230523100211,连丰村委会,230523100,23,2305,230523
230523100212,庆兰村委会,230523100,23,2305,230523
230523100213,红新村委会,230523100,23,2305,230523
230523100214,庄园村委会,230523100,23,2305,230523
230523100215,郝家村委会,230523100,23,2305,230523
230523100216,报国村委会,230523100,23,2305,230523
230523100217,双泉村委会,230523100,23,2305,230523
230523100218,高家村委会,230523100,23,2305,230523
230523100219,四新村委会,230523100,23,2305,230523
230523100220,靠山村委会,230523100,23,2305,230523
230523100221,北关村委会,230523100,23,2305,230523
230523100222,永宁村委会,230523100,23,2305,230523
230523101001,第一居委会,230523101,23,2305,230523
230523101201,向华村委会,230523101,23,2305,230523
230523101202,中红村委会,230523101,23,2305,230523
230523101203,红峰村委会,230523101,23,2305,230523
230523101204,平安村委会,230523101,23,2305,230523
230523101205,解放村委会,230523101,23,2305,230523
230523101206,兴华村委会,230523101,23,2305,230523
230523101207,永发村委会,230523101,23,2305,230523
230523101208,永胜村委会,230523101,23,2305,230523
230523101209,永兴村委会,230523101,23,2305,230523
230523101210,德兴村委会,230523101,23,2305,230523
230523101211,新发村委会,230523101,23,2305,230523
230523101212,金沙岗村委会,230523101,23,2305,230523
230523101213,兰凤村委会,230523101,23,2305,230523
230523101214,新民村委会,230523101,23,2305,230523
230523101215,民主村委会,230523101,23,2305,230523
230523101216,义合村委会,230523101,23,2305,230523
230523101217,金沙河村委会,230523101,23,2305,230523
230523101218,永安村委会,230523101,23,2305,230523
230523101219,永泉村委会,230523101,23,2305,230523
230523101220,三合村委会,230523101,23,2305,230523
230523101221,福兴村委会,230523101,23,2305,230523
230523101222,双北村委会,230523101,23,2305,230523
230523101223,巨宝村委会,230523101,23,2305,230523
230523101224,凉水村委会,230523101,23,2305,230523
230523101225,胜利村委会,230523101,23,2305,230523
230523101226,新丰村委会,230523101,23,2305,230523
230523101227,东太村委会,230523101,23,2305,230523
230523101228,西太村委会,230523101,23,2305,230523
230523101500,胜利林场生活区,230523101,23,2305,230523
230523102001,第一居委会,230523102,23,2305,230523
230523102201,兴东村委会,230523102,23,2305,230523
230523102202,永乐村委会,230523102,23,2305,230523
230523102203,永红村委会,230523102,23,2305,230523
230523102204,东富村委会,230523102,23,2305,230523
230523102205,兴旺村委会,230523102,23,2305,230523
230523102206,青山村委会,230523102,23,2305,230523
230523102208,庆东村委会,230523102,23,2305,230523
230523102209,复兴村委会,230523102,23,2305,230523
230523102210,兴业村委会,230523102,23,2305,230523
230523102211,东发村委会,230523102,23,2305,230523
230523102212,新城村委会,230523102,23,2305,230523
230523102213,本德村委会,230523102,23,2305,230523
230523102214,本北村委会,230523102,23,2305,230523
230523102215,卫东村委会,230523102,23,2305,230523
230523102500,原种场生活区,230523102,23,2305,230523
230523103001,第一居委会,230523103,23,2305,230523
230523103201,夹信子村委会,230523103,23,2305,230523
230523103202,徐马村委会,230523103,23,2305,230523
230523103203,勇进村委会,230523103,23,2305,230523
230523103206,合作村委会,230523103,23,2305,230523
230523103207,团结村委会,230523103,23,2305,230523
230523103208,七一村委会,230523103,23,2305,230523
230523103209,西沟村委会,230523103,23,2305,230523
230523103210,头道村委会,230523103,23,2305,230523
230523103211,二道村委会,230523103,23,2305,230523
230523103212,三道村委会,230523103,23,2305,230523
230523103213,河泉村委会,230523103,23,2305,230523
230523103214,宏泉村委会,230523103,23,2305,230523
230523103215,林泉村委会,230523103,23,2305,230523
230523103216,向山村委会,230523103,23,2305,230523
230523103217,奋斗村委会,230523103,23,2305,230523
230523103218,光辉村委会,230523103,23,2305,230523
230523104201,龙头村委会,230523104,23,2305,230523
230523104202,红山村委会,230523104,23,2305,230523
230523104203,东龙村委会,230523104,23,2305,230523
230523104204,兰花村委会,230523104,23,2305,230523
230523104205,北龙村委会,230523104,23,2305,230523
230523104206,龙泉村委会,230523104,23,2305,230523
230523104207,农林村委会,230523104,23,2305,230523
230523104208,庆九村委会,230523104,23,2305,230523
230523104209,大泉沟村委会,230523104,23,2305,230523
230523104210,柳毛河村委会,230523104,23,2305,230523
230523104400,龙头桥水库社区,230523104,23,2305,230523
230523104500,龙头林场生活区,230523104,23,2305,230523
230523104501,头道岗林场生活区,230523104,23,2305,230523
230523104502,宝密桥场生活区,230523104,23,2305,230523
230523104503,宝山林场生活区,230523104,23,2305,230523
230523105201,小城子村委会,230523105,23,2305,230523
230523105202,青龙山村委会,230523105,23,2305,230523
230523105203,太平村委会,230523105,23,2305,230523
230523105204,梨南村委会,230523105,23,2305,230523
230523105205,梨中村委会,230523105,23,2305,230523
230523105206,梨北村委会,230523105,23,2305,230523
230523105207,富山村委会,230523105,23,2305,230523
230523105208,千山村委会,230523105,23,2305,230523
230523105209,天山村委会,230523105,23,2305,230523
230523105500,梨树林场生活区,230523105,23,2305,230523
230523105501,六道林场生活区,230523105,23,2305,230523
230523105503,种畜场生活区,230523105,23,2305,230523
230523105504,果树场生活区,230523105,23,2305,230523
230523105505,果酒基地生活区,230523105,23,2305,230523
230523106201,朝阳村委会,230523106,23,2305,230523
230523106202,红旗村委会,230523106,23,2305,230523
230523106203,红升村委会,230523106,23,2305,230523
230523106204,红日村委会,230523106,23,2305,230523
230523106205,曙光村委会,230523106,23,2305,230523
230523106206,灯塔村委会,230523106,23,2305,230523
230523106207,丰收村委会,230523106,23,2305,230523
230523106208,合兴村委会,230523106,23,2305,230523
230523106209,东兴村委会,230523106,23,2305,230523
230523106210,东胜村委会,230523106,23,2305,230523
230523106211,东旺村委会,230523106,23,2305,230523
230523106500,东方红林场生活区,230523106,23,2305,230523
230523203201,万隆村委会,230523203,23,2305,230523
230523203202,红光村委会,230523203,23,2305,230523
230523203203,兴国村委会,230523203,23,2305,230523
230523203204,方胜村委会,230523203,23,2305,230523
230523203205,农业场村委会,230523203,23,2305,230523
230523203206,三星村委会,230523203,23,2305,230523
230523203207,万中村委会,230523203,23,2305,230523
230523203208,新星村委会,230523203,23,2305,230523
230523203209,金山村委会,230523203,23,2305,230523
230523203210,宝金村委会,230523203,23,2305,230523
230523203211,志强村委会,230523203,23,2305,230523
230523203500,良种场生活区,230523203,23,2305,230523
230523204201,尖东村委会,230523204,23,2305,230523
230523204202,东方村委会,230523204,23,2305,230523
230523204203,东青村委会,230523204,23,2305,230523
230523204204,东红村委会,230523204,23,2305,230523
230523204205,东风村委会,230523204,23,2305,230523
230523204206,索东村委会,230523204,23,2305,230523
230523204207,东明村委会,230523204,23,2305,230523
230523204208,东鑫村委会,230523204,23,2305,230523
230523204209,三道林子村委会,230523204,23,2305,230523
230523204210,头道林子村委会,230523204,23,2305,230523
230523204211,二道林子村委会,230523204,23,2305,230523
230523204212,中岗村委会,230523204,23,2305,230523
230523204213,北岗村委会,230523204,23,2305,230523
230523204214,银龙村委会,230523204,23,2305,230523
230523209201,七星河村委会,230523209,23,2305,230523
230523209202,常张村委会,230523209,23,2305,230523
230523209203,杨树村委会,230523209,23,2305,230523
230523209204,新立村委会,230523209,23,2305,230523
230523209205,东辉村委会,230523209,23,2305,230523
230523209206,东强村委会,230523209,23,2305,230523
230523209207,建平村委会,230523209,23,2305,230523
230523209208,永新村委会,230523209,23,2305,230523
230523209209,兴平村委会,230523209,23,2305,230523
230523209210,北宝村委会,230523209,23,2305,230523
230523209500,芦苇公司生活区,230523209,23,2305,230523
230523400598,上游经营所虚拟生活区,230523400,23,2305,230523
230523401598,南瓮泉经营所虚拟生活区,230523401,23,2305,230523
230523402598,七一林场虚拟生活区,230523402,23,2305,230523
230523403598,七星河林场虚拟生活区,230523403,23,2305,230523
230523404598,红旗林场虚拟生活区,230523404,23,2305,230523
230523405598,三岔河林场虚拟生活区,230523405,23,2305,230523
230523406598,青龙林场虚拟生活区,230523406,23,2305,230523
230523407598,宝石经营所虚拟生活区,230523407,23,2305,230523
230523408498,七星河金矿虚拟社区,230523408,23,2305,230523
230523409598,桦南林业局岚峰林场虚拟生活区,230523409,23,2305,230523
230523500402,五九七场直社区,230523500,23,2305,230523
230523500501,五九七农场第一管理区,230523500,23,2305,230523
230523500502,五九七农场第二管理区,230523500,23,2305,230523
230523500503,五九七农场第三管理区,230523500,23,2305,230523
230523500504,五九七农场第四管理区,230523500,23,2305,230523
230523500505,五九七农场第五管理区,230523500,23,2305,230523
230523500506,五九七农场第六管理区,230523500,23,2305,230523
230523501402,八五二场直社区,230523501,23,2305,230523
230523501501,八五二农场第一管理区,230523501,23,2305,230523
230523501502,八五二农场第二管理区,230523501,23,2305,230523
230523501503,八五二农场第三管理区,230523501,23,2305,230523
230523501504,八五二农场第四管理区,230523501,23,2305,230523
230523501505,八五二农场第五管理区,230523501,23,2305,230523
230523501506,八五二农场第六管理区,230523501,23,2305,230523
230523501507,八五二农场第七管理区,230523501,23,2305,230523
230523501508,八五二农场第八管理区,230523501,23,2305,230523
230523502402,八五三场直社区,230523502,23,2305,230523
230523502501,八五三农场一管理区,230523502,23,2305,230523
230523502502,八五三农场二管理区,230523502,23,2305,230523
230523502503,八五三农场三管理区,230523502,23,2305,230523
230523502504,八五三农场四管理区,230523502,23,2305,230523
230523502505,八五三农场五管理区,230523502,23,2305,230523
230523502506,八五三农场六管理区,230523502,23,2305,230523
230523502507,八五三农场七管理区,230523502,23,2305,230523
230524100001,沿江社区,230524100,23,2305,230524
230524100002,团山社区,230524100,23,2305,230524
230524100003,欣民社区,230524100,23,2305,230524
230524100005,荣久社区,230524100,23,2305,230524
230524100200,饶河村委会,230524100,23,2305,230524
230524100201,镇北村委会,230524100,23,2305,230524
230524100202,振兴村委会,230524100,23,2305,230524
230524100203,岭南朝鲜族村委会,230524100,23,2305,230524
230524100204,三义村委会,230524100,23,2305,230524
230524100205,朝阳村委会,230524100,23,2305,230524
230524100206,昌盛村委会,230524100,23,2305,230524
230524100500,森川林场生活区,230524100,23,2305,230524
230524100501,王家店生活区,230524100,23,2305,230524
230524100502,带阳生活区,230524100,23,2305,230524
230524101200,佳平村委会,230524101,23,2305,230524
230524101201,小佳河村委会,230524101,23,2305,230524
230524101202,佳兴村委会,230524101,23,2305,230524
230524101203,蛤蟆河村委会,230524101,23,2305,230524
230524101204,林海村委会,230524101,23,2305,230524
230524101205,新村村委会,230524101,23,2305,230524
230524101206,新风村委会,230524101,23,2305,230524
230524101207,东鲜朝鲜族村委会,230524101,23,2305,230524
230524101208,蜂场村委会,230524101,23,2305,230524
230524101209,永丰朝鲜族村委会,230524101,23,2305,230524
230524101210,富饶村委会,230524101,23,2305,230524
230524101211,创新村委会,230524101,23,2305,230524
230524101212,杏树村委会,230524101,23,2305,230524
230524101213,吉龙村委会,230524101,23,2305,230524
230524101214,河兴社区村委会,230524101,23,2305,230524
230524102200,西丰村委会,230524102,23,2305,230524
230524102201,东林村委会,230524102,23,2305,230524
230524102202,东南村委会,230524102,23,2305,230524
230524102203,五道桥村委会,230524102,23,2305,230524
230524102204,莲花村委会,230524102,23,2305,230524
230524102205,乐山村委会,230524102,23,2305,230524
230524102206,河南村委会,230524102,23,2305,230524
230524102207,河北村委会,230524102,23,2305,230524
230524102208,联合村委会,230524102,23,2305,230524
230524102209,富丰村委会,230524102,23,2305,230524
230524102210,芦源村委会,230524102,23,2305,230524
230524102211,苇子沟村委会,230524102,23,2305,230524
230524102212,长山村委会,230524102,23,2305,230524
230524102213,迎丰村委会,230524102,23,2305,230524
230524102214,连丰村委会,230524102,23,2305,230524
230524102500,果树场生活区,230524102,23,2305,230524
230524102501,良种场生活区,230524102,23,2305,230524
230524102502,渔丰村生活区,230524102,23,2305,230524
230524103200,鹿山村委会,230524103,23,2305,230524
230524103201,关门村委会,230524103,23,2305,230524
230524103202,西南岔村委会,230524103,23,2305,230524
230524103203,大带村委会,230524103,23,2305,230524
230524200200,西林子村委会,230524200,23,2305,230524
230524200201,北山村委会,230524200,23,2305,230524
230524200202,小南河村委会,230524200,23,2305,230524
230524200203,靠山村委会,230524200,23,2305,230524
230524200204,兰桥村委会,230524200,23,2305,230524
230524200205,三人班村委会,230524200,23,2305,230524
230524200206,柳兰村委会,230524200,23,2305,230524
230524200207,西川河村委会,230524200,23,2305,230524
230524200208,沙河子村委会,230524200,23,2305,230524
230524201200,四排赫哲族村委会,230524201,23,2305,230524
230524201201,曙光村委会,230524201,23,2305,230524
230524201202,东河村委会,230524201,23,2305,230524
230524201203,平原村委会,230524201,23,2305,230524
230524201500,马架子林场生活区,230524201,23,2305,230524
230524203200,大佳河村委会,230524203,23,2305,230524
230524203201,东升村委会,230524203,23,2305,230524
230524203202,前唐村委会,230524203,23,2305,230524
230524203203,富山村委会,230524203,23,2305,230524
230524203204,富河村委会,230524203,23,2305,230524
230524203205,桦林村委会,230524203,23,2305,230524
230524203206,永发村委会,230524203,23,2305,230524
230524203207,永前村委会,230524203,23,2305,230524
230524203208,永富村委会,230524203,23,2305,230524
230524203209,永胜村委会,230524203,23,2305,230524
230524203500,种畜场生活区,230524203,23,2305,230524
230524204200,山里村委会,230524204,23,2305,230524
230524204201,光明村委会,230524204,23,2305,230524
230524204202,双河村委会,230524204,23,2305,230524
230524204203,二林子村委会,230524204,23,2305,230524
230524204204,奋斗村委会,230524204,23,2305,230524
230524204205,山河村委会,230524204,23,2305,230524
230524204206,三道岗村委会,230524204,23,2305,230524
230524204207,新利村委会,230524204,23,2305,230524
230524204208,二道岗村委会,230524204,23,2305,230524
230524207200,青山村委会,230524207,23,2305,230524
230524207201,兴隆村委会,230524207,23,2305,230524
230524207202,镇江村委会,230524207,23,2305,230524
230524207203,太平村委会,230524207,23,2305,230524
230524207204,永利村委会,230524207,23,2305,230524
230524207205,永合村委会,230524207,23,2305,230524
230524207206,永明村委会,230524207,23,2305,230524
230524207500,通河林场生活区,230524207,23,2305,230524
230524400598,小佳河林场虚拟生活区,230524400,23,2305,230524
230524401598,威山林场虚拟生活区,230524401,23,2305,230524
230524402598,西丰林场虚拟生活区,230524402,23,2305,230524
230524403598,大牙克林场虚拟生活区,230524403,23,2305,230524
230524404598,石场林场虚拟生活区,230524404,23,2305,230524
230524405598,宝马山林场虚拟生活区,230524405,23,2305,230524
230524406598,大岱林场虚拟生活区,230524406,23,2305,230524
230524407598,永幸林场虚拟生活区,230524407,23,2305,230524
230524408598,奇源林场虚拟生活区,230524408,23,2305,230524
230524409598,芦源林场虚拟生活区,230524409,23,2305,230524
230524410598,五林洞林场虚拟生活区,230524410,23,2305,230524
230524500402,饶河场直社区,230524500,23,2305,230524
230524500501,饶河农场第一管理区,230524500,23,2305,230524
230524500502,饶河农场第二管理区,230524500,23,2305,230524
230524500503,饶河农场第三管理区,230524500,23,2305,230524
230524500504,饶河农场第四管理区,230524500,23,2305,230524
230524500505,饶河农场第五管理区,230524500,23,2305,230524
230524500506,饶河农场第六管理区,230524500,23,2305,230524
230524501402,红旗岭场直社区,230524501,23,2305,230524
230524501501,红旗岭农场第一管理区,230524501,23,2305,230524
230524501502,红旗岭农场第二管理区,230524501,23,2305,230524
230524501513,红旗岭农场第四管理区,230524501,23,2305,230524
230524501514,红旗岭农场第五管理区,230524501,23,2305,230524
230524501515,红旗岭农场第三管理区,230524501,23,2305,230524
230524502402,八五九场直社区,230524502,23,2305,230524
230524502501,八五九农场第一管理区,230524502,23,2305,230524
230524502502,八五九农场第二管理区,230524502,23,2305,230524
230524502503,八五九农场第三管理区,230524502,23,2305,230524
230524502504,八五九农场第四管理区,230524502,23,2305,230524
230524502505,八五九农场第五管理区,230524502,23,2305,230524
230524502506,八五九农场第六管理区,230524502,23,2305,230524
230524502507,八五九农场第七管理区,230524502,23,2305,230524
230524502508,八五九农场第八管理区,230524502,23,2305,230524
230524502509,八五九农场第九管理区,230524502,23,2305,230524
230524502512,八五九农场第十二管理区,230524502,23,2305,230524
230524502513,八五九农场第十三管理区,230524502,23,2305,230524
230524502514,八五九农场第十四管理区,230524502,23,2305,230524
230524502515,八五九农场第十五管理区,230524502,23,2305,230524
230524502516,八五九农场第十管理区,230524502,23,2305,230524
230524502517,八五九农场第十一管理区,230524502,23,2305,230524
230524503402,胜利场直社区,230524503,23,2305,230524
230524503501,胜利农场第一管理区,230524503,23,2305,230524
230524503502,胜利农场第二管理区,230524503,23,2305,230524
230524503503,胜利农场第三管理区,230524503,23,2305,230524
230524503504,胜利农场第四管理区,230524503,23,2305,230524
230524503505,胜利农场第五管理区,230524503,23,2305,230524
230524503506,胜利农场第六管理区,230524503,23,2305,230524
230524503507,胜利农场第七管理区,230524503,23,2305,230524
230524503515,胜利农场第八管理区,230524503,23,2305,230524
230524503516,胜利农场第九管理区,230524503,23,2305,230524
230524503517,胜利农场第十管理区,230524503,23,2305,230524
230524504402,红卫场直社区,230524504,23,2305,230524
230524504501,红卫农场第一管理区,230524504,23,2305,230524
230524504502,红卫农场第二管理区,230524504,23,2305,230524
230524504504,红卫农场第四管理区,230524504,23,2305,230524
230524504505,红卫农场第五管理区,230524504,23,2305,230524
230524504507,红卫农场第七管理区,230524504,23,2305,230524
230524504508,红卫农场第八管理区,230524504,23,2305,230524
230524504509,红卫农场第九管理区,230524504,23,2305,230524
230524504510,红卫农场第十管理区,230524504,23,2305,230524
230524504512,红卫农场第三管理区,230524504,23,2305,230524
230602013001,红旗社区居委会,230602013,23,2306,230602
230602013004,三环社区居委会,230602013,23,2306,230602
230602013005,胜利社区居委会,230602013,23,2306,230602
230602013006,馨民苑社区居委会,230602013,23,2306,230602
230602014001,站前社区居委会,230602014,23,2306,230602
230602014002,兴贸社区居委会,230602014,23,2306,230602
230602014003,富强社区居委会,230602014,23,2306,230602
230602014004,丁香园社区居委会,230602014,23,2306,230602
230602014005,中林社区居委会,230602014,23,2306,230602
230602014007,利民苑社区居委会,230602014,23,2306,230602
230602015001,风华社区居委会,230602015,23,2306,230602
230602015002,悦民苑社区居委会,230602015,23,2306,230602
230602015003,爱民社区居委会,230602015,23,2306,230602
230602015004,多彩社区居委会,230602015,23,2306,230602
230602015005,会战社区居委会,230602015,23,2306,230602
230602015006,团结社区居委会,230602015,23,2306,230602
230602015007,登峰社区居委会,230602015,23,2306,230602
230602015008,井下社区居委会,230602015,23,2306,230602
230602016001,安民社区居委会,230602016,23,2306,230602
230602016002,翠庭社区居委会,230602016,23,2306,230602
230602016003,东安社区居委会,230602016,23,2306,230602
230602016004,安康社区居委会,230602016,23,2306,230602
230602016005,庆龙社区居委会,230602016,23,2306,230602
230602016006,府明社区居委会,230602016,23,2306,230602
230602017001,东风社区居委会,230602017,23,2306,230602
230602017002,新源社区居委会,230602017,23,2306,230602
230602017003,光大社区居委会,230602017,23,2306,230602
230602017004,义耕社区居委会,230602017,23,2306,230602
230602017005,庆东社区居委会,230602017,23,2306,230602
230602017006,东旭园社区居委会,230602017,23,2306,230602
230602017015,万达社区居委会,230602017,23,2306,230602
230602018001,铁人社区居委会,230602018,23,2306,230602
230602018002,奔腾社区居委会,230602018,23,2306,230602
230602018003,奔二社区居委会,230602018,23,2306,230602
230602018006,西宾社区居委会,230602018,23,2306,230602
230602019001,火炬社区居委会,230602019,23,2306,230602
230602019003,颖园社区居委会,230602019,23,2306,230602
230602019004,萨北社区居委会,230602019,23,2306,230602
230602019005,御园社区居委会,230602019,23,2306,230602
230602019006,慧园社区居委会,230602019,23,2306,230602
230602020001,五环社区居委会,230602020,23,2306,230602
230602020003,绿洲社区居委会,230602020,23,2306,230602
230602020005,春雷社区居委会,230602020,23,2306,230602
230602021001,万宝社区居委会,230602021,23,2306,230602
230602021002,万隆社区居委会,230602021,23,2306,230602
230602021003,万兴社区居委会,230602021,23,2306,230602
230602021004,上东九号社区居委会,230602021,23,2306,230602
230602021005,万峰社区居委会,230602021,23,2306,230602
230602022001,格林社区居委会,230602022,23,2306,230602
230602022002,香逸社区居委会,230602022,23,2306,230602
230602022003,唯美社区居委会,230602022,23,2306,230602
230602022004,米兰社区居委会,230602022,23,2306,230602
230602022005,兰德社区居委会,230602022,23,2306,230602
230602022006,月亮湾社区居委会,230602022,23,2306,230602
230602023001,绿园社区居委会,230602023,23,2306,230602
230602023002,玫瑰园社区居委会,230602023,23,2306,230602
230602023003,学伟鑫城社区居委会,230602023,23,2306,230602
230602023004,北辰社区居委会,230602023,23,2306,230602
230602023005,益民社区居委会,230602023,23,2306,230602
230602023006,百湖明珠社区居委会,230602023,23,2306,230602
230602023007,书香社区居委会,230602023,23,2306,230602
230602023008,普宁社区居委会,230602023,23,2306,230602
230603011006,华祥社区居委会,230603011,23,2306,230603
230603011007,兴化社区居委会,230603011,23,2306,230603
230603011008,街心社区居委会,230603011,23,2306,230603
230603011009,华谊社区居委会,230603011,23,2306,230603
230603011010,嘉馨社区居委会,230603011,23,2306,230603
230603011011,新兴社区居委会,230603011,23,2306,230603
230603012002,化中社区居委会,230603012,23,2306,230603
230603012003,虹桥社区居委会,230603012,23,2306,230603
230603012004,丽园社区居委会,230603012,23,2306,230603
230603012005,建华社区居委会,230603012,23,2306,230603
230603013001,上林社区居委会,230603013,23,2306,230603
230603013002,沁园社区居委会,230603013,23,2306,230603
230603013003,光明社区居委会,230603013,23,2306,230603
230603013004,东光社区居委会,230603013,23,2306,230603
230603013005,龙北社区居委会,230603013,23,2306,230603
230603013006,石油分站社区居委会,230603013,23,2306,230603
230603014001,凤祥社区居委会,230603014,23,2306,230603
230603014002,龙化社区居委会,230603014,23,2306,230603
230603014003,建安社区居委会,230603014,23,2306,230603
230603014004,街园社区居委会,230603014,23,2306,230603
230603014005,炼厂社区居委会,230603014,23,2306,230603
230603014006,动力社区居委会,230603014,23,2306,230603
230603014007,湿地福苑社区居委会,230603014,23,2306,230603
230603014008,吉祥馨苑社区居委会,230603014,23,2306,230603
230603015001,东岗社区居委会,230603015,23,2306,230603
230603015002,澳龙社区居委会,230603015,23,2306,230603
230603015003,瀚城名苑社区居委会,230603015,23,2306,230603
230603015004,利民社区居委会,230603015,23,2306,230603
230603015005,瀚城星苑社区居委会,230603015,23,2306,230603
230603015006,御和社区居委会,230603015,23,2306,230603
230603015007,昌升社区居委会,230603015,23,2306,230603
230603016001,华彩社区居委会,230603016,23,2306,230603
230603016002,锦绣社区居委会,230603016,23,2306,230603
230603016003,明秀社区居委会,230603016,23,2306,230603
230603016004,经纬社区居委会,230603016,23,2306,230603
230603016005,华溪社区居委会,230603016,23,2306,230603
230603016006,唐人社区居委会,230603016,23,2306,230603
230603017001,龙兴社区居委会,230603017,23,2306,230603
230603017002,恒大社区居委会,230603017,23,2306,230603
230603017003,居然花园社区居委会,230603017,23,2306,230603
230603017004,欣凤社区居委会,230603017,23,2306,230603
230603017005,平安社区居委会,230603017,23,2306,230603
230603017006,聚福园社区居委会,230603017,23,2306,230603
230603100001,永泉社区居委会,230603100,23,2306,230603
230603100002,龙府社区居委会,230603100,23,2306,230603
230603100201,前进村委会,230603100,23,2306,230603
230603100202,刘高手村委会,230603100,23,2306,230603
230603100203,向阳村委会,230603100,23,2306,230603
230603100204,英勇村委会,230603100,23,2306,230603
230603100205,久青村委会,230603100,23,2306,230603
230603100206,建兴村委会,230603100,23,2306,230603
230603100207,铁东村委会,230603100,23,2306,230603
230603100208,保田村委会,230603100,23,2306,230603
230604010012,庆新一社区居委会,230604010,23,2306,230604
230604010013,庆新二社区居委会,230604010,23,2306,230604
230604010014,庆新三社区居委会,230604010,23,2306,230604
230604010015,庆新四社区居委会,230604010,23,2306,230604
230604010016,星火牧场社区居委会,230604010,23,2306,230604
230604011001,方晓社区居委会,230604011,23,2306,230604
230604011003,红卫星社区居委会,230604011,23,2306,230604
230604011004,北湖馨苑社区居委会,230604011,23,2306,230604
230604011005,西杨社区居委会,230604011,23,2306,230604
230604011006,西虹社区居委会,230604011,23,2306,230604
230604011007,红骥牧场社区居委会,230604011,23,2306,230604
230604011008,方晓园区社区居委会,230604011,23,2306,230604
230604012006,西静社区居委会,230604012,23,2306,230604
230604012007,科技园社区居委会,230604012,23,2306,230604
230604012008,西苑社区居委会,230604012,23,2306,230604
230604012009,富康社区居委会,230604012,23,2306,230604
230604012010,奋斗社区居委会,230604012,23,2306,230604
230604012011,新府园社区居委会,230604012,23,2306,230604
230604012012,科研社区居委会,230604012,23,2306,230604
230604012013,康乐社区居委会,230604012,23,2306,230604
230604012014,华圣社区居委会,230604012,23,2306,230604
230604012015,阳光学府社区居委会,230604012,23,2306,230604
230604013007,龙新社区居委会,230604013,23,2306,230604
230604013008,龙南社区居委会,230604013,23,2306,230604
230604013009,龙岗社区第一居委会,230604013,23,2306,230604
230604013010,龙岗社区第二居委会,230604013,23,2306,230604
230604013011,西寨社区居委会,230604013,23,2306,230604
230604013012,世纪家园社区居委会,230604013,23,2306,230604
230604013013,阳光佳苑社区居委会,230604013,23,2306,230604
230604013014,阳光馨园社区居委会,230604013,23,2306,230604
230604013015,后龙岗社区岗居委会,230604013,23,2306,230604
230604013016,汇景花园社区居委会,230604013,23,2306,230604
230604013017,唐人社区居委会,230604013,23,2306,230604
230604014010,长青第一社区居委会,230604014,23,2306,230604
230604014011,长青第二社区居委会,230604014,23,2306,230604
230604014012,广厦社区居委会,230604014,23,2306,230604
230604014013,景园社区居委会,230604014,23,2306,230604
230604014014,旭园社区居委会,230604014,23,2306,230604
230604014015,阳光嘉城一社区居委会,230604014,23,2306,230604
230604014016,阳光嘉城二社区居委会,230604014,23,2306,230604
230604014017,阳光嘉城三社区居委会,230604014,23,2306,230604
230604014018,阳光嘉城四社区居委会,230604014,23,2306,230604
230604014019,远望二社区居委会,230604014,23,2306,230604
230604014020,明湖花园社区居委会,230604014,23,2306,230604
230604015003,远望社区第一居委会,230604015,23,2306,230604
230604015012,未来城社区居委会,230604015,23,2306,230604
230604015013,新潮社区居委会,230604015,23,2306,230604
230604015015,银亿一社区居委会,230604015,23,2306,230604
230604015016,银亿二社区居委会,230604015,23,2306,230604
230604015020,燕都社区居委会,230604015,23,2306,230604
230604015021,明湖社区居委会,230604015,23,2306,230604
230604015023,奥林一社区居委会,230604015,23,2306,230604
230604015024,奥林二社区居委会,230604015,23,2306,230604
230604015025,丽水一社区居委会,230604015,23,2306,230604
230604015026,丽水二社区居委会,230604015,23,2306,230604
230604016001,怡园社区居委会,230604016,23,2306,230604
230604016002,乐园社区居委会,230604016,23,2306,230604
230604016003,龙庆社区居委会,230604016,23,2306,230604
230604016004,悦园社区居委会,230604016,23,2306,230604
230604016005,憩园社区居委会,230604016,23,2306,230604
230604017001,东湖一社区居委会,230604017,23,2306,230604
230604017002,东湖二社区居委会,230604017,23,2306,230604
230604017003,东湖三社区居委会,230604017,23,2306,230604
230604017004,东湖四社区居委会,230604017,23,2306,230604
230604017005,东湖五社区居委会,230604017,23,2306,230604
230604017006,东湖上城社区居委会,230604017,23,2306,230604
230604018001,乘风一社区居委会,230604018,23,2306,230604
230604018002,乘风二社区居委会,230604018,23,2306,230604
230604018003,乘风三社区居委会,230604018,23,2306,230604
230604018004,乘风四社区居委会,230604018,23,2306,230604
230604018007,乘新三社区居委会,230604018,23,2306,230604
230604018014,彩虹社区居委会,230604018,23,2306,230604
230604018015,为民社区居委会,230604018,23,2306,230604
230604018017,乘新一社区居委会,230604018,23,2306,230604
230604018018,乘新二社区居委会,230604018,23,2306,230604
230604019001,创业一社区居委会,230604019,23,2306,230604
230604019002,创业二社区居委会,230604019,23,2306,230604
230604019003,创业三社区居委会,230604019,23,2306,230604
230604019004,创业四社区居委会,230604019,23,2306,230604
230604019005,创业五社区居委会,230604019,23,2306,230604
230604019006,创业六社区居委会,230604019,23,2306,230604
230604019007,创业七社区居委会,230604019,23,2306,230604
230604019008,创业八社区居委会,230604019,23,2306,230604
230604019009,创业九社区居委会,230604019,23,2306,230604
230604020011,平安社区居委会,230604020,23,2306,230604
230604020012,连心社区居委会,230604020,23,2306,230604
230604020013,发展社区居委会,230604020,23,2306,230604
230604020014,创新社区居委会,230604020,23,2306,230604
230604020015,物探社区居委会,230604020,23,2306,230604
230604020016,银浪社区居委会,230604020,23,2306,230604
230604020017,银河社区居委会,230604020,23,2306,230604
230604020018,温馨家园社区居委会,230604020,23,2306,230604
230604020019,银浪牧场社区居委会,230604020,23,2306,230604
230604101001,红旗社区居委会,230604101,23,2306,230604
230604101002,喇嘛甸社区居委会,230604101,23,2306,230604
230604101201,新华村委会,230604101,23,2306,230604
230604101202,三胜村委会,230604101,23,2306,230604
230604101203,宏伟村委会,230604101,23,2306,230604
230604101204,繁荣村委会,230604101,23,2306,230604
230604101205,富强村委会,230604101,23,2306,230604
230604101206,向荣村委会,230604101,23,2306,230604
230604401498,经济开发区虚拟社区,230604401,23,2306,230604
230605008001,天星社区居委会,230605008,23,2306,230605
230605008002,红杏社区居委会,230605008,23,2306,230605
230605008003,怡园社区居委会,230605008,23,2306,230605
230605009001,平安社区居委会,230605009,23,2306,230605
230605009002,祥和社区居委会,230605009,23,2306,230605
230605010001,伟业社区居委会,230605010,23,2306,230605
230605010002,杏旭社区居委会,230605010,23,2306,230605
230605010004,爱心社区居委会,230605010,23,2306,230605
230605010005,愚公社区居委会,230605010,23,2306,230605
230605010007,拥军社区居委会,230605010,23,2306,230605
230605010008,晨曦社区居委会,230605010,23,2306,230605
230605010009,新城社区居委会,230605010,23,2306,230605
230605010010,红城社区居委会,230605010,23,2306,230605
230605010011,杏花园社区居委会,230605010,23,2306,230605
230605011001,宏伟社区居委会,230605011,23,2306,230605
230605011002,阳光社区居委会,230605011,23,2306,230605
230605011003,风华社区居委会,230605011,23,2306,230605
230605011004,远航社区居委会,230605011,23,2306,230605
230605011006,景山社区居委会,230605011,23,2306,230605
230605011007,铁人社区居委会,230605011,23,2306,230605
230605012001,温馨社区居委会,230605012,23,2306,230605
230605012002,彩云社区居委会,230605012,23,2306,230605
230605012003,五星社区居委会,230605012,23,2306,230605
230605012004,文华社区居委会,230605012,23,2306,230605
230605012005,银河社区居委会,230605012,23,2306,230605
230605013001,图强社区居委会,230605013,23,2306,230605
230605013003,爱民社区居委会,230605013,23,2306,230605
230605013004,春晓社区居委会,230605013,23,2306,230605
230605013005,晨晖社区居委会,230605013,23,2306,230605
230605100201,先锋村委会,230605100,23,2306,230605
230605100202,金山堡村委会,230605100,23,2306,230605
230605100203,杏树岗村委会,230605100,23,2306,230605
230605100204,中内泡村委会,230605100,23,2306,230605
230605100205,义和村委会,230605100,23,2306,230605
230605100206,民吉村委会,230605100,23,2306,230605
230605100207,兴隆河村委会,230605100,23,2306,230605
230605100208,宏伟村委会,230605100,23,2306,230605
230605100209,太平山村委会,230605100,23,2306,230605
230605100210,兴隆牧场村委会,230605100,23,2306,230605
230605480498,黑龙江红岗经济开发区虚拟社区,230605480,23,2306,230605
230606007005,和兴社区居委会,230606007,23,2306,230606
230606008001,葡北社区居委会,230606008,23,2306,230606
230606008002,兴志社区居委会,230606008,23,2306,230606
230606008003,葡西社区居委会,230606008,23,2306,230606
230606008004,葡南社区居委会,230606008,23,2306,230606
230606009001,新电社区居委会,230606009,23,2306,230606
230606009002,新兴社区居委会,230606009,23,2306,230606
230606010001,晨光社区居委会,230606010,23,2306,230606
230606010002,朝阳社区居委会,230606010,23,2306,230606
230606011001,连云社区居委会,230606011,23,2306,230606
230606011002,红旗社区居委会,230606011,23,2306,230606
230606011004,乐园社区居委会,230606011,23,2306,230606
230606011005,输油社区居委会,230606011,23,2306,230606
230606012001,同城社区居委会,230606012,23,2306,230606
230606012002,同安社区居委会,230606012,23,2306,230606
230606012003,同园社区居委会,230606012,23,2306,230606
230606013001,同春社区居委会,230606013,23,2306,230606
230606013002,同心社区居委会,230606013,23,2306,230606
230606013003,同萨社区居委会,230606013,23,2306,230606
230606013004,同乐社区居委会,230606013,23,2306,230606
230606013005,同庆社区居委会,230606013,23,2306,230606
230606100201,一村村委会,230606100,23,2306,230606
230606100202,二村村委会,230606100,23,2306,230606
230606100203,三村村委会,230606100,23,2306,230606
230606100204,四村村委会,230606100,23,2306,230606
230606100205,太安村委会,230606100,23,2306,230606
230606100206,民生村委会,230606100,23,2306,230606
230606101201,西太平村委会,230606101,23,2306,230606
230606101202,东太平村委会,230606101,23,2306,230606
230606101203,七撮房村委会,230606101,23,2306,230606
230606101204,永跃村委会,230606101,23,2306,230606
230606101205,羊草沟村委会,230606101,23,2306,230606
230606101206,更新村委会,230606101,23,2306,230606
230606101207,老房身村委会,230606101,23,2306,230606
230606102201,委什吐村委会,230606102,23,2306,230606
230606102202,大围子村委会,230606102,23,2306,230606
230606102203,九间村委会,230606102,23,2306,230606
230606102204,马营子村委会,230606102,23,2306,230606
230606102205,葡萄花村委会,230606102,23,2306,230606
230606103201,常家围子村委会,230606103,23,2306,230606
230606103202,长林村委会,230606103,23,2306,230606
230606103203,长发村委会,230606103,23,2306,230606
230606103204,对喜村委会,230606103,23,2306,230606
230606103206,新村村委会,230606103,23,2306,230606
230606103207,隆泉村委会,230606103,23,2306,230606
230606103208,六井子村委会,230606103,23,2306,230606
230606200201,大青山村委会,230606200,23,2306,230606
230606200202,巨宝村委会,230606200,23,2306,230606
230606200203,群众村委会,230606200,23,2306,230606
230606200204,国强村委会,230606200,23,2306,230606
230606200205,双发村委会,230606200,23,2306,230606
230606200206,奋斗村委会,230606200,23,2306,230606
230606200207,凤凰山村委会,230606200,23,2306,230606
230606200208,万龙泡村委会,230606200,23,2306,230606
230606200209,平桥村委会,230606200,23,2306,230606
230606200210,建权村委会,230606200,23,2306,230606
230606200211,双城村委会,230606200,23,2306,230606
230606200212,日新村委会,230606200,23,2306,230606
230606203201,老山头村委会,230606203,23,2306,230606
230606203202,永龙村委会,230606203,23,2306,230606
230606203203,永富村委会,230606203,23,2306,230606
230606203204,光荣村委会,230606203,23,2306,230606
230606203205,永太村委会,230606203,23,2306,230606
230606203206,永吉村委会,230606203,23,2306,230606
230606205201,八井子村委会,230606205,23,2306,230606
230606205202,民强村委会,230606205,23,2306,230606
230606205203,长安村委会,230606205,23,2306,230606
230606205204,永合村委会,230606205,23,2306,230606
230606205205,杏山堡村委会,230606205,23,2306,230606
230606205206,庆阳山村委会,230606205,23,2306,230606
230606205207,公民村委会,230606205,23,2306,230606
230606205208,建立村委会,230606205,23,2306,230606
230606205209,国富村委会,230606205,23,2306,230606
230606206201,双榆树村委会,230606206,23,2306,230606
230606206202,沙家窑村委会,230606206,23,2306,230606
230606206203,双胜村委会,230606206,23,2306,230606
230606206204,富源村委会,230606206,23,2306,230606
230606206205,向阳村委会,230606206,23,2306,230606
230606206206,新华村委会,230606206,23,2306,230606
230621100001,爱国社区居委会,230621100,23,2306,230621
230621100002,团结社区居委会,230621100,23,2306,230621
230621100003,建设社区居委会,230621100,23,2306,230621
230621100004,和平社区居委会,230621100,23,2306,230621
230621100005,民主社区居委会,230621100,23,2306,230621
230621100006,繁荣社区居委会,230621100,23,2306,230621
230621100007,奋斗社区居委会,230621100,23,2306,230621
230621100008,平康社区居委会,230621100,23,2306,230621
230621100009,兴旺社区居委会,230621100,23,2306,230621
230621100010,安乐社区居委会,230621100,23,2306,230621
230621100011,幸福社区居委会,230621100,23,2306,230621
230621100201,五一新村村委会,230621100,23,2306,230621
230621100202,万宝村委会,230621100,23,2306,230621
230621100203,新城村委会,230621100,23,2306,230621
230621100204,民吉村委会,230621100,23,2306,230621
230621100205,壮大村委会,230621100,23,2306,230621
230621100206,中华村委会,230621100,23,2306,230621
230621100207,肇安村委会,230621100,23,2306,230621
230621101201,永乐村委会,230621101,23,2306,230621
230621101202,之平村委会,230621101,23,2306,230621
230621101203,清华村委会,230621101,23,2306,230621
230621101204,新路村委会,230621101,23,2306,230621
230621101205,新龙村委会,230621101,23,2306,230621
230621101206,太丰村委会,230621101,23,2306,230621
230621101207,六烈村委会,230621101,23,2306,230621
230621101208,新祥村委会,230621101,23,2306,230621
230621102201,丰乐村委会,230621102,23,2306,230621
230621102202,幸安村委会,230621102,23,2306,230621
230621102203,生活村委会,230621102,23,2306,230621
230621102204,改善村委会,230621102,23,2306,230621
230621102205,丰强村委会,230621102,23,2306,230621
230621102206,平安村委会,230621102,23,2306,230621
230621102207,幸福村委会,230621102,23,2306,230621
230621103201,文林村委会,230621103,23,2306,230621
230621103202,共进村委会,230621103,23,2306,230621
230621103203,团结村委会,230621103,23,2306,230621
230621103204,中强村委会,230621103,23,2306,230621
230621103205,爱国村委会,230621103,23,2306,230621
230621103206,发展村委会,230621103,23,2306,230621
230621103207,保林村委会,230621103,23,2306,230621
230621103208,利强村委会,230621103,23,2306,230621
230621103209,东兴村委会,230621103,23,2306,230621
230621104201,兴东村委会,230621104,23,2306,230621
230621104202,红星村委会,230621104,23,2306,230621
230621104203,福山村委会,230621104,23,2306,230621
230621104204,杏山村委会,230621104,23,2306,230621
230621104205,安居村委会,230621104,23,2306,230621
230621104206,安民村委会,230621104,23,2306,230621
230621104207,德宣村委会,230621104,23,2306,230621
230621104208,六合村委会,230621104,23,2306,230621
230621104209,双井村委会,230621104,23,2306,230621
230621104210,大阁村委会,230621104,23,2306,230621
230621104211,复兴村委会,230621104,23,2306,230621
230621104212,兴城村委会,230621104,23,2306,230621
230621104213,跃进村委会,230621104,23,2306,230621
230621104214,杏茂村委会,230621104,23,2306,230621
230621104215,旺胜村委会,230621104,23,2306,230621
230621104216,福利村委会,230621104,23,2306,230621
230621105201,光辉村委会,230621105,23,2306,230621
230621105202,卫国村委会,230621105,23,2306,230621
230621105203,黎明村委会,230621105,23,2306,230621
230621105204,太合村委会,230621105,23,2306,230621
230621105205,民兴村委会,230621105,23,2306,230621
230621105206,民主村委会,230621105,23,2306,230621
230621105207,实现村委会,230621105,23,2306,230621
230621105208,繁荣村委会,230621105,23,2306,230621
230621105209,光荣村委会,230621105,23,2306,230621
230621105210,前进村委会,230621105,23,2306,230621
230621105211,民乐村委会,230621105,23,2306,230621
230621105212,富强村委会,230621105,23,2306,230621
230621105213,胜生村委会,230621105,23,2306,230621
230621202201,正大村委会,230621202,23,2306,230621
230621202202,九三村委会,230621202,23,2306,230621
230621202203,光明村委会,230621202,23,2306,230621
230621202204,和平村委会,230621202,23,2306,230621
230621202205,双发村委会,230621202,23,2306,230621
230621202206,双跃村委会,230621202,23,2306,230621
230621203201,托古村委会,230621203,23,2306,230621
230621203202,新安村委会,230621203,23,2306,230621
230621203203,宜林村委会,230621203,23,2306,230621
230621203204,双利村委会,230621203,23,2306,230621
230621203205,大沟村委会,230621203,23,2306,230621
230621203206,富海村委会,230621203,23,2306,230621
230621203207,长德村委会,230621203,23,2306,230621
230621205201,朝阳村委会,230621205,23,2306,230621
230621205202,永强村委会,230621205,23,2306,230621
230621205203,向阳村委会,230621205,23,2306,230621
230621205204,共和村委会,230621205,23,2306,230621
230621205205,新荣村委会,230621205,23,2306,230621
230621205206,振兴村委会,230621205,23,2306,230621
230621205207,三合村委会,230621205,23,2306,230621
230621206201,永胜村委会,230621206,23,2306,230621
230621206202,丰产村委会,230621206,23,2306,230621
230621206203,模范村委会,230621206,23,2306,230621
230621206204,胜利村委会,230621206,23,2306,230621
230621208201,榆树村委会,230621208,23,2306,230621
230621208202,长山村委会,230621208,23,2306,230621
230621208203,新兴村委会,230621208,23,2306,230621
230621208204,农兴村委会,230621208,23,2306,230621
230621208205,农安村委会,230621208,23,2306,230621
230621208206,农化村委会,230621208,23,2306,230621
230621208207,书才村委会,230621208,23,2306,230621
230621211201,德明村委会,230621211,23,2306,230621
230621211202,耀先村委会,230621211,23,2306,230621
230621211203,民安村委会,230621211,23,2306,230621
230621211204,永安村委会,230621211,23,2306,230621
230621211205,集中村委会,230621211,23,2306,230621
230621211206,乐园村委会,230621211,23,2306,230621
230621211207,乐业村委会,230621211,23,2306,230621
230621211208,新福村委会,230621211,23,2306,230621
230621211209,新发村委会,230621211,23,2306,230621
230621211210,红旗村委会,230621211,23,2306,230621
230621211211,国治村委会,230621211,23,2306,230621
230621211212,保安村委会,230621211,23,2306,230621
230621211213,保产村委会,230621211,23,2306,230621
230621580598,乐园良种场虚拟生活区,230621580,23,2306,230621
230621581598,卫星种畜场虚拟生活区,230621581,23,2306,230621
230622100001,新风社区居民委员会,230622100,23,2306,230622
230622100002,兴盛社区居民委员会,230622100,23,2306,230622
230622100003,红旗社区居民委员会,230622100,23,2306,230622
230622100004,东方红社区居民委员会,230622100,23,2306,230622
230622100005,北小山社区居民委员会,230622100,23,2306,230622
230622100006,郭尔罗斯社区居民委员会,230622100,23,2306,230622
230622100007,临江社区居民委员会,230622100,23,2306,230622
230622100008,滨江社区居民委员会,230622100,23,2306,230622
230622100009,满江红社区居民委员会,230622100,23,2306,230622
230622100010,学府社区居民委员会,230622100,23,2306,230622
230622100011,西海社区居民委员会,230622100,23,2306,230622
230622100012,新曙光社区居民委员会,230622100,23,2306,230622
230622100013,迎宾社区居民委员会,230622100,23,2306,230622
230622100014,广场社区居民委员会,230622100,23,2306,230622
230622100015,北源社区居民委员会,230622100,23,2306,230622
230622100201,兴安村委会,230622100,23,2306,230622
230622100202,老虎背村委会,230622100,23,2306,230622
230622100203,双胜村委会,230622100,23,2306,230622
230622100204,四方山村委会,230622100,23,2306,230622
230622100205,郊原村委会,230622100,23,2306,230622
230622100206,东兴村委会,230622100,23,2306,230622
230622100207,代龙村委会,230622100,23,2306,230622
230622100208,友谊村委会,230622100,23,2306,230622
230622100209,临江村委会,230622100,23,2306,230622
230622100210,解放村委会,230622100,23,2306,230622
230622101201,宏大村委会,230622101,23,2306,230622
230622101202,宏源村委会,230622101,23,2306,230622
230622101203,宏旗村委会,230622101,23,2306,230622
230622101204,宏林村委会,230622101,23,2306,230622
230622101205,宏伟村委会,230622101,23,2306,230622
230622101206,宏生村委会,230622101,23,2306,230622
230622101207,宏合村委会,230622101,23,2306,230622
230622101208,宏昌村委会,230622101,23,2306,230622
230622101209,宏量村委会,230622101,23,2306,230622
230622101210,宏泉村委会,230622101,23,2306,230622
230622101211,宏光村委会,230622101,23,2306,230622
230622102201,东海峰村委会,230622102,23,2306,230622
230622102202,裕民村委会,230622102,23,2306,230622
230622102203,利民村委会,230622102,23,2306,230622
230622102204,希程村委会,230622102,23,2306,230622
230622102205,土城子村委会,230622102,23,2306,230622
230622102206,小湾子村委会,230622102,23,2306,230622
230622102207,莲花泡村委会,230622102,23,2306,230622
230622102208,新发村委会,230622102,23,2306,230622
230622102209,小城子村委会,230622102,23,2306,230622
230622102210,曙光村委会,230622102,23,2306,230622
230622102211,平原村委会,230622102,23,2306,230622
230622102212,丰产村委会,230622102,23,2306,230622
230622103201,当权村委会,230622103,23,2306,230622
230622103202,自立村委会,230622103,23,2306,230622
230622103203,一心村委会,230622103,23,2306,230622
230622103204,合心村委会,230622103,23,2306,230622
230622103205,幸福村委会,230622103,23,2306,230622
230622103206,光明村委会,230622103,23,2306,230622
230622103207,辉煌村委会,230622103,23,2306,230622
230622104201,永胜村委会,230622104,23,2306,230622
230622104202,得胜村委会,230622104,23,2306,230622
230622104203,河南村委会,230622104,23,2306,230622
230622104204,古龙村委会,230622104,23,2306,230622
230622104205,道宝村委会,230622104,23,2306,230622
230622104206,立陡山村委会,230622104,23,2306,230622
230622104207,长山村委会,230622104,23,2306,230622
230622104208,东太村委会,230622104,23,2306,230622
230622104209,大革村委会,230622104,23,2306,230622
230622104210,永跃村委会,230622104,23,2306,230622
230622104211,立强村委会,230622104,23,2306,230622
230622104212,伍家村委会,230622104,23,2306,230622
230622104213,富强村委会,230622104,23,2306,230622
230622104214,共荣村委会,230622104,23,2306,230622
230622105101,新站社区居民委员会,230622105,23,2306,230622
230622105102,新肇社区居民委员会,230622105,23,2306,230622
230622105103,铁东社区居民委员会,230622105,23,2306,230622
230622105104,农场社区居民委员会,230622105,23,2306,230622
230622105201,安合村委会,230622105,23,2306,230622
230622105202,靠山村委会,230622105,23,2306,230622
230622105203,先进村委会,230622105,23,2306,230622
230622105204,振余村委会,230622105,23,2306,230622
230622105205,新站村委会,230622105,23,2306,230622
230622105206,新合村委会,230622105,23,2306,230622
230622105207,发展村委会,230622105,23,2306,230622
230622105208,向前村委会,230622105,23,2306,230622
230622105209,古城村委会,230622105,23,2306,230622
230622105210,巴彦村委会,230622105,23,2306,230622
230622105211,新城村委会,230622105,23,2306,230622
230622106201,头台村委会,230622106,23,2306,230622
230622106202,团结村委会,230622106,23,2306,230622
230622106203,七家子村委会,230622106,23,2306,230622
230622106204,瓦房村委会,230622106,23,2306,230622
230622106205,三合村委会,230622106,23,2306,230622
230622106206,东大村委会,230622106,23,2306,230622
230622106207,花尔村委会,230622106,23,2306,230622
230622106208,劳动村委会,230622106,23,2306,230622
230622106209,仁和堡村委会,230622106,23,2306,230622
230622106210,革新村委会,230622106,23,2306,230622
230622107001,油田社区,230622107,23,2306,230622
230622107002,八家河社区,230622107,23,2306,230622
230622107201,古恰村委会,230622107,23,2306,230622
230622107202,哈友村委会,230622107,23,2306,230622
230622107203,兴发村委会,230622107,23,2306,230622
230622107204,托古村委会,230622107,23,2306,230622
230622107205,沿海村委会,230622107,23,2306,230622
230622107206,仓粮村委会,230622107,23,2306,230622
230622107207,孟克里村委会,230622107,23,2306,230622
230622107208,三家子村委会,230622107,23,2306,230622
230622107209,新立村委会,230622107,23,2306,230622
230622107210,前永利村委会,230622107,23,2306,230622
230622200201,永兴村委会,230622200,23,2306,230622
230622200202,福兴村委会,230622200,23,2306,230622
230622200203,新兴村委会,230622200,23,2306,230622
230622200204,瑞兴村委会,230622200,23,2306,230622
230622200205,复兴村委会,230622200,23,2306,230622
230622200206,吉兴村委会,230622200,23,2306,230622
230622200207,义兴村委会,230622200,23,2306,230622
230622201201,葫芦系村委会,230622201,23,2306,230622
230622201202,前台村委会,230622201,23,2306,230622
230622201203,芳春村委会,230622201,23,2306,230622
230622201204,永祥村委会,230622201,23,2306,230622
230622201205,哈拉海村委会,230622201,23,2306,230622
230622201206,双龙村委会,230622201,23,2306,230622
230622201207,八家子村委会,230622201,23,2306,230622
230622203201,和平村委会,230622203,23,2306,230622
230622203202,立功村委会,230622203,23,2306,230622
230622203203,华原村委会,230622203,23,2306,230622
230622203204,工农村委会,230622203,23,2306,230622
230622203205,敏字村委会,230622203,23,2306,230622
230622207201,成功村委会,230622207,23,2306,230622
230622207202,维新村委会,230622207,23,2306,230622
230622207203,自由村委会,230622207,23,2306,230622
230622207204,有利村委会,230622207,23,2306,230622
230622207205,共和村委会,230622207,23,2306,230622
230622207206,博尔诺村委会,230622207,23,2306,230622
230622207207,超等村委会,230622207,23,2306,230622
230622207501,超等渔场生活区,230622207,23,2306,230622
230622208201,自主村委会,230622208,23,2306,230622
230622208202,大庙村委会,230622208,23,2306,230622
230622208203,公营子村委会,230622208,23,2306,230622
230622208204,建国村委会,230622208,23,2306,230622
230622208205,民意村委会,230622208,23,2306,230622
230622208206,建民村委会,230622208,23,2306,230622
230622210201,东义顺村委会,230622210,23,2306,230622
230622210202,西义顺村委会,230622210,23,2306,230622
230622210203,长发村委会,230622210,23,2306,230622
230622210204,勇进村委会,230622210,23,2306,230622
230622210205,长胜村委会,230622210,23,2306,230622
230622210206,东发村委会,230622210,23,2306,230622
230622210207,革志村委会,230622210,23,2306,230622
230622211201,老山村委会,230622211,23,2306,230622
230622211202,西浩德村委会,230622211,23,2306,230622
230622211203,兴海村委会,230622211,23,2306,230622
230622211204,石庄子村委会,230622211,23,2306,230622
230622211205,莲花村委会,230622211,23,2306,230622
230622212201,前进村委会,230622212,23,2306,230622
230622212202,通兴村委会,230622212,23,2306,230622
230622212203,联结村委会,230622212,23,2306,230622
230622212204,支前村委会,230622212,23,2306,230622
230622212205,同心村委会,230622212,23,2306,230622
230622212206,前土村委会,230622212,23,2306,230622
230622581598,种畜场虚拟生活区,230622581,23,2306,230622
230622583598,新立良种繁育场虚拟生活区,230622583,23,2306,230622
230622584598,立陡山良种场虚拟生活区,230622584,23,2306,230622
230622586598,果树示范场虚拟生活区,230622586,23,2306,230622
230622587598,经济作物示范场虚拟生活区,230622587,23,2306,230622
230622588598,茂兴湖水产养殖场虚拟生活区,230622588,23,2306,230622
230623100013,东南社区居委会,230623100,23,2306,230623
230623100014,西南社区居委会,230623100,23,2306,230623
230623100015,东北社区居委会,230623100,23,2306,230623
230623100016,西北社区居委会,230623100,23,2306,230623
230623100201,东发村委会,230623100,23,2306,230623
230623100202,长青村委会,230623100,23,2306,230623
230623100203,东风村委会,230623100,23,2306,230623
230623100204,合乡村委会,230623100,23,2306,230623
230623100205,朝阳村委会,230623100,23,2306,230623
230623100206,巨贤村委会,230623100,23,2306,230623
230623100207,和平村委会,230623100,23,2306,230623
230623100208,工农村委会,230623100,23,2306,230623
230623100209,实验村委会,230623100,23,2306,230623
230623100210,创造村委会,230623100,23,2306,230623
230623101201,阳光村委会,230623101,23,2306,230623
230623101202,永胜村委会,230623101,23,2306,230623
230623101203,红光村委会,230623101,23,2306,230623
230623101204,黄花岗村委会,230623101,23,2306,230623
230623101205,先进村委会,230623101,23,2306,230623
230623101206,先锋村委会,230623101,23,2306,230623
230623101207,红旗村委会,230623101,23,2306,230623
230623101500,银光牧场生活区,230623101,23,2306,230623
230623102201,中心村委会,230623102,23,2306,230623
230623102202,向前村委会,230623102,23,2306,230623
230623102203,永远村委会,230623102,23,2306,230623
230623102204,齐心村委会,230623102,23,2306,230623
230623102205,永久村委会,230623102,23,2306,230623
230623102206,光明村委会,230623102,23,2306,230623
230623102207,前进村委会,230623102,23,2306,230623
230623102208,卫星村委会,230623102,23,2306,230623
230623102209,丰收村委会,230623102,23,2306,230623
230623102210,火箭村委会,230623102,23,2306,230623
230623102211,发展村委会,230623102,23,2306,230623
230623103201,兴隆村委会,230623103,23,2306,230623
230623103202,隆山村委会,230623103,23,2306,230623
230623103203,志合村委会,230623103,23,2306,230623
230623103204,新富村委会,230623103,23,2306,230623
230623103205,新民村委会,230623103,23,2306,230623
230623103206,爱民村委会,230623103,23,2306,230623
230623103207,黎明村委会,230623103,23,2306,230623
230623103208,宏丰村委会,230623103,23,2306,230623
230623103209,大树林村委会,230623103,23,2306,230623
230623103210,同乐村委会,230623103,23,2306,230623
230623103211,太平村委会,230623103,23,2306,230623
230623103212,万发村委会,230623103,23,2306,230623
230623103213,东方红村委会,230623103,23,2306,230623
230623104201,南岗村委会,230623104,23,2306,230623
230623104202,富饶村委会,230623104,23,2306,230623
230623104203,三合村委会,230623104,23,2306,230623
230623104204,五星村委会,230623104,23,2306,230623
230623104205,庆丰村委会,230623104,23,2306,230623
230623104206,建国村委会,230623104,23,2306,230623
230623104207,胜利村委会,230623104,23,2306,230623
230623104208,东升村委会,230623104,23,2306,230623
230623104209,建华村委会,230623104,23,2306,230623
230623104210,建新村委会,230623104,23,2306,230623
230623104211,建设村委会,230623104,23,2306,230623
230623104212,红星村委会,230623104,23,2306,230623
230623104500,渔场生活区,230623104,23,2306,230623
230623200201,新胜村委会,230623200,23,2306,230623
230623200202,勤俭村委会,230623200,23,2306,230623
230623200203,旭日村委会,230623200,23,2306,230623
230623200204,红阳村委会,230623200,23,2306,230623
230623200205,义和村委会,230623200,23,2306,230623
230623200206,长发村委会,230623200,23,2306,230623
230623200207,东兴村委会,230623200,23,2306,230623
230623200208,福兴村委会,230623200,23,2306,230623
230623200209,丰产村委会,230623200,23,2306,230623
230623200210,创业村委会,230623200,23,2306,230623
230623200500,原种场生活区,230623200,23,2306,230623
230623201201,太平山村委会,230623201,23,2306,230623
230623201202,全胜村委会,230623201,23,2306,230623
230623201203,吉祥村委会,230623201,23,2306,230623
230623201204,核心村委会,230623201,23,2306,230623
230623201205,永利村委会,230623201,23,2306,230623
230623201206,宏伟村委会,230623201,23,2306,230623
230623201207,黄河村委会,230623201,23,2306,230623
230623201208,治安村委会,230623201,23,2306,230623
230623201209,永丰村委会,230623201,23,2306,230623
230623204201,联合村委会,230623204,23,2306,230623
230623204202,丰田村委会,230623204,23,2306,230623
230623204203,东胜村委会,230623204,23,2306,230623
230623204204,福发村委会,230623204,23,2306,230623
230623204205,合胜村委会,230623204,23,2306,230623
230623204206,永乐村委会,230623204,23,2306,230623
230623204207,学田村委会,230623204,23,2306,230623
230623204208,永合村委会,230623204,23,2306,230623
230623204209,新风村委会,230623204,23,2306,230623
230623204210,长胜村委会,230623204,23,2306,230623
230623204211,新生村委会,230623204,23,2306,230623
230623400598,林甸县长青林场虚拟生活区,230623400,23,2306,230623
230623500402,巨浪场直社区,230623500,23,2306,230623
230623500501,巨浪非场直生活区,230623500,23,2306,230623
230623580598,国营苇场虚拟生活区,230623580,23,2306,230623
230623581598,新兴畜牧场虚拟生活区,230623581,23,2306,230623
230624100001,铁东社区居民委员会,230624100,23,2306,230624
230624100002,南城社区居民委员会,230624100,23,2306,230624
230624100003,西城社区居民委员会,230624100,23,2306,230624
230624100004,湖滨社区居民委员会,230624100,23,2306,230624
230624100201,幸福村委会,230624100,23,2306,230624
230624100202,万丈村委会,230624100,23,2306,230624
230624100203,五一村委会,230624100,23,2306,230624
230624100204,八一村委会,230624100,23,2306,230624
230624100500,对山奶牛场生活区,230624100,23,2306,230624
230624100501,野生饲养场生活区,230624100,23,2306,230624
230624101201,胡吉吐莫村委会,230624101,23,2306,230624
230624101202,好田格勒村委会,230624101,23,2306,230624
230624101203,泊泊里村委会,230624101,23,2306,230624
230624101204,东吐莫村委会,230624101,23,2306,230624
230624101205,扫力毛德村委会,230624101,23,2306,230624
230624101206,赛罕他拉村委会,230624101,23,2306,230624
230624102201,三合村委会,230624102,23,2306,230624
230624102202,和光村委会,230624102,23,2306,230624
230624102203,新发村委会,230624102,23,2306,230624
230624102204,广胜村委会,230624102,23,2306,230624
230624102205,东升村委会,230624102,23,2306,230624
230624102206,东岗子村委会,230624102,23,2306,230624
230624102207,土城子村委会,230624102,23,2306,230624
230624102208,珰奈村委会,230624102,23,2306,230624
230624102209,新合村委会,230624102,23,2306,230624
230624102210,南阳村委会,230624102,23,2306,230624
230624103201,山湾子村委会,230624103,23,2306,230624
230624103202,安平村委会,230624103,23,2306,230624
230624103205,兴平村委会,230624103,23,2306,230624
230624103206,庆平村委会,230624103,23,2306,230624
230624103207,康平村委会,230624103,23,2306,230624
230624103209,六家子村委会,230624103,23,2306,230624
230624103210,永升村委会,230624103,23,2306,230624
230624103500,四家子林场生活区,230624103,23,2306,230624
230624103501,红旗种畜场生活区,230624103,23,2306,230624
230624104201,他拉红村委会,230624104,23,2306,230624
230624104202,合发村委会,230624104,23,2306,230624
230624104203,南岗村委会,230624104,23,2306,230624
230624104204,白音诺勒村委会,230624104,23,2306,230624
230624104205,长合村委会,230624104,23,2306,230624
230624104206,温德沟子村委会,230624104,23,2306,230624
230624104207,二龙山村委会,230624104,23,2306,230624
230624104208,九河村委会,230624104,23,2306,230624
230624104209,巴哈西伯村委会,230624104,23,2306,230624
230624104500,连环湖渔业有限公司生活区,230624104,23,2306,230624
230624200201,一心村委会,230624200,23,2306,230624
230624200202,勇敢村委会,230624200,23,2306,230624
230624200203,永胜村委会,230624200,23,2306,230624
230624200204,民主村委会,230624200,23,2306,230624
230624200205,前进村委会,230624200,23,2306,230624
230624200206,前锋村委会,230624200,23,2306,230624
230624200207,团结村委会,230624200,23,2306,230624
230624200208,胜利村委会,230624200,23,2306,230624
230624200500,新店林场生活区,230624200,23,2306,230624
230624200501,靠山种畜场生活区,230624200,23,2306,230624
230624200502,齐家泡渔业有限公司生活区,230624200,23,2306,230624
230624200503,第一良种场生活区,230624200,23,2306,230624
230624200504,一心苗圃生活区,230624200,23,2306,230624
230624200505,一心果树场生活区,230624200,23,2306,230624
230624201201,克尔台村委会,230624201,23,2306,230624
230624201202,前伍代村委会,230624201,23,2306,230624
230624201203,官尔屯村委会,230624201,23,2306,230624
230624201204,扎郎格村委会,230624201,23,2306,230624
230624201205,西新村委会,230624201,23,2306,230624
230624201206,乌诺村委会,230624201,23,2306,230624
230624201207,波布代村委会,230624201,23,2306,230624
230624201208,烟屯村委会,230624201,23,2306,230624
230624201209,太平庄村委会,230624201,23,2306,230624
230624203201,好利宝村委会,230624203,23,2306,230624
230624203202,杏树岗村委会,230624203,23,2306,230624
230624203203,好尔陶村委会,230624203,23,2306,230624
230624203204,敖林西伯村委会,230624203,23,2306,230624
230624203205,诺尔村委会,230624203,23,2306,230624
230624203206,四家子村委会,230624203,23,2306,230624
230624203207,布木格村委会,230624203,23,2306,230624
230624203208,新兴村委会,230624203,23,2306,230624
230624203209,永发村委会,230624203,23,2306,230624
230624204201,朝尔村委会,230624204,23,2306,230624
230624204202,巴彦他拉村委会,230624204,23,2306,230624
230624204203,永珍王府新村村委会,230624204,23,2306,230624
230624204204,和南村委会,230624204,23,2306,230624
230624204205,和平村委会,230624204,23,2306,230624
230624204206,大庙村委会,230624204,23,2306,230624
230624204207,太和村委会,230624204,23,2306,230624
230624205201,中心村村委会,230624205,23,2306,230624
230624205202,巴彦村委会,230624205,23,2306,230624
230624205203,好尔村委会,230624205,23,2306,230624
230624205204,兴隆村委会,230624205,23,2306,230624
230624205205,前心村委会,230624205,23,2306,230624
230624205206,后心村委会,230624205,23,2306,230624
230624205207,翻身村委会,230624205,23,2306,230624
230624205208,胜利村委会,230624205,23,2306,230624
230624205500,石人沟渔场生活区,230624205,23,2306,230624
230624206201,九扇门村委会,230624206,23,2306,230624
230624206202,江湾村村委会,230624206,23,2306,230624
230624500402,绿色草原场直社区,230624500,23,2306,230624
230624500501,绿色草原牧场第一管理区,230624500,23,2306,230624
230624500502,绿色草原牧场第二管理区,230624500,23,2306,230624
230624500503,绿色草原牧场第三管理区,230624500,23,2306,230624
230624501402,大山场直社区,230624501,23,2306,230624
230624501501,大山种羊场第一管理区,230624501,23,2306,230624
230624501502,大山种羊场第二管理区,230624501,23,2306,230624
230671010001,黎明社区居委会,230671010,23,2306,230671
230671010002,天贺社区居委会,230671010,23,2306,230671
230671010003,学苑社区居委会,230671010,23,2306,230671
230671010004,农大社区居委会,230671010,23,2306,230671
230671010005,五湖社区居委会,230671010,23,2306,230671
230671010006,新玛特社区居委会,230671010,23,2306,230671
230671010007,惠民社区居委会,230671010,23,2306,230671
230671010008,沿湖城社区居委会,230671010,23,2306,230671
230671010009,欣苑社区居委会,230671010,23,2306,230671
230671010010,玖玺社区居委会,230671010,23,2306,230671
230671010011,花蔓社区居委会,230671010,23,2306,230671
230671010012,阿斯兰社区居委会,230671010,23,2306,230671
230671010013,乾和社区居委会,230671010,23,2306,230671
230671010014,绿地社区居委会,230671010,23,2306,230671
230671010015,新华社区居委会,230671010,23,2306,230671
230671010016,万城社区居委会,230671010,23,2306,230671
230671010017,御景社区居委会,230671010,23,2306,230671
230671010018,柏林社区居委会,230671010,23,2306,230671
230671010019,银座社区居委会,230671010,23,2306,230671
230671010020,康城社区居委会,230671010,23,2306,230671
230671010021,郡庭社区居委会,230671010,23,2306,230671
230671010022,景程社区居委会,230671010,23,2306,230671
230671010023,丽都社区居委会,230671010,23,2306,230671
230671010024,大唐社区居委会,230671010,23,2306,230671
230671010025,北湖社区居委会,230671010,23,2306,230671
230671010026,滨州社区居委会,230671010,23,2306,230671
230671010027,翰林苑社区居委会,230671010,23,2306,230671
230671010028,枫景社区居委会,230671010,23,2306,230671
230671010029,太阳城社区居委会,230671010,23,2306,230671
230671580598,高新区农场虚拟生活区,230671580,23,2306,230671
230717001001,永红社区居委会,230717001,23,2307,230717
230717001002,朝阳社区居委会,230717001,23,2307,230717
230717001003,永兴社区居委会,230717001,23,2307,230717
230717002001,红光社区居委会,230717002,23,2307,230717
230717002002,红松社区居委会,230717002,23,2307,230717
230717003001,红升社区居委会,230717003,23,2307,230717
230717003002,南郡社区居委会,230717003,23,2307,230717
230717004001,北郡社区居委会,230717004,23,2307,230717
230717004002,机修社区居委会,230717004,23,2307,230717
230717004003,站前社区居委会,230717004,23,2307,230717
230717004004,林都社区居委会,230717004,23,2307,230717
230717005001,新欣社区居委会,230717005,23,2307,230717
230717005002,前进社区居委会,230717005,23,2307,230717
230717006001,扶林社区居委会,230717006,23,2307,230717
230717006002,爱林社区居委会,230717006,23,2307,230717
230717006003,奋斗社区居委会,230717006,23,2307,230717
230717100001,东升社区居委会,230717100,23,2307,230717
230717100003,伊东社区居委会,230717100,23,2307,230717
230717100200,东升村村委会,230717100,23,2307,230717
230717100205,长征村村委会,230717100,23,2307,230717
230717100206,迎新村村委会,230717100,23,2307,230717
230717100207,青山村村委会,230717100,23,2307,230717
230717101001,新兴社区居委会,230717101,23,2307,230717
230717101002,胜利社区居委会,230717101,23,2307,230717
230717101003,红光社区居委会,230717101,23,2307,230717
230717101004,文化社区居委会,230717101,23,2307,230717
230717101005,东林社区居委会,230717101,23,2307,230717
230717101006,大西林社区居委会,230717101,23,2307,230717
230717101007,缓岭社区居委会,230717101,23,2307,230717
230717101012,五道库社区居委会,230717101,23,2307,230717
230717101200,青松村委会,230717101,23,2307,230717
230717101201,林溪村委会,230717101,23,2307,230717
230718100001,幸福社区,230718100,23,2307,230718
230718100002,胜利社区,230718100,23,2307,230718
230718100003,保安社区,230718100,23,2307,230718
230718100004,文化社区,230718100,23,2307,230718
230718100005,新兴社区,230718100,23,2307,230718
230718100006,育林社区,230718100,23,2307,230718
230718100007,新春社区,230718100,23,2307,230718
230718100008,新建社区,230718100,23,2307,230718
230718100009,解放社区,230718100,23,2307,230718
230718100010,昆仑气社区,230718100,23,2307,230718
230718100011,么河社区,230718100,23,2307,230718
230718100012,抚育河社区,230718100,23,2307,230718
230718100013,尖山河社区,230718100,23,2307,230718
230718100014,翠峦河社区,230718100,23,2307,230718
230718100015,冲锋社区,230718100,23,2307,230718
230718100016,开源社区,230718100,23,2307,230718
230718100200,翠光村村委会,230718100,23,2307,230718
230718100201,前进村村委会,230718100,23,2307,230718
230718101001,振华社区,230718101,23,2307,230718
230718101002,繁荣社区,230718101,23,2307,230718
230718101003,团结社区,230718101,23,2307,230718
230718101004,红旗社区,230718101,23,2307,230718
230718101005,先锋社区,230718101,23,2307,230718
230718101006,长征社区,230718101,23,2307,230718
230718101007,奋斗社区,230718101,23,2307,230718
230718101008,锦河社区,230718101,23,2307,230718
230718101009,伊敏社区,230718101,23,2307,230718
230718101010,前进社区,230718101,23,2307,230718
230718101011,西岭社区,230718101,23,2307,230718
230718101012,安全社区,230718101,23,2307,230718
230718101013,青山社区,230718101,23,2307,230718
230718101014,翠岭社区,230718101,23,2307,230718
230718101015,育苗社区,230718101,23,2307,230718
230718101016,乌马所社区,230718101,23,2307,230718
230718101200,锦山村村民委员会,230718101,23,2307,230718
230719003001,先锋社区,230719003,23,2307,230719
230719003002,滨水社区,230719003,23,2307,230719
230719003003,前进社区,230719003,23,2307,230719
230719003201,青山村,230719003,23,2307,230719
230719100001,便民社区,230719100,23,2307,230719
230719100004,安民社区,230719100,23,2307,230719
230719100201,青山村,230719100,23,2307,230719
230719100202,长青村,230719100,23,2307,230719
230719100203,平川村,230719100,23,2307,230719
230719100204,锦绣村,230719100,23,2307,230719
230719101001,双子河社区,230719101,23,2307,230719
230719101201,爱国村,230719101,23,2307,230719
230719102001,向阳社区,230719102,23,2307,230719
230719102201,曙光村,230719102,23,2307,230719
230722100008,朝阳社区居委会,230722100,23,2307,230722
230722100009,佛山社区居委会,230722100,23,2307,230722
230722100010,尚志社区居委会,230722100,23,2307,230722
230722100201,尚志村委会,230722100,23,2307,230722
230722100202,佛山村委会,230722100,23,2307,230722
230722100203,永安村委会,230722100,23,2307,230722
230722100204,新发村委会,230722100,23,2307,230722
230722101001,乌云社区居委会,230722101,23,2307,230722
230722101201,乌云村委会,230722101,23,2307,230722
230722101202,旧城村委会,230722101,23,2307,230722
230722101203,腰屯村委会,230722101,23,2307,230722
230722101204,河沿村委会,230722101,23,2307,230722
230722101205,南地营子村委会,230722101,23,2307,230722
230722101206,东南屯村委会,230722101,23,2307,230722
230722101207,大沟口村委会,230722101,23,2307,230722
230722101208,奋斗村委会,230722101,23,2307,230722
230722101209,双立村委会,230722101,23,2307,230722
230722101210,夹信子村委会,230722101,23,2307,230722
230722101211,泉石村委会,230722101,23,2307,230722
230722101212,宏伟村委会,230722101,23,2307,230722
230722102001,团结社区居委会,230722102,23,2307,230722
230722102201,金丰村委会,230722102,23,2307,230722
230722102202,金水村委会,230722102,23,2307,230722
230722102203,胜利村委会,230722102,23,2307,230722
230722102204,立志村委会,230722102,23,2307,230722
230722103001,兴安社区居委会,230722103,23,2307,230722
230722103201,大同村委会,230722103,23,2307,230722
230722103202,东兴村委会,230722103,23,2307,230722
230722103203,共荣村委会,230722103,23,2307,230722
230722103204,三合村委会,230722103,23,2307,230722
230722103205,保安村委会,230722103,23,2307,230722
230722103206,兴农村委会,230722103,23,2307,230722
230722103207,互助村委会,230722103,23,2307,230722
230722103208,马连村委会,230722103,23,2307,230722
230722103209,连丰村委会,230722103,23,2307,230722
230722103210,庆丰村委会,230722103,23,2307,230722
230722103211,东湖村委会,230722103,23,2307,230722
230722103212,仁合村委会,230722103,23,2307,230722
230722103500,前岗村委会,230722103,23,2307,230722
230722103501,前景村委会,230722103,23,2307,230722
230722103502,双丰村委会,230722103,23,2307,230722
230722200201,常家村委会,230722200,23,2307,230722
230722200202,河口村委会,230722200,23,2307,230722
230722200203,营林村委会,230722200,23,2307,230722
230722200204,平阳河村委会,230722200,23,2307,230722
230722200205,勤俭村委会,230722200,23,2307,230722
230722200206,临江村委会,230722200,23,2307,230722
230722200207,江南村委会,230722200,23,2307,230722
230722200208,通河村委会,230722200,23,2307,230722
230722200210,桦树林子村委会,230722200,23,2307,230722
230722201201,雪水温村委会,230722201,23,2307,230722
230722201203,茅兰沟村委会,230722201,23,2307,230722
230722201204,黄鱼卧子村委会,230722201,23,2307,230722
230722201205,育才村委会,230722201,23,2307,230722
230722201206,王家店村委会,230722201,23,2307,230722
230722201207,育红村委会,230722201,23,2307,230722
230722201208,育强村委会,230722201,23,2307,230722
230722201209,育新村委会,230722201,23,2307,230722
230722201210,丰林村委会,230722201,23,2307,230722
230722201211,育发村委会,230722201,23,2307,230722
230722201500,良种场村委会,230722201,23,2307,230722
230722202201,福民村委会,230722202,23,2307,230722
230722202202,黎明村委会,230722202,23,2307,230722
230722202203,青松村委会,230722202,23,2307,230722
230722202204,福阳村委会,230722202,23,2307,230722
230722202205,隆安村委会,230722202,23,2307,230722
230722202206,新安村委会,230722202,23,2307,230722
230722202207,晨光村委会,230722202,23,2307,230722
230722202208,福庆村委会,230722202,23,2307,230722
230722203201,太平村委会,230722203,23,2307,230722
230722203202,东升村委会,230722203,23,2307,230722
230722203203,长青村委会,230722203,23,2307,230722
230722203204,红旗村委会,230722203,23,2307,230722
230722203205,星火村委会,230722203,23,2307,230722
230722203206,燎原村委会,230722203,23,2307,230722
230722203207,红边村委会,230722203,23,2307,230722
230722203208,新桥村委会,230722203,23,2307,230722
230722205001,双兴社区居委会,230722205,23,2307,230722
230722205002,双龙社区居委会,230722205,23,2307,230722
230722205200,结列河村委会,230722205,23,2307,230722
230722205207,建边村委会,230722205,23,2307,230722
230722205208,建业村委会,230722205,23,2307,230722
230722205209,大砬子村委会,230722205,23,2307,230722
230722205210,建华村委会,230722205,23,2307,230722
230722205211,上马村委会,230722205,23,2307,230722
230722400598,太平林场虚拟生活区,230722400,23,2307,230722
230722402598,清河林场虚拟生活区,230722402,23,2307,230722
230722404598,马连林场虚拟生活区,230722404,23,2307,230722
230723100003,建设社区居委会,230723100,23,2307,230723
230723100005,幸福社区居委会,230723100,23,2307,230723
230723100201,宏伟村村委会,230723100,23,2307,230723
230723100202,永青村村委会,230723100,23,2307,230723
230723101003,文化社区居委会,230723101,23,2307,230723
230723101005,兴安社区居委会,230723101,23,2307,230723
230724100001,黎明社区居民委员会,230724100,23,2307,230724
230724100002,红建中心社区居民委员会,230724100,23,2307,230724
230724100003,新民社区居民委员会,230724100,23,2307,230724
230724100004,新立中心社区居民委员会,230724100,23,2307,230724
230724100005,富民社区居民委员会,230724100,23,2307,230724
230724100010,新青镇林场中心社区居民委员会,230724100,23,2307,230724
230724101001,东升社区居民委员会,230724101,23,2307,230724
230724101002,前进社区居民委员会,230724101,23,2307,230724
230724101003,团结社区居民委员会,230724101,23,2307,230724
230724101007,红星镇林场中心社区居民委员会,230724101,23,2307,230724
230724102001,育林社区居民委员会,230724102,23,2307,230724
230724102002,建林社区居民委员会,230724102,23,2307,230724
230724102003,松林社区居民委员会,230724102,23,2307,230724
230724102004,新林社区居民委员会,230724102,23,2307,230724
230724102009,五营镇林场中心社区居民委员会,230724102,23,2307,230724
230724102201,跃进村委会,230724102,23,2307,230724
230724102202,兴龙村委会,230724102,23,2307,230724
230725100001,团结社区居委会,230725100,23,2307,230725
230725100002,育西社区居委会,230725100,23,2307,230725
230725100003,永胜社区居委会,230725100,23,2307,230725
230725100004,铁南社区居委会,230725100,23,2307,230725
230725100005,宾北社区居委会,230725100,23,2307,230725
230725100018,大青川中心社区居委会,230725100,23,2307,230725
230725100019,明月中心社区居委会,230725100,23,2307,230725
230725100201,金星村委会,230725100,23,2307,230725
230725100202,双兴村委会,230725100,23,2307,230725
230725100203,青川村委会,230725100,23,2307,230725
230725100204,永兴村委会,230725100,23,2307,230725
230725100205,红星村委会,230725100,23,2307,230725
230725101008,中心社区居委会,230725101,23,2307,230725
230725101009,乡南社区居委会,230725101,23,2307,230725
230725101010,东胜社区居委会,230725101,23,2307,230725
230725101011,铁路社区居委会,230725101,23,2307,230725
230725101012,小白社区居委会,230725101,23,2307,230725
230725101013,西山社区居委会,230725101,23,2307,230725
230725101014,西北岔中心社区,230725101,23,2307,230725
230725101015,巴兰河中心社区,230725101,23,2307,230725
230725101016,英山中心社区,230725101,23,2307,230725
230725101206,胜利村委会,230725101,23,2307,230725
230725101207,迎春村委会,230725101,23,2307,230725
230725101208,达里村委会,230725101,23,2307,230725
230725101209,西沙村委会,230725101,23,2307,230725
230725101210,小白村委会,230725101,23,2307,230725
230726100001,文明社区居委会,230726100,23,2307,230726
230726100003,新建社区居委会,230726100,23,2307,230726
230726100004,城林社区居委会,230726100,23,2307,230726
230726100006,和平社区居委会,230726100,23,2307,230726
230726100008,红星社区居委会,230726100,23,2307,230726
230726100011,太平社区居委会,230726100,23,2307,230726
230726100201,艾林村委会,230726100,23,2307,230726
230726100202,先锋村委会,230726100,23,2307,230726
230726100208,红旗村委会,230726100,23,2307,230726
230726100211,国庆村委会,230726100,23,2307,230726
230726101004,晨兴社区居委会,230726101,23,2307,230726
230726101005,明旺社区居委会,230726101,23,2307,230726
230726101006,四合营社区居委会,230726101,23,2307,230726
230726101007,亮子河社区居委会,230726101,23,2307,230726
230726101008,桦阳社区居委会,230726101,23,2307,230726
230726101009,威岭社区居委会,230726101,23,2307,230726
230726101200,晨明村委会,230726101,23,2307,230726
230726101201,创业村委会,230726101,23,2307,230726
230726101202,宝泉村委会,230726101,23,2307,230726
230726101203,沙岭村委会,230726101,23,2307,230726
230726101204,东红村委会,230726101,23,2307,230726
230726101205,星星村委会,230726101,23,2307,230726
230726101206,月明村委会,230726101,23,2307,230726
230726101207,桦阳村委会,230726101,23,2307,230726
230726102006,富强社区居委会,230726102,23,2307,230726
230726102008,团结社区居委会,230726102,23,2307,230726
230726102009,三岔河社区居委会,230726102,23,2307,230726
230726102010,浩良河社区居委会,230726102,23,2307,230726
230726102011,浩良河化肥厂社区居委会,230726102,23,2307,230726
230726102200,浩良河村委会,230726102,23,2307,230726
230726102201,奋斗村委会,230726102,23,2307,230726
230726102202,永林村委会,230726102,23,2307,230726
230726102203,秋冷村委会,230726102,23,2307,230726
230726102204,五七村委会,230726102,23,2307,230726
230726102205,北阳村委会,230726102,23,2307,230726
230726102206,亮子河村委会,230726102,23,2307,230726
230726102207,大吉星村委会,230726102,23,2307,230726
230726102208,小吉星村委会,230726102,23,2307,230726
230726103001,梧桐社区居委会,230726103,23,2307,230726
230726103002,石头河社区居委会,230726103,23,2307,230726
230726103003,岩石社区居委会,230726103,23,2307,230726
230726103004,松青社区居委会,230726103,23,2307,230726
230726103005,柳树社区居委会,230726103,23,2307,230726
230726103204,振兴村委会,230726103,23,2307,230726
230726103205,中兴村委会,230726103,23,2307,230726
230726103206,沙山村委会,230726103,23,2307,230726
230726103207,双合村委会,230726103,23,2307,230726
230726103209,梧桐村委会,230726103,23,2307,230726
230726103210,松青村委会,230726103,23,2307,230726
230751100001,铁西社区,230751100,23,2307,230751
230751100002,繁荣社区,230751100,23,2307,230751
230751100003,河西社区,230751100,23,2307,230751
230751100004,河东社区,230751100,23,2307,230751
230751100005,钢城社区,230751100,23,2307,230751
230751100006,三公里社区,230751100,23,2307,230751
230751100007,松盛社区,230751100,23,2307,230751
230751100008,强达社区,230751100,23,2307,230751
230751100009,白林社区,230751100,23,2307,230751
230751100010,苔青社区,230751100,23,2307,230751
230751100201,东风村村委会,230751100,23,2307,230751
230751100202,灯塔村村委会,230751100,23,2307,230751
230751101001,爱民社区,230751101,23,2307,230751
230751101002,新建社区,230751101,23,2307,230751
230751101003,育林社区,230751101,23,2307,230751
230751101004,文明社区,230751101,23,2307,230751
230751101005,金山社区,230751101,23,2307,230751
230751101006,白山社区,230751101,23,2307,230751
230751101007,丰岭社区,230751101,23,2307,230751
230751101008,丰林社区,230751101,23,2307,230751
230751101009,丰沟社区,230751101,23,2307,230751
230751101010,横山社区,230751101,23,2307,230751
230751101011,丰丽社区,230751101,23,2307,230751
230751101012,大昆仑社区,230751101,23,2307,230751
230751101201,金峰村委会,230751101,23,2307,230751
230751101202,乐园村委会,230751101,23,2307,230751
230781100001,西城社区居委会,230781100,23,2307,230781
230781100002,宏伟社区居委会,230781100,23,2307,230781
230781100003,正阳社区居委会,230781100,23,2307,230781
230781100004,向阳社区居委会,230781100,23,2307,230781
230781100005,站前社区居委会,230781100,23,2307,230781
230781100008,团结社区居委会,230781100,23,2307,230781
230781100009,东林社区居委会,230781100,23,2307,230781
230781100010,东岗社区居委会,230781100,23,2307,230781
230781100012,农场社区居委会,230781100,23,2307,230781
230781100201,满天红村村民委员会,230781100,23,2307,230781
230781100202,满江红村村民委员会,230781100,23,2307,230781
230781100203,东兴村村民委员会,230781100,23,2307,230781
230781100204,五一村村民委员会,230781100,23,2307,230781
230781100205,山头村村民委员会,230781100,23,2307,230781
230781100206,东胜村村民委员会,230781100,23,2307,230781
230781101002,育林社区居民委员会,230781101,23,2307,230781
230781101003,育才社区居民委员会,230781101,23,2307,230781
230781101201,青林村民委员会,230781101,23,2307,230781
230781101202,东方红村民委员会,230781101,23,2307,230781
230781101203,红星村民委员会,230781101,23,2307,230781
230781101204,曙光村民委员会,230781101,23,2307,230781
230781101205,安帮河村民委员会,230781101,23,2307,230781
230781101206,建国村民委员会,230781101,23,2307,230781
230781101207,双河村民委员会,230781101,23,2307,230781
230781101208,和平村民委员会,230781101,23,2307,230781
230781101209,前进村民委员会,230781101,23,2307,230781
230781101210,战斗村民委员会,230781101,23,2307,230781
230781101211,朝阳村民委员会,230781101,23,2307,230781
230781101212,光明村民委员会,230781101,23,2307,230781
230781101213,解放村民委员会,230781101,23,2307,230781
230781101214,民庆村民委员会,230781101,23,2307,230781
230781101215,民主村民委员会,230781101,23,2307,230781
230781101216,长有村民委员会,230781101,23,2307,230781
230781101217,稳水河村民委员会,230781101,23,2307,230781
230781101218,春光村民委员会,230781101,23,2307,230781
230781101219,横太山村民委员会,230781101,23,2307,230781
230781101220,卫东村民委员会,230781101,23,2307,230781
230781101221,卫国村民委员会,230781101,23,2307,230781
230781101222,卫华村民委员会,230781101,23,2307,230781
230781102001,政通社区居委会,230781102,23,2307,230781
230781102002,振兴社区居委会,230781102,23,2307,230781
230781102003,人和社区居委会,230781102,23,2307,230781
230781102201,新建村村民委员会,230781102,23,2307,230781
230781102202,桃山村村民委员会,230781102,23,2307,230781
230781102203,兴旺村村民委员会,230781102,23,2307,230781
230781102204,福兴村村民委员会,230781102,23,2307,230781
230781102205,长丰村村民委员会,230781102,23,2307,230781
230781102206,三合村村民委员会,230781102,23,2307,230781
230781102207,新丰村村民委员会,230781102,23,2307,230781
230781102208,先锋村村民委员会,230781102,23,2307,230781
230781102209,丰收村村民委员会,230781102,23,2307,230781
230781102211,庆丰村村民委员会,230781102,23,2307,230781
230781105001,神树社区居委会,230781105,23,2307,230781
230781105201,神树村村民委员会,230781105,23,2307,230781
230781105202,鸡岭村村民委员会,230781105,23,2307,230781
230781105203,石长村村民委员会,230781105,23,2307,230781
230781105204,五龙山村村民委员会,230781105,23,2307,230781
230781106001,卫东林场中心社区,230781106,23,2307,230781
230781106002,马永顺林场中心社区,230781106,23,2307,230781
230781200201,东河村村民委员会,230781200,23,2307,230781
230781200202,凌云山村村民委员会,230781200,23,2307,230781
230781200203,爱民村村民委员会,230781200,23,2307,230781
230781200204,云山村村民委员会,230781200,23,2307,230781
230781200205,爱国村村民委员会,230781200,23,2307,230781
230781200206,年丰村村民委员会,230781200,23,2307,230781
230781200207,长山村村民委员会,230781200,23,2307,230781
230781200208,靠山村村民委员会,230781200,23,2307,230781
230781200209,吉松村村民委员会,230781200,23,2307,230781
230781200210,永丰村村委会,230781200,23,2307,230781
230781201201,新华村村民委员会,230781201,23,2307,230781
230781201202,兰河村村民委员会,230781201,23,2307,230781
230781201203,二屯村村民委员会,230781201,23,2307,230781
230781201204,新一村村民委员会,230781201,23,2307,230781
230781201205,新兴村村民委员会,230781201,23,2307,230781
230781201206,兴隆村村民委员会,230781201,23,2307,230781
230781201207,新民村村民委员会,230781201,23,2307,230781
230781201208,树林村村民委员会,230781201,23,2307,230781
230781201209,五花村村民委员会,230781201,23,2307,230781
230781201210,北星村村民委员会,230781201,23,2307,230781
230781202201,红旗村村民委员会,230781202,23,2307,230781
230781202203,宏伟村村民委员会,230781202,23,2307,230781
230781202205,护林村村民委员会,230781202,23,2307,230781
230781202207,爱林村村民委员会,230781202,23,2307,230781
230781202210,长富村村民委员会,230781202,23,2307,230781
230781202211,红光村村民委员会,230781202,23,2307,230781
230781202214,建设村村民委员会,230781202,23,2307,230781
230781202215,东风村村民委员会,230781202,23,2307,230781
230781202217,北河村村民委员会,230781202,23,2307,230781
230781400505,北关农场生活区,230781400,23,2307,230781
230781400517,三屯农牧良种场生活区,230781400,23,2307,230781
230781400518,五花农场生活区,230781400,23,2307,230781
230781400519,红光农场生活区,230781400,23,2307,230781
230781400520,泥河农场生活区,230781400,23,2307,230781
230781400521,奋斗农场生活区,230781400,23,2307,230781
230781400522,保马农场生活区,230781400,23,2307,230781
230781401505,茂林农场生活区,230781401,23,2307,230781
230781401512,横太农场生活区,230781401,23,2307,230781
230781402510,鸡岭经营林场生活区,230781402,23,2307,230781
230781402511,圣浪经营林场生活区,230781402,23,2307,230781
230781402512,神树经营林场生活区,230781402,23,2307,230781
230781402513,石长经营林场生活区,230781402,23,2307,230781
230803007001,安民社区居委会,230803007,23,2308,230803
230803007002,光明社区居委会,230803007,23,2308,230803
230803007003,新谊社区居委会,230803007,23,2308,230803
230803007004,南湖社区居委会,230803007,23,2308,230803
230803007005,永平社区居委会,230803007,23,2308,230803
230803007006,永丰社区居委会,230803007,23,2308,230803
230803008001,九洲社区居委会,230803008,23,2308,230803
230803008002,红光社区居委会,230803008,23,2308,230803
230803008003,同福社区居委会,230803008,23,2308,230803
230803008004,临江社区居委会,230803008,23,2308,230803
230803008005,万力社区居委会,230803008,23,2308,230803
230803008006,木材社区居委会,230803008,23,2308,230803
230803008007,栋梁社区居委会,230803008,23,2308,230803
230803008008,林机社区居委会,230803008,23,2308,230803
230803008009,龙煤社区居委会,230803008,23,2308,230803
230803009001,永太社区居委会,230803009,23,2308,230803
230803009002,环路社区居委会,230803009,23,2308,230803
230803009003,育才社区居委会,230803009,23,2308,230803
230803009004,志兴社区居委会,230803009,23,2308,230803
230803009005,群英社区居委会,230803009,23,2308,230803
230803009006,永新社区居委会,230803009,23,2308,230803
230803010001,中南社区居委会,230803010,23,2308,230803
230803010002,宏胜社区居委会,230803010,23,2308,230803
230803010003,水利社区居委会,230803010,23,2308,230803
230803011001,天富社区居委会,230803011,23,2308,230803
230803011002,南义兴社区居委会,230803011,23,2308,230803
230803011003,万达社区居委会,230803011,23,2308,230803
230803011004,佳丰社区居委会,230803011,23,2308,230803
230803011005,行知社区居委会,230803011,23,2308,230803
230803011006,良知社区居委会,230803011,23,2308,230803
230803198201,万发村委会,230803198,23,2308,230803
230803198202,和平村委会,230803198,23,2308,230803
230803198203,新丰村委会,230803198,23,2308,230803
230803198204,长青村委会,230803198,23,2308,230803
230803198205,江南村委会,230803198,23,2308,230803
230803198206,上柳村委会,230803198,23,2308,230803
230803198207,下柳村委会,230803198,23,2308,230803
230803198208,马场村委会,230803198,23,2308,230803
230804007001,永安社区,230804007,23,2308,230804
230804007002,保卫社区,230804007,23,2308,230804
230804007003,园林社区,230804007,23,2308,230804
230804007004,怡安社区,230804007,23,2308,230804
230804008001,金港湾社区,230804008,23,2308,230804
230804008002,港务社区,230804008,23,2308,230804
230804008003,粮库社区,230804008,23,2308,230804
230804008004,春光社区,230804008,23,2308,230804
230804008005,亮子河社区,230804008,23,2308,230804
230804009001,站前南社区,230804009,23,2308,230804
230804009002,乐园社区,230804009,23,2308,230804
230804009003,桥南社区,230804009,23,2308,230804
230804009004,林海社区,230804009,23,2308,230804
230804009005,先锋社区,230804009,23,2308,230804
230804009006,云峰社区,230804009,23,2308,230804
230804009007,枫桥社区,230804009,23,2308,230804
230804010001,山水社区,230804010,23,2308,230804
230804010002,新立社区,230804010,23,2308,230804
230804010004,宏达社区,230804010,23,2308,230804
230804010005,双合社区,230804010,23,2308,230804
230804010006,江口社区,230804010,23,2308,230804
230804010007,佳莲社区,230804010,23,2308,230804
230804010200,南岗村,230804010,23,2308,230804
230804579598,前进区农垦虚拟生活区,230804579,23,2308,230804
230805007001,晓云社区居委会,230805007,23,2308,230805
230805007002,机务社区居委会,230805007,23,2308,230805
230805007003,玫瑰园社区居委会,230805007,23,2308,230805
230805007004,长胜社区居委会,230805007,23,2308,230805
230805007005,安庆社区居委会,230805007,23,2308,230805
230805008001,东兴社区居委会,230805008,23,2308,230805
230805008002,高新社区居委会,230805008,23,2308,230805
230805008003,南兴社区居委会,230805008,23,2308,230805
230805008004,佳东社区居委会,230805008,23,2308,230805
230805008005,东安社区居委会,230805008,23,2308,230805
230805009001,造纸社区居委会,230805009,23,2308,230805
230805009002,电机社区居委会,230805009,23,2308,230805
230805009003,五彩社区居委会,230805009,23,2308,230805
230805009004,永佳社区居委会,230805009,23,2308,230805
230805009005,兴电社区居委会,230805009,23,2308,230805
230805009006,群楼社区居委会,230805009,23,2308,230805
230805009007,警安社区居委会,230805009,23,2308,230805
230805009008,水源社区居委会,230805009,23,2308,230805
230805009009,沿音社区居委会,230805009,23,2308,230805
230805010001,达贤社区居委会,230805010,23,2308,230805
230805010002,丰登社区居委会,230805010,23,2308,230805
230805010003,胜利社区居委会,230805010,23,2308,230805
230805100200,大堆丰村委会,230805100,23,2308,230805
230805100201,建国村委会,230805100,23,2308,230805
230805100202,建设村委会,230805100,23,2308,230805
230805100203,黎明村委会,230805100,23,2308,230805
230805100204,群利村委会,230805100,23,2308,230805
230805100205,西太平村委会,230805100,23,2308,230805
230805100206,永丰村委会,230805100,23,2308,230805
230805100207,圳江村委会,230805100,23,2308,230805
230805200001,东联社区居委会,230805200,23,2308,230805
230805200002,富贵社区居委会,230805200,23,2308,230805
230805200003,东平社区居委会,230805200,23,2308,230805
230805200004,江滨社区居委会,230805200,23,2308,230805
230805200200,长兴村委会,230805200,23,2308,230805
230805200201,恒心村委会,230805200,23,2308,230805
230805200202,红力村委会,230805200,23,2308,230805
230805200203,宏伟村委会,230805200,23,2308,230805
230805200204,江山村委会,230805200,23,2308,230805
230805200205,联合村委会,230805200,23,2308,230805
230805200206,模范村委会,230805200,23,2308,230805
230805200207,农家村委会,230805200,23,2308,230805
230805200208,松江村委会,230805200,23,2308,230805
230805200209,新民村委会,230805200,23,2308,230805
230805200210,兴国村委会,230805200,23,2308,230805
230805200211,双新村委会,230805200,23,2308,230805
230811008001,起点社区居委会,230811008,23,2308,230811
230811008002,云环社区居委会,230811008,23,2308,230811
230811008003,糖厂社区居委会,230811008,23,2308,230811
230811008004,佳天社区居委会,230811008,23,2308,230811
230811008005,亚麻社区居委会,230811008,23,2308,230811
230811008006,兴家社区居委会,230811008,23,2308,230811
230811009001,英俊社区居委会,230811009,23,2308,230811
230811009002,松桦社区居委会,230811009,23,2308,230811
230811009003,五一社区居委会,230811009,23,2308,230811
230811009004,新兴社区居委会,230811009,23,2308,230811
230811009005,华安社区居委会,230811009,23,2308,230811
230811009006,富强社区居委会,230811009,23,2308,230811
230811009007,七彩社区居委会,230811009,23,2308,230811
230811009008,佳丹社区居委会,230811009,23,2308,230811
230811009009,三合社区居委会,230811009,23,2308,230811
230811009010,长青社区居委会,230811009,23,2308,230811
230811009011,黑锻社区居委会,230811009,23,2308,230811
230811010001,北焦化社区居委会,230811010,23,2308,230811
230811010002,红旗社区居委会,230811010,23,2308,230811
230811010003,清源社区居委会,230811010,23,2308,230811
230811010004,新府社区居委会,230811010,23,2308,230811
230811010005,冬梅社区居委会,230811010,23,2308,230811
230811010006,新城社区居委会,230811010,23,2308,230811
230811010007,佳西社区居委会,230811010,23,2308,230811
230811010008,勤政社区居委会,230811010,23,2308,230811
230811010009,绿云社区居委会,230811010,23,2308,230811
230811010010,观湖社区居委会,230811010,23,2308,230811
230811010011,万象社区居委会,230811010,23,2308,230811
230811011001,长安社区居委会,230811011,23,2308,230811
230811011002,华园社区居委会,230811011,23,2308,230811
230811011003,万兴社区居委会,230811011,23,2308,230811
230811011004,万新社区居委会,230811011,23,2308,230811
230811011005,吉运社区居委会,230811011,23,2308,230811
230811011006,荣军社区居委会,230811011,23,2308,230811
230811011007,金融社区居委会,230811011,23,2308,230811
230811011008,宜福社区居委会,230811011,23,2308,230811
230811101200,大来村委会,230811101,23,2308,230811
230811101201,复兴村委会,230811101,23,2308,230811
230811101202,富民村委会,230811101,23,2308,230811
230811101203,南城子村委会,230811101,23,2308,230811
230811101204,庆丰村委会,230811101,23,2308,230811
230811101205,山音村委会,230811101,23,2308,230811
230811101206,胜利村委会,230811101,23,2308,230811
230811101207,卧龙村委会,230811101,23,2308,230811
230811101208,兴华村委会,230811101,23,2308,230811
230811101209,中大村委会,230811101,23,2308,230811
230811101210,中胜村委会,230811101,23,2308,230811
230811101211,达勒沟村委会,230811101,23,2308,230811
230811101500,大来林场生活区,230811101,23,2308,230811
230811101501,新村奶牛哺育场生活区,230811101,23,2308,230811
230811102200,敖其村委会,230811102,23,2308,230811
230811102201,长春村委会,230811102,23,2308,230811
230811102202,长寿村委会,230811102,23,2308,230811
230811102203,兴隆村委会,230811102,23,2308,230811
230811102204,永安村委会,230811102,23,2308,230811
230811102205,永仁村委会,230811102,23,2308,230811
230811102206,利川村委会,230811102,23,2308,230811
230811102207,双玉村委会,230811102,23,2308,230811
230811102208,赫哲村委会,230811102,23,2308,230811
230811102500,猴石山果苗良种场生活区,230811102,23,2308,230811
230811102501,永安苗圃生活区,230811102,23,2308,230811
230811103001,望江社区居委会,230811103,23,2308,230811
230811103200,北四合村委会,230811103,23,2308,230811
230811103201,德新村委会,230811103,23,2308,230811
230811103202,东付中村委会,230811103,23,2308,230811
230811103203,东明村委会,230811103,23,2308,230811
230811103204,佳兴村委会,230811103,23,2308,230811
230811103205,景阳村委会,230811103,23,2308,230811
230811103206,立新村委会,230811103,23,2308,230811
230811103207,临江村委会,230811103,23,2308,230811
230811103208,望江村委会,230811103,23,2308,230811
230811103209,望胜村委会,230811103,23,2308,230811
230811103210,文俊村委会,230811103,23,2308,230811
230811103211,西付中村委会,230811103,23,2308,230811
230811103212,新合村委会,230811103,23,2308,230811
230811103213,东升村委会,230811103,23,2308,230811
230811104200,北长发村委会,230811104,23,2308,230811
230811104201,长虹村委会,230811104,23,2308,230811
230811104202,长新村委会,230811104,23,2308,230811
230811104203,东胜村委会,230811104,23,2308,230811
230811104204,东四合村委会,230811104,23,2308,230811
230811104205,二龙山村委会,230811104,23,2308,230811
230811104206,南长发村委会,230811104,23,2308,230811
230811104207,太平川村委会,230811104,23,2308,230811
230811104209,新河村委会,230811104,23,2308,230811
230811104210,巨桥村委会,230811104,23,2308,230811
230811104211,正合村委会,230811104,23,2308,230811
230811105001,中心社区居委会,230811105,23,2308,230811
230811105002,红升社区居委会,230811105,23,2308,230811
230811105003,镇北社区居委会,230811105,23,2308,230811
230811105004,江北社区居委会,230811105,23,2308,230811
230811105200,长胜村委会,230811105,23,2308,230811
230811105201,万庆村委会,230811105,23,2308,230811
230811105202,红升村委会,230811105,23,2308,230811
230811105203,永兴村委会,230811105,23,2308,230811
230811105500,良种场生活区,230811105,23,2308,230811
230811106200,草帽村委会,230811106,23,2308,230811
230811106201,东格木村委会,230811106,23,2308,230811
230811106202,丰胜村委会,230811106,23,2308,230811
230811106203,靠山村委会,230811106,23,2308,230811
230811106204,民胜村委会,230811106,23,2308,230811
230811106205,平安村委会,230811106,23,2308,230811
230811106206,群林村委会,230811106,23,2308,230811
230811106207,西格木村委会,230811106,23,2308,230811
230811106500,种畜场生活区,230811106,23,2308,230811
230811107200,福胜村委会,230811107,23,2308,230811
230811107201,黑通村委会,230811107,23,2308,230811
230811107202,民兴村委会,230811107,23,2308,230811
230811107203,泡子沿村委会,230811107,23,2308,230811
230811107204,三连村委会,230811107,23,2308,230811
230811107205,新华村委会,230811107,23,2308,230811
230811107206,沿江村委会,230811107,23,2308,230811
230811108001,四丰社区居委会,230811108,23,2308,230811
230811108201,花园村委会,230811108,23,2308,230811
230811108203,顺山堡村委会,230811108,23,2308,230811
230811108204,四丰村委会,230811108,23,2308,230811
230811108206,新鲜村委会,230811108,23,2308,230811
230811108207,四合山村委会,230811108,23,2308,230811
230811108208,松木河村委会,230811108,23,2308,230811
230811108209,团结村委会,230811108,23,2308,230811
230811108210,董家村委会,230811108,23,2308,230811
230811108500,四丰山园艺畜牧场生活区,230811108,23,2308,230811
230811108501,松木河林场生活区,230811108,23,2308,230811
230811108502,四丰林场生活区,230811108,23,2308,230811
230811200200,光明村委会,230811200,23,2308,230811
230811200201,佳西村委会,230811200,23,2308,230811
230811200203,前进村委会,230811200,23,2308,230811
230811200204,四合村委会,230811200,23,2308,230811
230811200206,万兴村委会,230811200,23,2308,230811
230811200207,五一村委会,230811200,23,2308,230811
230811200209,兴家村委会,230811200,23,2308,230811
230811208001,平水社区,230811208,23,2308,230811
230811208200,东风村委会,230811208,23,2308,230811
230811208201,东旺村委会,230811208,23,2308,230811
230811208202,富胜村委会,230811208,23,2308,230811
230811208203,佳新村委会,230811208,23,2308,230811
230811208204,莲花村委会,230811208,23,2308,230811
230811208205,明德村委会,230811208,23,2308,230811
230811208206,群英村委会,230811208,23,2308,230811
230811208207,荣新村委会,230811208,23,2308,230811
230811208208,双兴村委会,230811208,23,2308,230811
230811208209,太阳升村委会,230811208,23,2308,230811
230811208210,万胜村委会,230811208,23,2308,230811
230811208211,新业村委会,230811208,23,2308,230811
230811208212,兴安村委会,230811208,23,2308,230811
230811211200,群胜村委会,230811211,23,2308,230811
230811211201,永胜村委会,230811211,23,2308,230811
230811211202,陡沟村委会,230811211,23,2308,230811
230811211203,高峰村委会,230811211,23,2308,230811
230811211204,西高峰村委会,230811211,23,2308,230811
230811211205,巨桦村委会,230811211,23,2308,230811
230811211206,新城村委会,230811211,23,2308,230811
230811211500,燎原农场生活区,230811211,23,2308,230811
230811211501,苏木河农场生活区,230811211,23,2308,230811
230811211502,群胜林场生活区,230811211,23,2308,230811
230811480400,狱直社区,230811480,23,2308,230811
230811480501,第一生产大队生活区,230811480,23,2308,230811
230811480502,第二生产大队生活区,230811480,23,2308,230811
230811480503,第三生产大队生活区,230811480,23,2308,230811
230811480504,第四生产大队生活区,230811480,23,2308,230811
230811480505,第五生产大队生活区,230811480,23,2308,230811
230811480506,第六生产大队生活区,230811480,23,2308,230811
230811480507,第七生产大队生活区,230811480,23,2308,230811
230811480508,第八生产大队生活区,230811480,23,2308,230811
230811480509,第九生产大队生活区,230811480,23,2308,230811
230811480510,第十生产大队生活区,230811480,23,2308,230811
230811480511,第十一生产大队生活区,230811480,23,2308,230811
230811480512,第十二生产大队生活区,230811480,23,2308,230811
230811480513,第十三生产大队生活区,230811480,23,2308,230811
230811480514,第十四生产大队生活区,230811480,23,2308,230811
230811480515,第十五生产大队生活区,230811480,23,2308,230811
230811480517,抽水站生活区,230811480,23,2308,230811
230811480518,第十六生产大队生活区,230811480,23,2308,230811
230811480519,林场生活区,230811480,23,2308,230811
230811579598,郊区农垦虚拟生活区,230811579,23,2308,230811
230822103200,金缸村委会,230822103,23,2308,230822
230822103201,金山村委会,230822103,23,2308,230822
230822103202,金胜村委会,230822103,23,2308,230822
230822103203,上桦村委会,230822103,23,2308,230822
230822103204,东合村委会,230822103,23,2308,230822
230822103205,西合村委会,230822103,23,2308,230822
230822103206,新合村委会,230822103,23,2308,230822
230822103207,光明村委会,230822103,23,2308,230822
230822103208,愚公村委会,230822103,23,2308,230822
230822103209,大兴沟村委会,230822103,23,2308,230822
230822104001,金矿局居委会,230822104,23,2308,230822
230822104002,石灰石矿居委会,230822104,23,2308,230822
230822104200,八一村委会,230822104,23,2308,230822
230822104201,春富村委会,230822104,23,2308,230822
230822104202,核心村委会,230822104,23,2308,230822
230822104203,林河村委会,230822104,23,2308,230822
230822104204,马家村委会,230822104,23,2308,230822
230822104205,庆丰村委会,230822104,23,2308,230822
230822104206,仁和村委会,230822104,23,2308,230822
230822104207,向阳村委会,230822104,23,2308,230822
230822104208,义和村委会,230822104,23,2308,230822
230822104209,桦阳村委会,230822104,23,2308,230822
230822104210,双丰村委会,230822104,23,2308,230822
230822106003,前进社区居委会,230822106,23,2308,230822
230822106004,铁东社区居委会,230822106,23,2308,230822
230822106005,铁西社区居委会,230822106,23,2308,230822
230822106006,奋斗社区居委会,230822106,23,2308,230822
230822106007,新建社区居委会,230822106,23,2308,230822
230822106008,胜利社区居委会,230822106,23,2308,230822
230822106010,福庆社区居委会,230822106,23,2308,230822
230822106011,育博社区居委会,230822106,23,2308,230822
230822106012,奥林社区居委会,230822106,23,2308,230822
230822106013,新月社区居委会,230822106,23,2308,230822
230822106014,福星社区居委会,230822106,23,2308,230822
230822106015,名和社区居委会,230822106,23,2308,230822
230822106016,金晖社区居委会,230822106,23,2308,230822
230822106017,文政社区居委会,230822106,23,2308,230822
230822106018,吉庆社区居委会,230822106,23,2308,230822
230822106019,文康社区居委会,230822106,23,2308,230822
230822106020,秀北社区居委会,230822106,23,2308,230822
230822106021,新兴社区居委会,230822106,23,2308,230822
230822106022,富强社区居委会,230822106,23,2308,230822
230822106023,教育社区居委会,230822106,23,2308,230822
230822106024,学府社区居委会,230822106,23,2308,230822
230822106200,正南村委会,230822106,23,2308,230822
230822106201,正北村委会,230822106,23,2308,230822
230822106202,正东村委会,230822106,23,2308,230822
230822106203,腰营子村委会,230822106,23,2308,230822
230822106204,隆胜村委会,230822106,23,2308,230822
230822106205,桦丰村委会,230822106,23,2308,230822
230822106206,五一村委会,230822106,23,2308,230822
230822106207,宏昌村委会,230822106,23,2308,230822
230822106208,宏泰村委会,230822106,23,2308,230822
230822106209,民富村委会,230822106,23,2308,230822
230822106210,富荣村委会,230822106,23,2308,230822
230822106211,富贵村委会,230822106,23,2308,230822
230822106212,幸福村委会,230822106,23,2308,230822
230822106213,双合村委会,230822106,23,2308,230822
230822106214,湖南营村委会,230822106,23,2308,230822
230822106215,宏元村委会,230822106,23,2308,230822
230822107200,柴家村委会,230822107,23,2308,230822
230822107201,长青村委会,230822107,23,2308,230822
230822107203,凤岐村委会,230822107,23,2308,230822
230822107204,合力村委会,230822107,23,2308,230822
230822107205,洪林子村委会,230822107,23,2308,230822
230822107206,精勤村委会,230822107,23,2308,230822
230822107207,聚宝村委会,230822107,23,2308,230822
230822107209,三王村委会,230822107,23,2308,230822
230822107210,胜利村委会,230822107,23,2308,230822
230822107211,四合村委会,230822107,23,2308,230822
230822107212,太义村委会,230822107,23,2308,230822
230822107213,新华村委会,230822107,23,2308,230822
230822107214,新颜村委会,230822107,23,2308,230822
230822107215,新源村委会,230822107,23,2308,230822
230822107217,永胜村委会,230822107,23,2308,230822
230822107218,振山村委会,230822107,23,2308,230822
230822107230,战生村委会,230822107,23,2308,230822
230822107231,前进村委会,230822107,23,2308,230822
230822107232,丰收村委会,230822107,23,2308,230822
230822107233,庆发村委会,230822107,23,2308,230822
230822107234,六合村委会,230822107,23,2308,230822
230822107235,新发村委会,230822107,23,2308,230822
230822107236,横岱村委会,230822107,23,2308,230822
230822108200,保丰村委会,230822108,23,2308,230822
230822108201,永丰村委会,230822108,23,2308,230822
230822108202,永安村委会,230822108,23,2308,230822
230822108203,太安村委会,230822108,23,2308,230822
230822108204,兴隆村委会,230822108,23,2308,230822
230822108205,楼山村委会,230822108,23,2308,230822
230822108206,秋丰村委会,230822108,23,2308,230822
230822108207,铁岭村委会,230822108,23,2308,230822
230822108208,先进村委会,230822108,23,2308,230822
230822108209,红日村委会,230822108,23,2308,230822
230822108210,长安村委会,230822108,23,2308,230822
230822108211,群英村委会,230822108,23,2308,230822
230822108212,功兴村委会,230822108,23,2308,230822
230822108213,东胜村委会,230822108,23,2308,230822
230822108214,八虎力村委会,230822108,23,2308,230822
230822108215,建国村委会,230822108,23,2308,230822
230822108216,建华村委会,230822108,23,2308,230822
230822108217,黎明村委会,230822108,23,2308,230822
230822108218,平安村委会,230822108,23,2308,230822
230822108219,西平村委会,230822108,23,2308,230822
230822108220,腰梨树村委会,230822108,23,2308,230822
230822108221,中平村委会,230822108,23,2308,230822
230822108222,中心村委会,230822108,23,2308,230822
230822108223,朱家村委会,230822108,23,2308,230822
230822109200,闫家村委会,230822109,23,2308,230822
230822109201,老街基村委会,230822109,23,2308,230822
230822109202,小八浪村委会,230822109,23,2308,230822
230822109203,丰基村委会,230822109,23,2308,230822
230822109204,城子岭村委会,230822109,23,2308,230822
230822109205,大吴家村委会,230822109,23,2308,230822
230822109206,大张家村委会,230822109,23,2308,230822
230822109207,北安村委会,230822109,23,2308,230822
230822109208,公心集村委会,230822109,23,2308,230822
230822109209,桦木岗村委会,230822109,23,2308,230822
230822109210,桦兴村委会,230822109,23,2308,230822
230822109211,宏伟村委会,230822109,23,2308,230822
230822109212,公平村委会,230822109,23,2308,230822
230822109213,荣安村委会,230822109,23,2308,230822
230822109214,中和村委会,230822109,23,2308,230822
230822110216,东风村委会,230822110,23,2308,230822
230822110217,东华村委会,230822110,23,2308,230822
230822110218,北柳村委会,230822110,23,2308,230822
230822110219,新庆村委会,230822110,23,2308,230822
230822110220,南柳村委会,230822110,23,2308,230822
230822110221,山春村委会,230822110,23,2308,230822
230822110222,东柳村委会,230822110,23,2308,230822
230822110223,长龙岗村委会,230822110,23,2308,230822
230822110224,向春村委会,230822110,23,2308,230822
230822110225,群力村委会,230822110,23,2308,230822
230822110226,太平村委会,230822110,23,2308,230822
230822205200,红丰村委会,230822205,23,2308,230822
230822205201,红城村委会,230822205,23,2308,230822
230822205202,红权村委会,230822205,23,2308,230822
230822205203,红新村委会,230822205,23,2308,230822
230822205204,前金沙村委会,230822205,23,2308,230822
230822205205,东民主村委会,230822205,23,2308,230822
230822205206,工农村委会,230822205,23,2308,230822
230822205207,治山村委会,230822205,23,2308,230822
230822205208,长征村委会,230822205,23,2308,230822
230822205209,卫东村委会,230822205,23,2308,230822
230822213200,北大村委会,230822213,23,2308,230822
230822213201,大胜村委会,230822213,23,2308,230822
230822213202,东柞村委会,230822213,23,2308,230822
230822213203,和平村委会,230822213,23,2308,230822
230822213204,梨树村委会,230822213,23,2308,230822
230822213205,南大村委会,230822213,23,2308,230822
230822213206,西大村委会,230822213,23,2308,230822
230822213207,西柞村委会,230822213,23,2308,230822
230822213208,永和村委会,230822213,23,2308,230822
230822213209,民主村委会,230822213,23,2308,230822
230822213210,红大村委会,230822213,23,2308,230822
230822213211,长兴村委会,230822213,23,2308,230822
230822213212,福山村委会,230822213,23,2308,230822
230822213213,福兴村委会,230822213,23,2308,230822
230822213214,红光村委会,230822213,23,2308,230822
230822213215,红历村委会,230822213,23,2308,230822
230822213216,红升村委会,230822213,23,2308,230822
230822213217,永久村委会,230822213,23,2308,230822
230822213218,永兴村委会,230822213,23,2308,230822
230822213219,永远村委会,230822213,23,2308,230822
230822214200,朝阳村委会,230822214,23,2308,230822
230822214201,东双龙河村委会,230822214,23,2308,230822
230822214202,双龙河村委会,230822214,23,2308,230822
230822214203,油坊村委会,230822214,23,2308,230822
230822214204,奋斗村委会,230822214,23,2308,230822
230822214205,共和村委会,230822214,23,2308,230822
230822214206,东辉村委会,230822214,23,2308,230822
230822214207,永红村委会,230822214,23,2308,230822
230822214208,明义村委会,230822214,23,2308,230822
230822214209,前合发村委会,230822214,23,2308,230822
230822214210,北合发村委会,230822214,23,2308,230822
230822214211,三合村委会,230822214,23,2308,230822
230822214212,新生村委会,230822214,23,2308,230822
230822214213,五分村委会,230822214,23,2308,230822
230822214214,永昌村委会,230822214,23,2308,230822
230822214215,清茶村委会,230822214,23,2308,230822
230822214216,团结村委会,230822214,23,2308,230822
230822214217,立新村委会,230822214,23,2308,230822
230822214218,兴旺村委会,230822214,23,2308,230822
230822215200,大八浪村委会,230822215,23,2308,230822
230822215201,大鲜村委会,230822215,23,2308,230822
230822215202,宝山村委会,230822215,23,2308,230822
230822215203,铁山村委会,230822215,23,2308,230822
230822215204,新富村委会,230822215,23,2308,230822
230822215205,检草沟村委会,230822215,23,2308,230822
230822215206,九里六村委会,230822215,23,2308,230822
230822215207,达连泡村委会,230822215,23,2308,230822
230822215208,二道沟村委会,230822215,23,2308,230822
230822215209,德荣村委会,230822215,23,2308,230822
230822215210,西太平村委会,230822215,23,2308,230822
230822215211,振兴村委会,230822215,23,2308,230822
230822215212,齐心村委会,230822215,23,2308,230822
230822215213,先锋村委会,230822215,23,2308,230822
230822215214,七一村委会,230822215,23,2308,230822
230822215215,吉兴村委会,230822215,23,2308,230822
230822215216,北太平村委会,230822215,23,2308,230822
230822215217,东安村委会,230822215,23,2308,230822
230822215218,双鸭子村委会,230822215,23,2308,230822
230822216202,东大村委会,230822216,23,2308,230822
230822216208,林发村委会,230822216,23,2308,230822
230822216216,永发村委会,230822216,23,2308,230822
230822216219,桃源村委会,230822216,23,2308,230822
230822216220,新民村委会,230822216,23,2308,230822
230822216221,五道岗村委会,230822216,23,2308,230822
230822216222,金生村委会,230822216,23,2308,230822
230822216223,福安村委会,230822216,23,2308,230822
230822216224,复兴村委会,230822216,23,2308,230822
230822216225,兴中村委会,230822216,23,2308,230822
230822216226,大木岗村委会,230822216,23,2308,230822
230822216227,东升村委会,230822216,23,2308,230822
230822216228,丰林村委会,230822216,23,2308,230822
230822216229,复胜村委会,230822216,23,2308,230822
230822400001,东林社区居委会,230822400,23,2308,230822
230822400002,中心社区居委会,230822400,23,2308,230822
230822400003,西林社区居委会,230822400,23,2308,230822
230822400004,福溪社区居委会,230822400,23,2308,230822
230822400005,大肚川社区居委会,230822400,23,2308,230822
230822400006,长青社区居委会,230822400,23,2308,230822
230822400007,红光社区居委会,230822400,23,2308,230822
230822480498,工业园区虚拟社区,230822480,23,2308,230822
230822500001,曙光第一社区居委会,230822500,23,2308,230822
230822500002,曙光第二社区居委会,230822500,23,2308,230822
230822500501,曙光农场第一管理区社区,230822500,23,2308,230822
230822500502,曙光农场第二管理区社区,230822500,23,2308,230822
230822500503,曙光农场第三管理区社区,230822500,23,2308,230822
230822500504,曙光农场第四管理区社区,230822500,23,2308,230822
230822500505,曙光农场第五管理区社区,230822500,23,2308,230822
230822580501,第一分场生活区,230822580,23,2308,230822
230822580502,第二分场生活区,230822580,23,2308,230822
230822580503,第三分场生活区,230822580,23,2308,230822
230822580504,第四分场生活区,230822580,23,2308,230822
230822580505,第五分场生活区,230822580,23,2308,230822
230822580506,第六分场生活区,230822580,23,2308,230822
230822580507,第七分场生活区,230822580,23,2308,230822
230826101202,解放村委会,230826101,23,2308,230826
230826101203,日升村委会,230826101,23,2308,230826
230826101204,向阳堡村委会,230826101,23,2308,230826
230826101205,合乡村委会,230826101,23,2308,230826
230826101206,西朝阳村委会,230826101,23,2308,230826
230826101207,葡萄沟村委会,230826101,23,2308,230826
230826101208,东朝阳村委会,230826101,23,2308,230826
230826101211,万宝村委会,230826101,23,2308,230826
230826101214,国兴村委会,230826101,23,2308,230826
230826101215,申家店村委会,230826101,23,2308,230826
230826101500,横头河子种畜场生活区,230826101,23,2308,230826
230826101501,横头山良种场生活区,230826101,23,2308,230826
230826101502,横头山林场生活区,230826101,23,2308,230826
230826101503,老平岗林场生活区,230826101,23,2308,230826
230826103200,苏家店村委会,230826103,23,2308,230826
230826103201,自新村委会,230826103,23,2308,230826
230826103202,兴光村委会,230826103,23,2308,230826
230826103203,新胜村委会,230826103,23,2308,230826
230826103204,朱家村委会,230826103,23,2308,230826
230826103205,八家子村委会,230826103,23,2308,230826
230826103206,北山村委会,230826103,23,2308,230826
230826103207,中安村委会,230826103,23,2308,230826
230826103208,集贤村委会,230826103,23,2308,230826
230826103209,团结村委会,230826103,23,2308,230826
230826103210,桦树川村委会,230826103,23,2308,230826
230826104001,长新居委会,230826104,23,2308,230826
230826104002,荣安居委会,230826104,23,2308,230826
230826104003,建民居委会,230826104,23,2308,230826
230826104004,团结居委会,230826104,23,2308,230826
230826104200,悦东村委会,230826104,23,2308,230826
230826104201,悦江村委会,230826104,23,2308,230826
230826104202,敬夫村委会,230826104,23,2308,230826
230826104203,冷云村委会,230826104,23,2308,230826
230826104204,悦胜村委会,230826104,23,2308,230826
230826104205,悦强村委会,230826104,23,2308,230826
230826104208,万里河村委会,230826104,23,2308,230826
230826104209,孟家岗村委会,230826104,23,2308,230826
230826104210,马库力村委会,230826104,23,2308,230826
230826104211,腰林子村委会,230826104,23,2308,230826
230826104212,双兴村委会,230826104,23,2308,230826
230826104213,桦树村委会,230826104,23,2308,230826
230826104214,万升村委会,230826104,23,2308,230826
230826104215,中和村委会,230826104,23,2308,230826
230826104217,苏苏村委会,230826104,23,2308,230826
230826104218,东兴村委会,230826104,23,2308,230826
230826104219,汶澄村委会,230826104,23,2308,230826
230826104400,花园居委会,230826104,23,2308,230826
230826104401,水木年华居委会,230826104,23,2308,230826
230826104402,华兴居委会,230826104,23,2308,230826
230826104403,阳光居委会,230826104,23,2308,230826
230826104404,悦绣居委会,230826104,23,2308,230826
230826104405,学府居委会,230826104,23,2308,230826
230826105200,爱国村委会,230826105,23,2308,230826
230826105201,永红村委会,230826105,23,2308,230826
230826105202,四合村委会,230826105,23,2308,230826
230826105204,彻胜村委会,230826105,23,2308,230826
230826105205,仁发村委会,230826105,23,2308,230826
230826105206,前进村委会,230826105,23,2308,230826
230826105207,新华村委会,230826105,23,2308,230826
230826105208,玉丰村委会,230826105,23,2308,230826
230826105209,同力村委会,230826105,23,2308,230826
230826105210,古城村委会,230826105,23,2308,230826
230826105212,宏伟村委会,230826105,23,2308,230826
230826105213,协胜村委会,230826105,23,2308,230826
230826105214,东宝山村委会,230826105,23,2308,230826
230826105215,西宝山村委会,230826105,23,2308,230826
230826105217,七星村委会,230826105,23,2308,230826
230826105218,中伏村委会,230826105,23,2308,230826
230826105219,乌龙村委会,230826105,23,2308,230826
230826105220,中胜村委会,230826105,23,2308,230826
230826105221,东方村委会,230826105,23,2308,230826
230826106200,会龙村委会,230826106,23,2308,230826
230826106201,朝阳村委会,230826106,23,2308,230826
230826106202,红星村委会,230826106,23,2308,230826
230826106203,宝山村委会,230826106,23,2308,230826
230826106204,德庆村委会,230826106,23,2308,230826
230826106205,东华村委会,230826106,23,2308,230826
230826106206,永胜村委会,230826106,23,2308,230826
230826106207,文化村委会,230826106,23,2308,230826
230826106208,四马架村委会,230826106,23,2308,230826
230826106209,六合村委会,230826106,23,2308,230826
230826106210,光复村委会,230826106,23,2308,230826
230826106211,长胜村委会,230826106,23,2308,230826
230826106212,同乐村委会,230826106,23,2308,230826
230826106213,山湾村委会,230826106,23,2308,230826
230826106214,新兴村委会,230826106,23,2308,230826
230826106215,民乐村委会,230826106,23,2308,230826
230826106216,仁合村委会,230826106,23,2308,230826
230826201200,九阳村委会,230826201,23,2308,230826
230826201201,兴安村委会,230826201,23,2308,230826
230826201202,东方红村委会,230826201,23,2308,230826
230826201204,东升村委会,230826201,23,2308,230826
230826201205,东宏村委会,230826201,23,2308,230826
230826201206,东河村委会,230826201,23,2308,230826
230826201209,兴国村委会,230826201,23,2308,230826
230826201500,东方红种牛场生活区,230826201,23,2308,230826
230826201501,东方红良种场生活区,230826201,23,2308,230826
230826202200,南林村委会,230826202,23,2308,230826
230826202203,东兴村委会,230826202,23,2308,230826
230826202205,梨树村委会,230826202,23,2308,230826
230826202206,繁荣村委会,230826202,23,2308,230826
230826202207,东岗村委会,230826202,23,2308,230826
230826202208,昌盛村委会,230826202,23,2308,230826
230826202209,东林村委会,230826202,23,2308,230826
230826202210,黎明村委会,230826202,23,2308,230826
230826205200,堆丰里村委会,230826205,23,2308,230826
230826205201,中山村委会,230826205,23,2308,230826
230826205202,西冯村委会,230826205,23,2308,230826
230826205203,拉拉街村委会,230826205,23,2308,230826
230826205204,谷大村委会,230826205,23,2308,230826
230826205205,丰年村委会,230826205,23,2308,230826
230826205206,新发村委会,230826205,23,2308,230826
230826205207,宏图村委会,230826205,23,2308,230826
230826205208,西大村委会,230826205,23,2308,230826
230826205209,小堆峰村委会,230826205,23,2308,230826
230826207200,中星村委会,230826207,23,2308,230826
230826207201,燎原村委会,230826207,23,2308,230826
230826207202,星火村委会,230826207,23,2308,230826
230826207203,红光村委会,230826207,23,2308,230826
230826207204,星光村委会,230826207,23,2308,230826
230826207205,燎新村委会,230826207,23,2308,230826
230826500402,江川场直社区,230826500,23,2308,230826
230826500501,江川农场第一管理区,230826500,23,2308,230826
230826500502,江川农场第二管理区,230826500,23,2308,230826
230826500503,江川农场第三管理区,230826500,23,2308,230826
230826500504,江川农场第四管理区,230826500,23,2308,230826
230826500505,江川农场第五管理区,230826500,23,2308,230826
230826500506,江川农场第六管理区,230826500,23,2308,230826
230826501401,场直第一社区,230826501,23,2308,230826
230826501402,场直第二社区,230826501,23,2308,230826
230828101001,先锋社区,230828101,23,2308,230828
230828101002,兴旺社区,230828101,23,2308,230828
230828101201,香兰村委会,230828101,23,2308,230828
230828101202,红星村委会,230828101,23,2308,230828
230828101205,庆丰村委会,230828101,23,2308,230828
230828101206,双河村委会,230828101,23,2308,230828
230828101207,陶家村委会,230828101,23,2308,230828
230828101208,永久村委会,230828101,23,2308,230828
230828101209,红胜村委会,230828101,23,2308,230828
230828101211,大兴村委会,230828101,23,2308,230828
230828101212,大屯村委会,230828101,23,2308,230828
230828101214,大有村委会,230828101,23,2308,230828
230828101215,新立村委会,230828101,23,2308,230828
230828101216,兴安村委会,230828101,23,2308,230828
230828101217,曾波村委会,230828101,23,2308,230828
230828101218,共和村委会,230828101,23,2308,230828
230828101219,保安村委会,230828101,23,2308,230828
230828101221,双全村委会,230828101,23,2308,230828
230828101223,木良村委会,230828101,23,2308,230828
230828101224,新建村委会,230828101,23,2308,230828
230828101225,庆东村委会,230828101,23,2308,230828
230828101504,汤原木良林场生活区,230828101,23,2308,230828
230828101510,香兰水稻良种场生活区,230828101,23,2308,230828
230828102201,东鲜村委会,230828102,23,2308,230828
230828102203,新安村委会,230828102,23,2308,230828
230828102205,忠诚村委会,230828102,23,2308,230828
230828102206,和平村委会,230828102,23,2308,230828
230828102207,团结村委会,230828102,23,2308,230828
230828102208,继东村委会,230828102,23,2308,230828
230828102210,建平村委会,230828102,23,2308,230828
230828102212,太平村委会,230828102,23,2308,230828
230828102214,强盛村委会,230828102,23,2308,230828
230828102216,民盛村委会,230828102,23,2308,230828
230828102218,北盛村委会,230828102,23,2308,230828
230828103001,竹兴社区,230828103,23,2308,230828
230828103201,茨梅村委会,230828103,23,2308,230828
230828103202,新发村委会,230828103,23,2308,230828
230828103203,民主村委会,230828103,23,2308,230828
230828103208,兴顺村委会,230828103,23,2308,230828
230828103211,保全村委会,230828103,23,2308,230828
230828103213,永全村委会,230828103,23,2308,230828
230828103214,吉利村委会,230828103,23,2308,230828
230828103215,龙江村委会,230828103,23,2308,230828
230828103216,兰田村委会,230828103,23,2308,230828
230828103217,竹帘村委会,230828103,23,2308,230828
230828104001,永胜社区,230828104,23,2308,230828
230828104002,建设社区,230828104,23,2308,230828
230828104003,振兴社区,230828104,23,2308,230828
230828104004,中华社区,230828104,23,2308,230828
230828104005,环城社区,230828104,23,2308,230828
230828104006,友谊社区,230828104,23,2308,230828
230828104008,哈肇社区,230828104,23,2308,230828
230828104009,林业社区,230828104,23,2308,230828
230828104010,华胜社区,230828104,23,2308,230828
230828104201,得胜村委会,230828104,23,2308,230828
230828104204,兴华村委会,230828104,23,2308,230828
230828104205,西凤鸣村委会,230828104,23,2308,230828
230828104207,东凤鸣村委会,230828104,23,2308,230828
230828104209,东庆升村委会,230828104,23,2308,230828
230828104210,东江村委会,230828104,23,2308,230828
230828104211,向阳村委会,230828104,23,2308,230828
230828104212,东大桥村委会,230828104,23,2308,230828
230828104213,北靠山村委会,230828104,23,2308,230828
230828104214,正阳村委会,230828104,23,2308,230828
230828104215,福民村委会,230828104,23,2308,230828
230828104216,合作村委会,230828104,23,2308,230828
230828104217,石场村委会,230828104,23,2308,230828
230828104218,长青村委会,230828104,23,2308,230828
230828104219,南向阳村委会,230828104,23,2308,230828
230828104220,新胜村委会,230828104,23,2308,230828
230828104221,红民村委会,230828104,23,2308,230828
230828104222,宝山村委会,230828104,23,2308,230828
230828104223,宝和村委会,230828104,23,2308,230828
230828104224,解放村委会,230828104,23,2308,230828
230828104225,西大桥村委会,230828104,23,2308,230828
230828104226,北向阳村委会,230828104,23,2308,230828
230828104227,仙马村委会,230828104,23,2308,230828
230828104501,汤原县石场沟林场生活区,230828104,23,2308,230828
230828104507,汤原正阳林场生活区,230828104,23,2308,230828
230828104514,汤原县种猪场生活区,230828104,23,2308,230828
230828201201,金星村委会,230828201,23,2308,230828
230828201202,红旗村委会,230828201,23,2308,230828
230828201203,太阳村委会,230828201,23,2308,230828
230828201204,东光村委会,230828201,23,2308,230828
230828201205,东升村委会,230828201,23,2308,230828
230828201206,曙光村委会,230828201,23,2308,230828
230828201207,红光村委会,230828201,23,2308,230828
230828201208,五星村委会,230828201,23,2308,230828
230828201209,金光村委会,230828201,23,2308,230828
230828201211,裕红村委会,230828201,23,2308,230828
230828201212,星光村委会,230828201,23,2308,230828
230828201213,火星村委会,230828201,23,2308,230828
230828201217,民生村委会,230828201,23,2308,230828
230828201218,永远村委会,230828201,23,2308,230828
230828203201,胜利村委会,230828203,23,2308,230828
230828203202,合力村委会,230828203,23,2308,230828
230828203203,伏胜村委会,230828203,23,2308,230828
230828203204,伏安村委会,230828203,23,2308,230828
230828203205,伏兴村委会,230828203,23,2308,230828
230828203207,福隆村委会,230828203,23,2308,230828
230828203208,连胜村委会,230828203,23,2308,230828
230828203210,荣丰村委会,230828203,23,2308,230828
230828203211,阳光村委会,230828203,23,2308,230828
230828203213,吉城村委会,230828203,23,2308,230828
230828203214,居德村委会,230828203,23,2308,230828
230828203215,新丰村委会,230828203,23,2308,230828
230828203512,荣丰鱼种场生活区,230828203,23,2308,230828
230828208201,吉祥村委会,230828208,23,2308,230828
230828208202,华胜村委会,230828208,23,2308,230828
230828208204,保祥村委会,230828208,23,2308,230828
230828208205,保安村委会,230828208,23,2308,230828
230828208210,华丰村委会,230828208,23,2308,230828
230828208212,双丰村委会,230828208,23,2308,230828
230828208213,守望村委会,230828208,23,2308,230828
230828208214,互助村委会,230828208,23,2308,230828
230828208218,德祥村委会,230828208,23,2308,230828
230828208219,黄花村委会,230828208,23,2308,230828
230828208220,丰祥村委会,230828208,23,2308,230828
230828209201,振兴村委会,230828209,23,2308,230828
230828209204,兴化村委会,230828209,23,2308,230828
230828209205,古城村委会,230828209,23,2308,230828
230828209208,平原村委会,230828209,23,2308,230828
230828209209,民主村委会,230828209,23,2308,230828
230828209210,双兴村委会,230828209,23,2308,230828
230828209211,振江村委会,230828209,23,2308,230828
230828209212,振丰村委会,230828209,23,2308,230828
230828209213,丰兴村委会,230828209,23,2308,230828
230828210200,黑金河村委会,230828210,23,2308,230828
230828210201,太华村委会,230828210,23,2308,230828
230828210204,太安村委会,230828210,23,2308,230828
230828210206,开发村委会,230828210,23,2308,230828
230828210208,庆兴村委会,230828210,23,2308,230828
230828210209,北兴村委会,230828210,23,2308,230828
230828210210,兴隆村委会,230828210,23,2308,230828
230828210212,旭日村委会,230828210,23,2308,230828
230828210213,金川村委会,230828210,23,2308,230828
230828210214,义兴村委会,230828210,23,2308,230828
230828210215,荣春村委会,230828210,23,2308,230828
230828210216,江兴村委会,230828210,23,2308,230828
230828210217,卫星村委会,230828210,23,2308,230828
230828210218,新兴村委会,230828210,23,2308,230828
230828210219,竹青村委会,230828210,23,2308,230828
230828210502,汤原县亮子河林场生活区,230828210,23,2308,230828
230828210503,汤原县黑金河林场生活区,230828210,23,2308,230828
230828210505,汤原团结林场生活区,230828210,23,2308,230828
230828210506,汤原腰营林场生活区,230828210,23,2308,230828
230828210508,汤原东风林场生活区,230828210,23,2308,230828
230828210511,果树示范场生活区,230828210,23,2308,230828
230828211202,红丰村委会,230828211,23,2308,230828
230828211203,红庆村委会,230828211,23,2308,230828
230828211204,红泉村委会,230828211,23,2308,230828
230828211205,红卫村委会,230828211,23,2308,230828
230828211207,永发村委会,230828211,23,2308,230828
230828211211,河发村委会,230828211,23,2308,230828
230828211212,跃进村委会,230828211,23,2308,230828
230828211213,裕德村委会,230828211,23,2308,230828
230828211214,加兴村委会,230828211,23,2308,230828
230828211215,前进村委会,230828211,23,2308,230828
230828211216,北华村委会,230828211,23,2308,230828
230828211217,裕新村委会,230828211,23,2308,230828
230828211218,宏图村委会,230828211,23,2308,230828
230828211219,朝阳村委会,230828211,23,2308,230828
230828211220,南华村委会,230828211,23,2308,230828
230828211509,国营良种场生活区,230828211,23,2308,230828
230828211513,国营汤原县种畜场生活区,230828211,23,2308,230828
230828400401,鹤立林业局山下第一社区,230828400,23,2308,230828
230828400402,鹤立林业局山下第二社区,230828400,23,2308,230828
230828400403,经营所社区,230828400,23,2308,230828
230828480400,狱直社区,230828480,23,2308,230828
230828480500,监区大队生活区,230828480,23,2308,230828
230828500402,汤原场直社区,230828500,23,2308,230828
230828500501,汤原农场祥和管理区,230828500,23,2308,230828
230828500502,汤原农场如意管理区,230828500,23,2308,230828
230828500504,汤原农场安康管理区,230828500,23,2308,230828
230828501402,梧桐河场直社区,230828501,23,2308,230828
230828501501,梧桐河农场梧华管理区,230828501,23,2308,230828
230828501502,梧桐河农场丽水管理区,230828501,23,2308,230828
230828501503,梧桐河农场松东管理区,230828501,23,2308,230828
230828501504,梧桐河农场老亮台管理区,230828501,23,2308,230828
230828501505,梧桐河农场兴杉管理区,230828501,23,2308,230828
230828501507,梧桐河农场北片泡管理区,230828501,23,2308,230828
230881001001,长发社区居委会,230881001,23,2308,230881
230881001002,长安社区居委会,230881001,23,2308,230881
230881001003,东方社区居委会,230881001,23,2308,230881
230881001004,群利社区居委会,230881001,23,2308,230881
230881001010,富民社区居委会,230881001,23,2308,230881
230881002001,文采社区居委会,230881002,23,2308,230881
230881002002,繁华社区居委会,230881002,23,2308,230881
230881002003,和平社区居委会,230881002,23,2308,230881
230881002004,兴旺社区居委会,230881002,23,2308,230881
230881002005,永庆社区居委会,230881002,23,2308,230881
230881100200,新光村委会,230881100,23,2308,230881
230881100201,新发村委会,230881100,23,2308,230881
230881100202,永胜村委会,230881100,23,2308,230881
230881100203,胜利村委会,230881100,23,2308,230881
230881100204,新街村委会,230881100,23,2308,230881
230881100205,新乐村委会,230881100,23,2308,230881
230881100206,新中村委会,230881100,23,2308,230881
230881101200,乐业村委会,230881101,23,2308,230881
230881101201,东风村委会,230881101,23,2308,230881
230881101202,庆明村委会,230881101,23,2308,230881
230881101203,安卫村委会,230881101,23,2308,230881
230881101204,一庄村委会,230881101,23,2308,230881
230881101205,团发村委会,230881101,23,2308,230881
230881101206,前锋村委会,230881101,23,2308,230881
230881101207,曙平村委会,230881101,23,2308,230881
230881101208,东方红村委会,230881101,23,2308,230881
230881101209,青年庄村委会,230881101,23,2308,230881
230881101210,东胜村委会,230881101,23,2308,230881
230881101211,同胜村委会,230881101,23,2308,230881
230881101212,盛昌村委会,230881101,23,2308,230881
230881102200,头村委会,230881102,23,2308,230881
230881102201,二村委会,230881102,23,2308,230881
230881102202,三村委会,230881102,23,2308,230881
230881102203,四村委会,230881102,23,2308,230881
230881102204,红卫村委会,230881102,23,2308,230881
230881102205,新富村委会,230881102,23,2308,230881
230881102206,庆安村委会,230881102,23,2308,230881
230881102207,拉起河村委会,230881102,23,2308,230881
230881102208,华星村委会,230881102,23,2308,230881
230881102209,红建村委会,230881102,23,2308,230881
230881103200,临江村委会,230881103,23,2308,230881
230881103201,富江村委会,230881103,23,2308,230881
230881103202,富强村委会,230881103,23,2308,230881
230881103203,富有村委会,230881103,23,2308,230881
230881103204,富国村委会,230881103,23,2308,230881
230881103205,富民村委会,230881103,23,2308,230881
230881103206,富裕村委会,230881103,23,2308,230881
230881103207,富川村委会,230881103,23,2308,230881
230881103208,合兴村委会,230881103,23,2308,230881
230881103209,春华村委会,230881103,23,2308,230881
230881104200,向阳村委会,230881104,23,2308,230881
230881104201,奋斗村委会,230881104,23,2308,230881
230881104202,红旗村委会,230881104,23,2308,230881
230881104203,朝阳村委会,230881104,23,2308,230881
230881104204,东升村委会,230881104,23,2308,230881
230881104205,燎原村委会,230881104,23,2308,230881
230881104206,新兴村委会,230881104,23,2308,230881
230881104207,同富村委会,230881104,23,2308,230881
230881104208,同兴村委会,230881104,23,2308,230881
230881104209,黎明村委会,230881104,23,2308,230881
230881105200,东宏村委会,230881105,23,2308,230881
230881105201,红星村委会,230881105,23,2308,230881
230881105202,东明村委会,230881105,23,2308,230881
230881105203,东强村委会,230881105,23,2308,230881
230881105204,东平村委会,230881105,23,2308,230881
230881105205,东原村委会,230881105,23,2308,230881
230881105206,东利村委会,230881105,23,2308,230881
230881105207,东阳村委会,230881105,23,2308,230881
230881105208,永利村委会,230881105,23,2308,230881
230881105209,永丰村委会,230881105,23,2308,230881
230881105210,永恒村委会,230881105,23,2308,230881
230881105211,永存村委会,230881105,23,2308,230881
230881105212,永祥村委会,230881105,23,2308,230881
230881105213,永安村委会,230881105,23,2308,230881
230881105214,永发村委会,230881105,23,2308,230881
230881204200,渔业村村委会,230881204,23,2308,230881
230881204201,卫明村委会,230881204,23,2308,230881
230881204202,卫国村委会,230881204,23,2308,230881
230881204203,卫华村委会,230881204,23,2308,230881
230881204204,卫星村委会,230881204,23,2308,230881
230881204205,卫垦村委会,230881204,23,2308,230881
230881205200,八岔村委会,230881205,23,2308,230881
230881205201,新胜村委会,230881205,23,2308,230881
230881205202,新颜村委会,230881205,23,2308,230881
230881205203,新强村委会,230881205,23,2308,230881
230881206200,金江村委会,230881206,23,2308,230881
230881206201,金山村委会,230881206,23,2308,230881
230881206202,金华村委会,230881206,23,2308,230881
230881206203,金河村委会,230881206,23,2308,230881
230881206204,金珠村委会,230881206,23,2308,230881
230881207200,银川村委会,230881207,23,2308,230881
230881207201,新民村委会,230881207,23,2308,230881
230881207202,兴隆村委会,230881207,23,2308,230881
230881207203,银河村委会,230881207,23,2308,230881
230881207204,永华村委会,230881207,23,2308,230881
230881400598,街津口林场虚拟生活区,230881400,23,2308,230881
230881401598,鸭北林场虚拟生活区,230881401,23,2308,230881
230881500401,勤得利第一居委会,230881500,23,2308,230881
230881500402,勤得利第二居委会,230881500,23,2308,230881
230881500403,勤得利第三居委会,230881500,23,2308,230881
230881500404,勤得利第四居委会,230881500,23,2308,230881
230881500405,勤得利第五居委会,230881500,23,2308,230881
230881500406,勤得利第六居委会,230881500,23,2308,230881
230881500407,勤得利第七居委会,230881500,23,2308,230881
230881500501,勤得利农场第一管理区,230881500,23,2308,230881
230881500502,勤得利农场第二管理区,230881500,23,2308,230881
230881500503,勤得利农场第三管理区,230881500,23,2308,230881
230881500504,勤得利农场第四管理区,230881500,23,2308,230881
230881500505,勤得利农场第五管理区,230881500,23,2308,230881
230881500506,勤得利农场第六管理区,230881500,23,2308,230881
230881500507,勤得利农场第七管理区,230881500,23,2308,230881
230881500508,勤得利农场第八管理区,230881500,23,2308,230881
230881500509,勤得利农场第九管理区,230881500,23,2308,230881
230881500510,勤得利农场第十管理区,230881500,23,2308,230881
230881500511,勤得利农场第十一管理区,230881500,23,2308,230881
230881501401,青龙山第一居委会,230881501,23,2308,230881
230881501402,青龙山第二居委会,230881501,23,2308,230881
230881501403,青龙山第三居委会,230881501,23,2308,230881
230881501404,青龙山第四居委会,230881501,23,2308,230881
230881501501,青龙山农场第一管理区,230881501,23,2308,230881
230881501502,青龙山农场第二管理区,230881501,23,2308,230881
230881501503,青龙山农场第三管理区,230881501,23,2308,230881
230881501504,青龙山农场第四管理区,230881501,23,2308,230881
230881501505,青龙山农场第五管理区,230881501,23,2308,230881
230881501506,青龙山农场第六管理区,230881501,23,2308,230881
230881501507,青龙山农场第七管理区,230881501,23,2308,230881
230881501508,青龙山农场第八管理区,230881501,23,2308,230881
230881501509,青龙山农场第九管理区,230881501,23,2308,230881
230881501510,青龙山农场第十管理区,230881501,23,2308,230881
230881502401,前进第一居委会,230881502,23,2308,230881
230881502402,前进第二居委会,230881502,23,2308,230881
230881502403,前进第三居委会,230881502,23,2308,230881
230881502404,前进第四居委会,230881502,23,2308,230881
230881502405,前进第五居委会,230881502,23,2308,230881
230881502406,前进第六居委会,230881502,23,2308,230881
230881502501,前进农场第一管理区,230881502,23,2308,230881
230881502502,前进农场第二管理区,230881502,23,2308,230881
230881502503,前进农场第三管理区,230881502,23,2308,230881
230881502504,前进农场第四管理区,230881502,23,2308,230881
230881502505,前进农场第五管理区,230881502,23,2308,230881
230881502506,前进农场第六管理区,230881502,23,2308,230881
230881502507,前进农场第七管理区,230881502,23,2308,230881
230881502508,前进农场第八管理区,230881502,23,2308,230881
230881502509,前进农场第九管理区,230881502,23,2308,230881
230881502510,前进农场第十管理区,230881502,23,2308,230881
230881502511,前进农场第十一管理区,230881502,23,2308,230881
230881502512,前进农场第十二管理区,230881502,23,2308,230881
230881503401,洪河第一居委会,230881503,23,2308,230881
230881503402,洪河第二居委会,230881503,23,2308,230881
230881503403,洪河第三居委会,230881503,23,2308,230881
230881503501,洪河农场第一管理区,230881503,23,2308,230881
230881503502,洪河农场第二管理区,230881503,23,2308,230881
230881503503,洪河农场第三管理区,230881503,23,2308,230881
230881503504,洪河农场第四管理区,230881503,23,2308,230881
230881503505,洪河农场第五管理区,230881503,23,2308,230881
230881503506,洪河农场第六管理区,230881503,23,2308,230881
230881503507,洪河农场第七管理区,230881503,23,2308,230881
230881503508,洪河农场第八管理区,230881503,23,2308,230881
230881503509,洪河农场第九管理区,230881503,23,2308,230881
230881504401,鸭绿河第一居委会,230881504,23,2308,230881
230881504402,鸭绿河第二居委会,230881504,23,2308,230881
230881504501,鸭绿河农场第一管理区,230881504,23,2308,230881
230881504502,鸭绿河农场第二管理区,230881504,23,2308,230881
230881504503,鸭绿河农场第三管理区,230881504,23,2308,230881
230881504504,鸭绿河农场第四管理区,230881504,23,2308,230881
230881504505,鸭绿河农场第五管理区,230881504,23,2308,230881
230881504506,鸭绿河农场第六管理区,230881504,23,2308,230881
230881505401,浓江第一居委会,230881505,23,2308,230881
230881505402,浓江第二居委会,230881505,23,2308,230881
230881505403,浓江第三居委会,230881505,23,2308,230881
230881505501,浓江农场第一管理区,230881505,23,2308,230881
230881505502,浓江农场第二管理区,230881505,23,2308,230881
230881505503,浓江农场第三管理区,230881505,23,2308,230881
230881505504,浓江农场第四管理区,230881505,23,2308,230881
230881505505,浓江农场第五管理区,230881505,23,2308,230881
230881505506,浓江农场第六管理区,230881505,23,2308,230881
230881505507,浓江农场第七管理区,230881505,23,2308,230881
230881505508,浓江农场第八管理区,230881505,23,2308,230881
230881505509,浓江农场第九管理区,230881505,23,2308,230881
230881580598,良种场虚拟生活区,230881580,23,2308,230881
230881581598,畜牧场虚拟生活区,230881581,23,2308,230881
230881582598,知青农场虚拟生活区,230881582,23,2308,230881
230882001001,福前社区第一居民委员会,230882001,23,2308,230882
230882001002,福前社区第二居民委员会,230882001,23,2308,230882
230882001003,福前社区第三居民委员会,230882001,23,2308,230882
230882001004,福前社区第四居民委员会,230882001,23,2308,230882
230882001005,东平社区第五居民委员会,230882001,23,2308,230882
230882001006,东平社区第六居民委员会,230882001,23,2308,230882
230882001007,东平社区第七居民委员会,230882001,23,2308,230882
230882001008,东平社区第八居民委员会,230882001,23,2308,230882
230882001009,南岗社区第九居民委员会,230882001,23,2308,230882
230882001010,南岗社区第十居民委员会,230882001,23,2308,230882
230882001011,南岗社区第十一居民委员会,230882001,23,2308,230882
230882001012,南岗社区第十二居民委员会,230882001,23,2308,230882
230882001013,南岗社区第十三居民委员会,230882001,23,2308,230882
230882001022,文化社区第二十二居民委员会,230882001,23,2308,230882
230882001023,文化社区第二十三居民委员会,230882001,23,2308,230882
230882001024,文化社区第二十四居民委员会,230882001,23,2308,230882
230882001025,文化社区第二十五居民委员会,230882001,23,2308,230882
230882001026,朝阳社区第二十六居民委员会,230882001,23,2308,230882
230882001027,朝阳社区第二十七居民委员会,230882001,23,2308,230882
230882001028,朝阳社区第二十八居民委员会,230882001,23,2308,230882
230882001029,朝阳社区第二十九居民委员会,230882001,23,2308,230882
230882001030,向阳社区第三十居民委员会,230882001,23,2308,230882
230882001031,向阳社区第三十一居民委员会,230882001,23,2308,230882
230882001032,向阳社区第三十二居民委员会,230882001,23,2308,230882
230882001033,向阳社区第三十三居民委员会,230882001,23,2308,230882
230882001034,向阳社区第三十四居民委员会,230882001,23,2308,230882
230882001035,繁荣社区第三十五居民委员会,230882001,23,2308,230882
230882001036,繁荣社区第三十六居民委员会,230882001,23,2308,230882
230882001037,繁荣社区第三十七居民委员会,230882001,23,2308,230882
230882001038,繁荣社区第三十八居民委员会,230882001,23,2308,230882
230882001051,向阳社区第五十一居民委员会,230882001,23,2308,230882
230882003014,民主社区第十四居民委员会,230882003,23,2308,230882
230882003015,民主社区第十五居民委员会,230882003,23,2308,230882
230882003016,民主社区第十六居民委员会,230882003,23,2308,230882
230882003017,民主社区第十七居民委员会,230882003,23,2308,230882
230882003018,民主社区第十八居民委员会,230882003,23,2308,230882
230882003019,幸福社区第十九居民委员会,230882003,23,2308,230882
230882003020,幸福社区第二十居民委员会,230882003,23,2308,230882
230882003021,幸福社区第二十一居民委员会,230882003,23,2308,230882
230882003039,临江社区第三十九居民委员会,230882003,23,2308,230882
230882003040,临江社区第四十居民委员会,230882003,23,2308,230882
230882003041,临江社区第四十一居民委员会,230882003,23,2308,230882
230882003042,临江社区第四十二居民委员会,230882003,23,2308,230882
230882003043,新开社区第四十三居民委员会,230882003,23,2308,230882
230882003044,新开社区第四十四居民委员会,230882003,23,2308,230882
230882003045,新开社区第四十五居民委员会,230882003,23,2308,230882
230882003046,西平社区第四十六居民委员会,230882003,23,2308,230882
230882003047,西平社区第四十七居民委员会,230882003,23,2308,230882
230882003048,建设社区第四十八居民委员会,230882003,23,2308,230882
230882003049,建设社区第四十九居民委员会,230882003,23,2308,230882
230882003050,建设社区第五十居民委员会,230882003,23,2308,230882
230882102201,红光村委会,230882102,23,2308,230882
230882102202,红星村委会,230882102,23,2308,230882
230882102203,锦兴村委会,230882102,23,2308,230882
230882102204,富华村委会,230882102,23,2308,230882
230882102205,东郊村委会,230882102,23,2308,230882
230882102206,西郊村委会,230882102,23,2308,230882
230882102207,临城村委会,230882102,23,2308,230882
230882102208,林场村委会,230882102,23,2308,230882
230882102209,嘎尔当村委会,230882102,23,2308,230882
230882102210,兴农村委会,230882102,23,2308,230882
230882102211,上街基村委会,230882102,23,2308,230882
230882102212,城东村委会,230882102,23,2308,230882
230882102213,一砖村村委会,230882102,23,2308,230882
230882102214,二砖村村委会,230882102,23,2308,230882
230882103201,长安村委会,230882103,23,2308,230882
230882103202,聚贤村委会,230882103,23,2308,230882
230882103203,朝阳村委会,230882103,23,2308,230882
230882103204,新华村委会,230882103,23,2308,230882
230882103205,大安村委会,230882103,23,2308,230882
230882103206,殿文村委会,230882103,23,2308,230882
230882103207,兴本村委会,230882103,23,2308,230882
230882103208,民安村委会,230882103,23,2308,230882
230882103209,新立村委会,230882103,23,2308,230882
230882103210,东北村委会,230882103,23,2308,230882
230882103211,东日新村委会,230882103,23,2308,230882
230882103212,西日新村委会,230882103,23,2308,230882
230882103213,长胜村委会,230882103,23,2308,230882
230882103214,务本村委会,230882103,23,2308,230882
230882103215,永胜村委会,230882103,23,2308,230882
230882103216,德胜村委会,230882103,23,2308,230882
230882103217,漂筏村委会,230882103,23,2308,230882
230882103218,高家村委会,230882103,23,2308,230882
230882103219,长富农场村委会,230882103,23,2308,230882
230882103220,太安村委会,230882103,23,2308,230882
230882106201,恒山村委会,230882106,23,2308,230882
230882106202,东五顶村委会,230882106,23,2308,230882
230882106203,新光村委会,230882106,23,2308,230882
230882106204,东安村委会,230882106,23,2308,230882
230882106205,永发村委会,230882106,23,2308,230882
230882106206,巨福村委会,230882106,23,2308,230882
230882106207,爱国村委会,230882106,23,2308,230882
230882106208,西五顶村委会,230882106,23,2308,230882
230882106209,联合村委会,230882106,23,2308,230882
230882106210,富山村委会,230882106,23,2308,230882
230882106211,平安村委会,230882106,23,2308,230882
230882106212,翻身村委会,230882106,23,2308,230882
230882106213,双发村委会,230882106,23,2308,230882
230882106214,砚山村委会,230882106,23,2308,230882
230882106215,东瑞村委会,230882106,23,2308,230882
230882106216,正阳村委会,230882106,23,2308,230882
230882106217,连生村委会,230882106,23,2308,230882
230882106218,保安村委会,230882106,23,2308,230882
230882106219,长兴村委会,230882106,23,2308,230882
230882106220,福祥村委会,230882106,23,2308,230882
230882107201,头林村委会,230882107,23,2308,230882
230882107202,二林村委会,230882107,23,2308,230882
230882107203,庆合村委会,230882107,23,2308,230882
230882107204,兴林村委会,230882107,23,2308,230882
230882107205,建华村委会,230882107,23,2308,230882
230882107206,结合村委会,230882107,23,2308,230882
230882107207,西林村委会,230882107,23,2308,230882
230882107208,双林村委会,230882107,23,2308,230882
230882107209,新胜村委会,230882107,23,2308,230882
230882107210,双丰村委会,230882107,23,2308,230882
230882107211,双福村委会,230882107,23,2308,230882
230882107212,东林村委会,230882107,23,2308,230882
230882107213,永丰村委会,230882107,23,2308,230882
230882107214,解放村委会,230882107,23,2308,230882
230882108201,兴隆村委会,230882108,23,2308,230882
230882108202,河西村委会,230882108,23,2308,230882
230882108203,三林村委会,230882108,23,2308,230882
230882108204,永富村委会,230882108,23,2308,230882
230882108205,宏伟村委会,230882108,23,2308,230882
230882108206,幸福村委会,230882108,23,2308,230882
230882108207,福升村委会,230882108,23,2308,230882
230882108208,前富村委会,230882108,23,2308,230882
230882108209,兴胜村委会,230882108,23,2308,230882
230882108210,兴富村委会,230882108,23,2308,230882
230882108211,高台子村委会,230882108,23,2308,230882
230882108212,新林村委会,230882108,23,2308,230882
230882108213,新风村委会,230882108,23,2308,230882
230882108214,金林村委会,230882108,23,2308,230882
230882108215,振兴村委会,230882108,23,2308,230882
230882108216,东升村委会,230882108,23,2308,230882
230882108217,东胜村委会,230882108,23,2308,230882
230882108218,东明村委会,230882108,23,2308,230882
230882108219,东福村委会,230882108,23,2308,230882
230882108220,西岗村委会,230882108,23,2308,230882
230882108221,鹿林村委会,230882108,23,2308,230882
230882108222,兴会村委会,230882108,23,2308,230882
230882108223,东悦村委会,230882108,23,2308,230882
230882109201,宏胜村委会,230882109,23,2308,230882
230882109202,兴东村委会,230882109,23,2308,230882
230882109203,兴家村委会,230882109,23,2308,230882
230882109204,宏林村委会,230882109,23,2308,230882
230882109205,北河村委会,230882109,23,2308,230882
230882109206,兴国村委会,230882109,23,2308,230882
230882109207,双山村委会,230882109,23,2308,230882
230882109208,同胜村委会,230882109,23,2308,230882
230882109209,久胜村委会,230882109,23,2308,230882
230882109210,东岗村委会,230882109,23,2308,230882
230882109211,隆胜村委会,230882109,23,2308,230882
230882109212,龙华村委会,230882109,23,2308,230882
230882109213,龙江村委会,230882109,23,2308,230882
230882109214,宏胜农场村委会,230882109,23,2308,230882
230882109215,南林村委会,230882109,23,2308,230882
230882109216,育林村委会,230882109,23,2308,230882
230882109217,红山村委会,230882109,23,2308,230882
230882109218,胜利村委会,230882109,23,2308,230882
230882109219,红旗村委会,230882109,23,2308,230882
230882109220,永平村委会,230882109,23,2308,230882
230882109221,永成村委会,230882109,23,2308,230882
230882109222,永林村委会,230882109,23,2308,230882
230882109223,永旺村委会,230882109,23,2308,230882
230882109224,明胜村委会,230882109,23,2308,230882
230882110201,向阳川村委会,230882110,23,2308,230882
230882110202,丰太村委会,230882110,23,2308,230882
230882110203,福安村委会,230882110,23,2308,230882
230882110204,大兴村委会,230882110,23,2308,230882
230882110205,后山村委会,230882110,23,2308,230882
230882110206,泰山村委会,230882110,23,2308,230882
230882110207,正兴村委会,230882110,23,2308,230882
230882110208,中和村委会,230882110,23,2308,230882
230882110209,建和村委会,230882110,23,2308,230882
230882110210,正和村委会,230882110,23,2308,230882
230882110211,龙安村委会,230882110,23,2308,230882
230882110212,东兴村委会,230882110,23,2308,230882
230882110213,东来村委会,230882110,23,2308,230882
230882110214,择林村委会,230882110,23,2308,230882
230882110215,马鞍山村委会,230882110,23,2308,230882
230882110216,前进村委会,230882110,23,2308,230882
230882110217,福泉村委会,230882110,23,2308,230882
230882110218,六合村委会,230882110,23,2308,230882
230882110219,桂仁村委会,230882110,23,2308,230882
230882110220,友谊村委会,230882110,23,2308,230882
230882110221,永太村委会,230882110,23,2308,230882
230882110222,孟家岗村委会,230882110,23,2308,230882
230882110223,永福村委会,230882110,23,2308,230882
230882110224,长春岭村委会,230882110,23,2308,230882
230882110225,徐家店村委会,230882110,23,2308,230882
230882110226,连山村委会,230882110,23,2308,230882
230882110227,安洪村委会,230882110,23,2308,230882
230882110228,宝山村委会,230882110,23,2308,230882
230882110229,太和村委会,230882110,23,2308,230882
230882110230,龙富村委会,230882110,23,2308,230882
230882110231,东新民村委会,230882110,23,2308,230882
230882110232,福庆村委会,230882110,23,2308,230882
230882111201,龙山村委会,230882111,23,2308,230882
230882111202,三胜村委会,230882111,23,2308,230882
230882111203,靠山村委会,230882111,23,2308,230882
230882111204,西凤阳村委会,230882111,23,2308,230882
230882111205,东凤阳村委会,230882111,23,2308,230882
230882111206,北山村委会,230882111,23,2308,230882
230882111207,康庄村委会,230882111,23,2308,230882
230882111208,龙阳村委会,230882111,23,2308,230882
230882111209,集民村委会,230882111,23,2308,230882
230882111210,永乐村委会,230882111,23,2308,230882
230882111211,庆平村委会,230882111,23,2308,230882
230882111212,新兴村委会,230882111,23,2308,230882
230882111213,太东村委会,230882111,23,2308,230882
230882111214,向前村委会,230882111,23,2308,230882
230882111215,春光村委会,230882111,23,2308,230882
230882111216,长发村委会,230882111,23,2308,230882
230882111217,永善村委会,230882111,23,2308,230882
230882111218,德林村委会,230882111,23,2308,230882
230882111219,双合村委会,230882111,23,2308,230882
230882111220,新安村委会,230882111,23,2308,230882
230882111221,莲花村委会,230882111,23,2308,230882
230882111222,共荣村委会,230882111,23,2308,230882
230882111223,永佳村委会,230882111,23,2308,230882
230882111224,新富村委会,230882111,23,2308,230882
230882111225,吉良村委会,230882111,23,2308,230882
230882111226,北地界村委会,230882111,23,2308,230882
230882111227,新卫村委会,230882111,23,2308,230882
230882111228,新龙村委会,230882111,23,2308,230882
230882111229,新宏村委会,230882111,23,2308,230882
230882111230,新民村委会,230882111,23,2308,230882
230882111231,新合村委会,230882111,23,2308,230882
230882111232,新桥村委会,230882111,23,2308,230882
230882112201,西安村委会,230882112,23,2308,230882
230882112202,诚信村委会,230882112,23,2308,230882
230882112203,宋店村委会,230882112,23,2308,230882
230882112204,林河村委会,230882112,23,2308,230882
230882112205,治安村委会,230882112,23,2308,230882
230882112206,福民村委会,230882112,23,2308,230882
230882112207,东立村委会,230882112,23,2308,230882
230882112208,永升村委会,230882112,23,2308,230882
230882112209,德福村委会,230882112,23,2308,230882
230882112210,万发村委会,230882112,23,2308,230882
230882112211,德安村委会,230882112,23,2308,230882
230882112212,振永村委会,230882112,23,2308,230882
230882112213,万宝村委会,230882112,23,2308,230882
230882112214,宏甸村委会,230882112,23,2308,230882
230882112215,和悦陆村委会,230882112,23,2308,230882
230882112216,鲜丰村委会,230882112,23,2308,230882
230882112217,清化村委会,230882112,23,2308,230882
230882112218,万有村委会,230882112,23,2308,230882
230882112219,三合村委会,230882112,23,2308,230882
230882112220,西福山村委会,230882112,23,2308,230882
230882112221,西富乡村委会,230882112,23,2308,230882
230882112222,东富乡村委会,230882112,23,2308,230882
230882112223,合发村委会,230882112,23,2308,230882
230882112224,四合村委会,230882112,23,2308,230882
230882112225,大户村委会,230882112,23,2308,230882
230882112226,明朗村委会,230882112,23,2308,230882
230882112227,希贤村委会,230882112,23,2308,230882
230882112228,天安村委会,230882112,23,2308,230882
230882112229,忠胜村委会,230882112,23,2308,230882
230882112230,大屯村委会,230882112,23,2308,230882
230882113201,锦山村委会,230882113,23,2308,230882
230882113202,南化村委会,230882113,23,2308,230882
230882113203,仁义村委会,230882113,23,2308,230882
230882113204,后贾村委会,230882113,23,2308,230882
230882113205,山北村委会,230882113,23,2308,230882
230882113206,王贵村委会,230882113,23,2308,230882
230882113207,德祥村委会,230882113,23,2308,230882
230882113208,永庆村委会,230882113,23,2308,230882
230882113209,重兴村委会,230882113,23,2308,230882
230882113210,二砖村委会,230882113,23,2308,230882
230882113211,黑鱼泡村委会,230882113,23,2308,230882
230882113212,富廷村委会,230882113,23,2308,230882
230882113213,近山村委会,230882113,23,2308,230882
230882113214,永阳村委会,230882113,23,2308,230882
230882113215,仁和村委会,230882113,23,2308,230882
230882113216,民利村委会,230882113,23,2308,230882
230882113217,兴利村委会,230882113,23,2308,230882
230882113218,跃进村委会,230882113,23,2308,230882
230882113219,二道村委会,230882113,23,2308,230882
230882113220,继承村委会,230882113,23,2308,230882
230882113221,信安村委会,230882113,23,2308,230882
230882113222,世一村委会,230882113,23,2308,230882
230882113223,建设村委会,230882113,23,2308,230882
230882113224,富国村委会,230882113,23,2308,230882
230882113225,强盛村委会,230882113,23,2308,230882
230882113226,公安村委会,230882113,23,2308,230882
230882114201,大榆树村委会,230882114,23,2308,230882
230882114202,腰中村委会,230882114,23,2308,230882
230882114203,邵店村委会,230882114,23,2308,230882
230882114204,福合村委会,230882114,23,2308,230882
230882114205,拾房村委会,230882114,23,2308,230882
230882114206,保林村委会,230882114,23,2308,230882
230882114207,庆胜村委会,230882114,23,2308,230882
230882114208,兴达村委会,230882114,23,2308,230882
230882114209,健康村委会,230882114,23,2308,230882
230882114210,福来村委会,230882114,23,2308,230882
230882114211,华胜村委会,230882114,23,2308,230882
230882114212,长发岗村委会,230882114,23,2308,230882
230882114213,富民村委会,230882114,23,2308,230882
230882114214,沙岗村委会,230882114,23,2308,230882
230882114215,富士村委会,230882114,23,2308,230882
230882114216,永东村委会,230882114,23,2308,230882
230882114217,富林村委会,230882114,23,2308,230882
230882114218,富海村委会,230882114,23,2308,230882
230882114219,富珍村委会,230882114,23,2308,230882
230882114220,正东村委会,230882114,23,2308,230882
230882114221,福胜村委会,230882114,23,2308,230882
230882114222,七桥村委会,230882114,23,2308,230882
230882114223,新旭村委会,230882114,23,2308,230882
230882114224,隆川村委会,230882114,23,2308,230882
230882114225,隆兴村委会,230882114,23,2308,230882
230882114226,盛田村委会,230882114,23,2308,230882
230882114227,安山村委会,230882114,23,2308,230882
230882114228,金山村委会,230882114,23,2308,230882
230882114229,茂盛村委会,230882114,23,2308,230882
230882114230,吉祥村委会,230882114,23,2308,230882
230882114231,仁安村委会,230882114,23,2308,230882
230882114232,海沟村委会,230882114,23,2308,230882
230882114233,太平村委会,230882114,23,2308,230882
230882114234,向阳村委会,230882114,23,2308,230882
230882400598,石砬山林场虚拟生活区,230882400,23,2308,230882
230882401598,东风岗林场虚拟生活区,230882401,23,2308,230882
230882402598,太东林场虚拟生活区,230882402,23,2308,230882
230882403598,工农林场虚拟生活区,230882403,23,2308,230882
230882404598,富锦市国营原种场虚拟生活区,230882404,23,2308,230882
230882405598,富锦市国营果树示范场虚拟生活区,230882405,23,2308,230882
230882406598,富锦市科研所虚拟生活区,230882406,23,2308,230882
230882407498,工业园区虚拟社区,230882407,23,2308,230882
230882500401,建三江管理局街道胜利社区,230882500,23,2308,230882
230882500402,建三江管理局街道欣园社区,230882500,23,2308,230882
230882500403,建三江管理局街道中央大街社区,230882500,23,2308,230882
230882500404,建三江管理局街道怡园社区,230882500,23,2308,230882
230882500405,建三江管理局街道鑫泽社区,230882500,23,2308,230882
230882500406,建三江管理局街道市场街社区,230882500,23,2308,230882
230882500407,建三江管理局街道星河社区,230882500,23,2308,230882
230882500408,建三江管理局街道学苑街社区,230882500,23,2308,230882
230882500409,建三江管理局街道宜和社区,230882500,23,2308,230882
230882500410,建三江管理局街道铁南社区,230882500,23,2308,230882
230882501403,黑龙江省七星街道办事处第一居委会,230882501,23,2308,230882
230882501404,黑龙江省七星街道办事处第二居委会,230882501,23,2308,230882
230882501405,黑龙江省七星街道办事处第三居委会,230882501,23,2308,230882
230882501406,黑龙江省七星街道办事处第四居委会,230882501,23,2308,230882
230882501407,黑龙江省七星街道办事处第五居委会,230882501,23,2308,230882
230882501501,七星农场第一管理区,230882501,23,2308,230882
230882501502,七星农场第二管理区,230882501,23,2308,230882
230882501503,七星农场第三管理区,230882501,23,2308,230882
230882501504,七星农场第四管理区,230882501,23,2308,230882
230882501505,七星农场第五管理区,230882501,23,2308,230882
230882501506,七星农场第六管理区,230882501,23,2308,230882
230882501517,七星农场第七管理区,230882501,23,2308,230882
230882501518,七星农场第八管理区,230882501,23,2308,230882
230882501519,七星农场第九管理区,230882501,23,2308,230882
230882501520,七星农场第十管理区,230882501,23,2308,230882
230882501521,七星农场第十一管理区,230882501,23,2308,230882
230882501522,七星农场第十二管理区,230882501,23,2308,230882
230882501523,七星农场第十三管理区,230882501,23,2308,230882
230882501524,七星农场第十四管理区,230882501,23,2308,230882
230882501525,七星农场第十五管理区,230882501,23,2308,230882
230882501526,七星农场第十六管理区,230882501,23,2308,230882
230882501527,七星农场第十七管理区,230882501,23,2308,230882
230882501528,七星农场第十八管理区,230882501,23,2308,230882
230882501529,七星农场第十九管理区,230882501,23,2308,230882
230882501530,七星农场第二十管理区,230882501,23,2308,230882
230882502403,黑龙江省大兴街道办事处第一居委会,230882502,23,2308,230882
230882502404,黑龙江省大兴街道办事处第二居委会,230882502,23,2308,230882
230882502405,黑龙江省大兴街道办事处第三居委会,230882502,23,2308,230882
230882502406,黑龙江省大兴街道办事处第四居委会,230882502,23,2308,230882
230882502407,黑龙江省大兴街道办事处第五居委会,230882502,23,2308,230882
230882502501,大兴农场第一管理区,230882502,23,2308,230882
230882502502,大兴农场第二管理区,230882502,23,2308,230882
230882502503,大兴农场第三管理区,230882502,23,2308,230882
230882502504,大兴农场第四管理区,230882502,23,2308,230882
230882502505,大兴农场第五管理区,230882502,23,2308,230882
230882502506,大兴农场第六管理区,230882502,23,2308,230882
230882502512,大兴农场第七管理区,230882502,23,2308,230882
230882502513,大兴农场第八管理区,230882502,23,2308,230882
230882502514,大兴农场第九管理区,230882502,23,2308,230882
230882502515,大兴农场第十管理区,230882502,23,2308,230882
230882502516,大兴农场第十一管理区,230882502,23,2308,230882
230882502517,大兴农场第十二管理区,230882502,23,2308,230882
230882503403,黑龙江省创业街道办事处第一居委会,230882503,23,2308,230882
230882503404,黑龙江省创业街道办事处第二居委会,230882503,23,2308,230882
230882503405,黑龙江省创业街道办事处第三居委会,230882503,23,2308,230882
230882503406,黑龙江省创业街道办事处第四居委会,230882503,23,2308,230882
230882503501,创业农场第一管理区,230882503,23,2308,230882
230882503502,创业农场第二管理区,230882503,23,2308,230882
230882503503,创业农场第三管理区,230882503,23,2308,230882
230882503504,创业农场第四管理区,230882503,23,2308,230882
230882503505,创业农场第五管理区,230882503,23,2308,230882
230882503510,创业农场第六管理区,230882503,23,2308,230882
230882503511,创业农场第七管理区,230882503,23,2308,230882
230882503512,创业农场第八管理区,230882503,23,2308,230882
230882580598,种猪场虚拟生活区,230882580,23,2308,230882
230882581598,种畜场虚拟生活区,230882581,23,2308,230882
230883100001,西山社区居委会,230883100,23,2308,230883
230883100002,临江社区居委会,230883100,23,2308,230883
230883100003,新兴社区居委会,230883100,23,2308,230883
230883100004,中心社区居委会,230883100,23,2308,230883
230883100005,城南社区居委会,230883100,23,2308,230883
230883100006,新建社区居委会,230883100,23,2308,230883
230883100007,幸福社区居委会,230883100,23,2308,230883
230883100202,红光赫哲族村委会,230883100,23,2308,230883
230883100203,河西村委会,230883100,23,2308,230883
230883100500,石头卧子队,230883100,23,2308,230883
230883100501,亮子队,230883100,23,2308,230883
230883101001,曙光社区居民委员会,230883101,23,2308,230883
230883101200,红旗村委会,230883101,23,2308,230883
230883101201,东岗村委会,230883101,23,2308,230883
230883101202,新兴村委会,230883101,23,2308,230883
230883101203,红星村委会,230883101,23,2308,230883
230883101204,红卫村委会,230883101,23,2308,230883
230883101206,红丰村委会,230883101,23,2308,230883
230883101207,农富村委会,230883101,23,2308,230883
230883101500,良种场生活区,230883101,23,2308,230883
230883102001,和谐社区居民委员会,230883102,23,2308,230883
230883102200,东方红村委会,230883102,23,2308,230883
230883102201,长征村委会,230883102,23,2308,230883
230883102202,建国村委会,230883102,23,2308,230883
230883102203,建设村委会,230883102,23,2308,230883
230883102204,东极村委会,230883102,23,2308,230883
230883102205,建兴村委会,230883102,23,2308,230883
230883102206,新海村委会,230883102,23,2308,230883
230883102207,新江村委会,230883102,23,2308,230883
230883102208,新远村委会,230883102,23,2308,230883
230883103001,赫哲社区居民委员会,230883103,23,2308,230883
230883103200,赫哲族村委会,230883103,23,2308,230883
230883103201,朝阳村委会,230883103,23,2308,230883
230883103202,万里村委会,230883103,23,2308,230883
230883103203,东胜村委会,230883103,23,2308,230883
230883103204,东兴村委会,230883103,23,2308,230883
230883103205,永胜村委会,230883103,23,2308,230883
230883103206,永丰村委会,230883103,23,2308,230883
230883103207,八盖村委会,230883103,23,2308,230883
230883103500,北岗队,230883103,23,2308,230883
230883103501,东河队,230883103,23,2308,230883
230883103502,别拉洪队,230883103,23,2308,230883
230883104200,南岗村委会,230883104,23,2308,230883
230883104201,东安村委会,230883104,23,2308,230883
230883104202,东富村委会,230883104,23,2308,230883
230883104203,东升村委会,230883104,23,2308,230883
230883105200,东红村委会,230883105,23,2308,230883
230883105203,东发村委会,230883105,23,2308,230883
230883105500,东辉畜牧场生活区,230883105,23,2308,230883
230883105501,小河子队,230883105,23,2308,230883
230883105502,东风队,230883105,23,2308,230883
230883105503,团结队,230883105,23,2308,230883
230883106201,海林村委会,230883106,23,2308,230883
230883106204,永安村委会,230883106,23,2308,230883
230883106205,永发村委会,230883106,23,2308,230883
230883106206,永富村委会,230883106,23,2308,230883
230883106207,海旺村委会,230883106,23,2308,230883
230883106208,海兴村委会,230883106,23,2308,230883
230883106209,海滨村委会,230883106,23,2308,230883
230883106210,海宏村委会,230883106,23,2308,230883
230883106211,海源村委会,230883106,23,2308,230883
230883106500,海青队,230883106,23,2308,230883
230883106501,四合队,230883106,23,2308,230883
230883106502,亮子里队,230883106,23,2308,230883
230883201201,创业村委会,230883201,23,2308,230883
230883201202,双胜村委会,230883201,23,2308,230883
230883201203,生德库村委会,230883201,23,2308,230883
230883201500,浓江队,230883201,23,2308,230883
230883203205,民丰村委会,230883203,23,2308,230883
230883203206,民富村委会,230883203,23,2308,230883
230883203500,向阳一队,230883203,23,2308,230883
230883203501,向阳二队,230883203,23,2308,230883
230883203502,向阳三队,230883203,23,2308,230883
230883203503,向阳四队,230883203,23,2308,230883
230883203504,向阳五队,230883203,23,2308,230883
230883204200,鸭南村委会,230883204,23,2308,230883
230883204201,镇西村委会,230883204,23,2308,230883
230883204202,富兴村委会,230883204,23,2308,230883
230883204203,新胜村委会,230883204,23,2308,230883
230883204204,四排村委会,230883204,23,2308,230883
230883204205,平原村委会,230883204,23,2308,230883
230883500403,黑龙江省前哨街道办事处第一居委会,230883500,23,2308,230883
230883500404,黑龙江省前哨街道办事处第二居委会,230883500,23,2308,230883
230883500405,黑龙江省前哨街道办事处第三居委会,230883500,23,2308,230883
230883500406,黑龙江省前哨街道办事处第四居委会,230883500,23,2308,230883
230883500407,黑龙江省前哨街道办事处第五居委会,230883500,23,2308,230883
230883500501,前哨农场第一管理区,230883500,23,2308,230883
230883500502,前哨农场第二管理区,230883500,23,2308,230883
230883500503,前哨农场第三管理区,230883500,23,2308,230883
230883500504,前哨农场第四管理区,230883500,23,2308,230883
230883500505,前哨农场第五管理区,230883500,23,2308,230883
230883500506,前哨农场第六管理区,230883500,23,2308,230883
230883500507,前哨农场第七管理区,230883500,23,2308,230883
230883500508,前哨农场第八管理区,230883500,23,2308,230883
230883500509,前哨农场第九管理区,230883500,23,2308,230883
230883501403,黑龙江省前锋街道办事处第一居委会,230883501,23,2308,230883
230883501404,黑龙江省前锋街道办事处第二居委会,230883501,23,2308,230883
230883501405,黑龙江省前锋街道办事处第三居委会,230883501,23,2308,230883
230883501406,黑龙江省前锋街道办事处第四居委会,230883501,23,2308,230883
230883501501,前锋农场第一管理区,230883501,23,2308,230883
230883501502,前锋农场第二管理区,230883501,23,2308,230883
230883501503,前锋农场第三管理区,230883501,23,2308,230883
230883501504,前锋农场第四管理区,230883501,23,2308,230883
230883501505,前锋农场第五管理区,230883501,23,2308,230883
230883501506,前锋农场第六管理区,230883501,23,2308,230883
230883501507,前锋农场第七管理区,230883501,23,2308,230883
230883501508,前锋农场第八管理区,230883501,23,2308,230883
230883501509,前锋农场第九管理区,230883501,23,2308,230883
230883501510,前锋农场第十管理区,230883501,23,2308,230883
230883501511,前锋农场第十一管理区,230883501,23,2308,230883
230883501512,前锋农场第十二管理区,230883501,23,2308,230883
230883501513,前锋农场第十三管理区,230883501,23,2308,230883
230883501514,前锋农场第十四管理区,230883501,23,2308,230883
230883502403,黑龙江省二道河街道办事处第一居委会,230883502,23,2308,230883
230883502404,黑龙江省二道河街道办事处第二居委会,230883502,23,2308,230883
230883502501,二道河农场第一管理区,230883502,23,2308,230883
230883502502,二道河农场第二管理区,230883502,23,2308,230883
230883502503,二道河农场第三管理区,230883502,23,2308,230883
230883502504,二道河农场第四管理区,230883502,23,2308,230883
230883502505,二道河农场第五管理区,230883502,23,2308,230883
230883502506,二道河农场第六管理区,230883502,23,2308,230883
230883502507,二道河农场第八管理区,230883502,23,2308,230883
230902031001,兴民社区居委会,230902031,23,2309,230902
230902031002,兴乐社区居委会,230902031,23,2309,230902
230902032001,兴秀社区居委会,230902032,23,2309,230902
230902032002,富强社区居委会,230902032,23,2309,230902
230902033001,和顺社区居委会,230902033,23,2309,230902
230902033002,兴平社区居委会,230902033,23,2309,230902
230902034001,兴业社区居委会,230902034,23,2309,230902
230902034002,兴城社区居委会,230902034,23,2309,230902
230902035001,春城社区居委会,230902035,23,2309,230902
230902035002,枫叶社区居委会,230902035,23,2309,230902
230902036001,新风社区居委会,230902036,23,2309,230902
230902036002,冬梅社区居委会,230902036,23,2309,230902
230902036003,安居社区居委会,230902036,23,2309,230902
230902037001,新城社区居委会,230902037,23,2309,230902
230902037002,新立社区居委会,230902037,23,2309,230902
230902038010,福泽社区居委会,230902038,23,2309,230902
230902038011,安民社区居委会,230902038,23,2309,230902
230902038012,利民社区居委会,230902038,23,2309,230902
230902038013,乐民社区居委会,230902038,23,2309,230902
230902038014,新青林场社区居委会,230902038,23,2309,230902
230902038015,向阳林场社区居委会,230902038,23,2309,230902
230902038016,胜利林场社区居委会,230902038,23,2309,230902
230902038017,密林经营所社区居委会,230902038,23,2309,230902
230902038018,金沙经营所社区居委会,230902038,23,2309,230902
230902100201,红旗村委会,230902100,23,2309,230902
230902100202,红胜村委会,230902100,23,2309,230902
230902100203,红新村委会,230902100,23,2309,230902
230902100204,红光村委会,230902100,23,2309,230902
230902100205,红升村委会,230902100,23,2309,230902
230902100206,红卫村委会,230902100,23,2309,230902
230902100207,红鲜村委会,230902100,23,2309,230902
230902100208,新起村委会,230902100,23,2309,230902
230902100209,新村村委会,230902100,23,2309,230902
230902100210,东升村委会,230902100,23,2309,230902
230902100211,曙光村委会,230902100,23,2309,230902
230902100212,太和村委会,230902100,23,2309,230902
230902100505,东风林场生活区,230902100,23,2309,230902
230902100506,大六林场生活区,230902100,23,2309,230902
230902100507,新兴林场生活区,230902100,23,2309,230902
230902100508,新建林场生活区,230902100,23,2309,230902
230902200201,长兴村委会,230902200,23,2309,230902
230902200202,东新村委会,230902200,23,2309,230902
230902200203,中鲜村委会,230902200,23,2309,230902
230902200204,马鞍村委会,230902200,23,2309,230902
230902200205,柳毛河村委会,230902200,23,2309,230902
230902200206,宏志村委会,230902200,23,2309,230902
230902200207,罗泉村委会,230902200,23,2309,230902
230902200208,长发村委会,230902200,23,2309,230902
230902200209,长安村委会,230902200,23,2309,230902
230902200210,红旗村委会,230902200,23,2309,230902
230902200211,新风村委会,230902200,23,2309,230902
230902200212,山星村委会,230902200,23,2309,230902
230902200502,农牧场生活区,230902200,23,2309,230902
230902400415,七台河经济开发区管理委员会社区,230902400,23,2309,230902
230903011001,学府社区居民委员会,230903011,23,2309,230903
230903011002,同仁社区居民委员会,230903011,23,2309,230903
230903011003,东方社区居民委员会,230903011,23,2309,230903
230903012001,运销社区居民委员会,230903012,23,2309,230903
230903012002,祥和社区居民委员会,230903012,23,2309,230903
230903013001,金厦社区居民委员会,230903013,23,2309,230903
230903013002,长青社区居民委员会,230903013,23,2309,230903
230903014001,旭日社区居民委员会,230903014,23,2309,230903
230903014002,银泉社区居民委员会,230903014,23,2309,230903
230903014003,花园社区居民委员会,230903014,23,2309,230903
230903014004,东正社区居民委员会,230903014,23,2309,230903
230903015001,朝阳社区居民委员会,230903015,23,2309,230903
230903015002,运管社区居民委员会,230903015,23,2309,230903
230903016001,文苑社区居民委员会,230903016,23,2309,230903
230903016002,安康社区居民委员会,230903016,23,2309,230903
230903100002,新选社区居委会,230903100,23,2309,230903
230903100004,六井社区居委会,230903100,23,2309,230903
230903100200,桃山村委会,230903100,23,2309,230903
230903100201,桃南村委会,230903100,23,2309,230903
230903100202,良种场村委会,230903100,23,2309,230903
230903100203,八道岗村委会,230903100,23,2309,230903
230903100204,万宝村委会,230903100,23,2309,230903
230903100205,红岩村委会,230903100,23,2309,230903
230903100501,茄子河林场生活区,230903100,23,2309,230903
230904001001,惠民社区居民委员会,230904001,23,2309,230904
230904001002,安民社区居民委员会,230904001,23,2309,230904
230904001003,盛馨社区居民委员会,230904001,23,2309,230904
230904001004,欣苑社区居民委员会,230904001,23,2309,230904
230904003001,富强社区居民委员会,230904003,23,2309,230904
230904003002,铁东社区居民委员会,230904003,23,2309,230904
230904005001,龙湖社区居民委员会,230904005,23,2309,230904
230904005002,鹿山社区居民委员会,230904005,23,2309,230904
230904005003,红岚社区居民委员会,230904005,23,2309,230904
230904006001,东胜社区居民委员会,230904006,23,2309,230904
230904007001,花海社区居民委员会,230904007,23,2309,230904
230904007002,康富社区居民委员会,230904007,23,2309,230904
230904007003,康乐社区居民委员会,230904007,23,2309,230904
230904007004,湖东社区居民委员会,230904007,23,2309,230904
230904008001,通达社区居民委员会,230904008,23,2309,230904
230904008002,永泰社区居民委员会,230904008,23,2309,230904
230904100200,新富村委会,230904100,23,2309,230904
230904100201,茄子河村委会,230904100,23,2309,230904
230904100202,东胜村委会,230904100,23,2309,230904
230904100203,太阳村委会,230904100,23,2309,230904
230904100204,正阳村委会,230904100,23,2309,230904
230904100205,东风村委会,230904100,23,2309,230904
230904100206,中河村委会,230904100,23,2309,230904
230904100207,万龙村委会,230904100,23,2309,230904
230904100208,富强村委会,230904100,23,2309,230904
230904100209,兴龙村委会,230904100,23,2309,230904
230904100210,双阳村委会,230904100,23,2309,230904
230904100211,东河村委会,230904100,23,2309,230904
230904101200,新明山村委会,230904101,23,2309,230904
230904101201,清泉村委会,230904101,23,2309,230904
230904101202,岚棒山村委会,230904101,23,2309,230904
230904101203,虎山村委会,230904101,23,2309,230904
230904101204,向阳山村委会,230904101,23,2309,230904
230904101205,京石泉村委会,230904101,23,2309,230904
230904101206,建丰村委会,230904101,23,2309,230904
230904101207,桃山村委会,230904101,23,2309,230904
230904101208,向桦村委会,230904101,23,2309,230904
230904101209,钟山村委会,230904101,23,2309,230904
230904101210,三合村委会,230904101,23,2309,230904
230904101211,峻山村委会,230904101,23,2309,230904
230904101212,城山村委会,230904101,23,2309,230904
230904101213,岚峰村委会,230904101,23,2309,230904
230904101214,鹿山村委会,230904101,23,2309,230904
230904101215,春山村委会,230904101,23,2309,230904
230904101216,安山村委会,230904101,23,2309,230904
230904101217,山峰村委会,230904101,23,2309,230904
230904101218,英山村委会,230904101,23,2309,230904
230904101219,云山村委会,230904101,23,2309,230904
230904101220,林山村委会,230904101,23,2309,230904
230904101221,福山村委会,230904101,23,2309,230904
230904101222,前山村委会,230904101,23,2309,230904
230904101223,河东村委会,230904101,23,2309,230904
230904101224,环山村委会,230904101,23,2309,230904
230904101225,双兴村委会,230904101,23,2309,230904
230904101226,富山村委会,230904101,23,2309,230904
230904101227,山泉村委会,230904101,23,2309,230904
230904102001,兴北社区,230904102,23,2309,230904
230904102002,兴安社区,230904102,23,2309,230904
230904102003,金矿社区,230904102,23,2309,230904
230904200200,新发村委会,230904200,23,2309,230904
230904200201,创新村委会,230904200,23,2309,230904
230904200202,立新村委会,230904200,23,2309,230904
230904200203,红星村委会,230904200,23,2309,230904
230904200204,铁山村委会,230904200,23,2309,230904
230904200205,铁东村委会,230904200,23,2309,230904
230904200206,铁西村委会,230904200,23,2309,230904
230904200207,四新村委会,230904200,23,2309,230904
230904200208,五星村委会,230904200,23,2309,230904
230904200502,铁山林场生活区,230904200,23,2309,230904
230904200503,龙山林场生活区,230904200,23,2309,230904
230904200507,七矿农副业开发基地生活区,230904200,23,2309,230904
230904201200,新立村委会,230904201,23,2309,230904
230904201201,更生村委会,230904201,23,2309,230904
230904201202,双利村委会,230904201,23,2309,230904
230904201203,新兴村委会,230904201,23,2309,230904
230904201204,团胜村委会,230904201,23,2309,230904
230904201205,金乡村委会,230904201,23,2309,230904
230904201206,中心河村委会,230904201,23,2309,230904
230904201207,龙湖村委会,230904201,23,2309,230904
230904201504,金沙林场生活区,230904201,23,2309,230904
230921001001,太平社区居委会,230921001,23,2309,230921
230921001002,顺天社区居委会,230921001,23,2309,230921
230921002001,长安社区居委会,230921002,23,2309,230921
230921002002,南城社区居委会,230921002,23,2309,230921
230921003001,镇安社区居委会,230921003,23,2309,230921
230921003002,康华社区居委会,230921003,23,2309,230921
230921003003,学府社区居委会,230921003,23,2309,230921
230921004001,秀岳社区居委会,230921004,23,2309,230921
230921004002,南岳社区居委会,230921004,23,2309,230921
230921005001,友谊社区居委会,230921005,23,2309,230921
230921005002,花园社区居委会,230921005,23,2309,230921
230921100201,吉祥村委会,230921100,23,2309,230921
230921100202,新华村委会,230921100,23,2309,230921
230921100203,元明村委会,230921100,23,2309,230921
230921100204,镇安村委会,230921100,23,2309,230921
230921100205,城西村委会,230921100,23,2309,230921
230921100206,镇南村委会,230921100,23,2309,230921
230921100207,东岗村委会,230921100,23,2309,230921
230921100208,和平村委会,230921100,23,2309,230921
230921100209,大五村委会,230921100,23,2309,230921
230921100210,蔬菜村委会,230921100,23,2309,230921
230921100211,荣兴村委会,230921100,23,2309,230921
230921100212,太平村委会,230921100,23,2309,230921
230921100213,九龙村委会,230921100,23,2309,230921
230921100214,新起村委会,230921100,23,2309,230921
230921100215,顺天村委会,230921100,23,2309,230921
230921100216,星华村委会,230921100,23,2309,230921
230921100217,全胜村委会,230921100,23,2309,230921
230921100513,通天一林场生活区,230921100,23,2309,230921
230921100514,通天二林场生活区,230921100,23,2309,230921
230921100515,宏伟林场生活区,230921100,23,2309,230921
230921101201,宏图村委会,230921101,23,2309,230921
230921101202,驼腰子村委会,230921101,23,2309,230921
230921101203,大义村委会,230921101,23,2309,230921
230921101204,卫东村委会,230921101,23,2309,230921
230921101205,东丰村委会,230921101,23,2309,230921
230921101206,保丰村委会,230921101,23,2309,230921
230921101207,新民村委会,230921101,23,2309,230921
230921101208,庆云村委会,230921101,23,2309,230921
230921101209,新兴村委会,230921101,23,2309,230921
230921101210,大六村委会,230921101,23,2309,230921
230921101518,东方红林场生活区,230921101,23,2309,230921
230921102201,东风村委会,230921102,23,2309,230921
230921102202,玄羊河村委会,230921102,23,2309,230921
230921102203,大连珠河村委会,230921102,23,2309,230921
230921102204,小连珠河村委会,230921102,23,2309,230921
230921102205,古城村委会,230921102,23,2309,230921
230921102206,联合村委会,230921102,23,2309,230921
230921102207,天巨村委会,230921102,23,2309,230921
230921102208,地河子村委会,230921102,23,2309,230921
230921102209,常山村委会,230921102,23,2309,230921
230921102210,仁兴村委会,230921102,23,2309,230921
230921102211,发展村委会,230921102,23,2309,230921
230921102212,开发村委会,230921102,23,2309,230921
230921102213,大祥村委会,230921102,23,2309,230921
230921102214,双兴村委会,230921102,23,2309,230921
230921102215,吉兴河村委会,230921102,23,2309,230921
230921102216,立新村委会,230921102,23,2309,230921
230921102217,福兴村委会,230921102,23,2309,230921
230921102500,养殖场生活区,230921102,23,2309,230921
230921102501,种牛场生活区,230921102,23,2309,230921
230921102502,吉兴河水库生活区,230921102,23,2309,230921
230921102510,福兴林场生活区,230921102,23,2309,230921
230921102511,红旗林场生活区,230921102,23,2309,230921
230921102512,红星林场生活区,230921102,23,2309,230921
230921102550,吉兴河林场生活区,230921102,23,2309,230921
230921103201,永峰村委会,230921103,23,2309,230921
230921103202,永平村委会,230921103,23,2309,230921
230921103203,新发村委会,230921103,23,2309,230921
230921103204,治安村委会,230921103,23,2309,230921
230921103205,福安村委会,230921103,23,2309,230921
230921103206,中和村委会,230921103,23,2309,230921
230921103207,兴安村委会,230921103,23,2309,230921
230921103208,太安村委会,230921103,23,2309,230921
230921103209,东方红村委会,230921103,23,2309,230921
230921103210,太阳升村委会,230921103,23,2309,230921
230921103211,中胜村委会,230921103,23,2309,230921
230921103212,民权村委会,230921103,23,2309,230921
230921103213,生产村委会,230921103,23,2309,230921
230921103214,永胜村委会,230921103,23,2309,230921
230921103215,致富村委会,230921103,23,2309,230921
230921103216,双胜村委会,230921103,23,2309,230921
230921104201,忠义村委会,230921104,23,2309,230921
230921104202,正阳村委会,230921104,23,2309,230921
230921104203,西连村委会,230921104,23,2309,230921
230921104204,东连村委会,230921104,23,2309,230921
230921104205,连峰村委会,230921104,23,2309,230921
230921104206,兴胜村委会,230921104,23,2309,230921
230921104207,东升村委会,230921104,23,2309,230921
230921104208,镇西村委会,230921104,23,2309,230921
230921104209,镇东村委会,230921104,23,2309,230921
230921104210,长福村委会,230921104,23,2309,230921
230921104211,平安村委会,230921104,23,2309,230921
230921104212,民主村委会,230921104,23,2309,230921
230921200201,青山村委会,230921200,23,2309,230921
230921200202,青峰村村委会,230921200,23,2309,230921
230921200203,幸福村委会,230921200,23,2309,230921
230921200204,奋斗村委会,230921200,23,2309,230921
230921200205,中原村委会,230921200,23,2309,230921
230921200206,互助村委会,230921200,23,2309,230921
230921200207,建设村委会,230921200,23,2309,230921
230921200208,太升村委会,230921200,23,2309,230921
230921200209,青龙山村委会,230921200,23,2309,230921
230921200210,勃信村委会,230921200,23,2309,230921
230921200519,良种场生活区,230921200,23,2309,230921
230921200520,互助水库生活区,230921200,23,2309,230921
230921200521,长兴林场生活区,230921200,23,2309,230921
230921200522,罗泉林场生活区,230921200,23,2309,230921
230921200523,种羊场生活区,230921200,23,2309,230921
230921202201,恒太村委会,230921202,23,2309,230921
230921202202,金山村委会,230921202,23,2309,230921
230921202203,河口村委会,230921202,23,2309,230921
230921202204,荣光村委会,230921202,23,2309,230921
230921202205,解放村委会,230921202,23,2309,230921
230921202206,北兴村委会,230921202,23,2309,230921
230921202207,中江村委会,230921202,23,2309,230921
230921202208,东安村委会,230921202,23,2309,230921
230921202209,丰收村委会,230921202,23,2309,230921
230921202210,景太村委会,230921202,23,2309,230921
230921202211,永顺村委会,230921202,23,2309,230921
230921202212,东辉村委会,230921202,23,2309,230921
230921202213,先峰村委会,230921202,23,2309,230921
230921202214,荣合村委会,230921202,23,2309,230921
230921202215,恒山村委会,230921202,23,2309,230921
230921202216,岱山村委会,230921202,23,2309,230921
230921202217,齐心村委会,230921202,23,2309,230921
230921202218,团结村委会,230921202,23,2309,230921
230921202219,红林村委会,230921202,23,2309,230921
230921202523,河口林场生活区,230921202,23,2309,230921
230921203201,抢垦村委会,230921203,23,2309,230921
230921203202,原发村委会,230921203,23,2309,230921
230921203203,三兴村委会,230921203,23,2309,230921
230921203204,福利村委会,230921203,23,2309,230921
230921203205,前进村委会,230921203,23,2309,230921
230921203206,前程村委会,230921203,23,2309,230921
230921203207,三合村委会,230921203,23,2309,230921
230921204201,杏树村委会,230921204,23,2309,230921
230921204202,东兴村委会,230921204,23,2309,230921
230921204203,德胜村委会,230921204,23,2309,230921
230921204204,永久村委会,230921204,23,2309,230921
230921204205,兴隆村委会,230921204,23,2309,230921
230921204206,永安村委会,230921204,23,2309,230921
230921204207,原野村委会,230921204,23,2309,230921
230921204208,增产村委会,230921204,23,2309,230921
230921204209,大西村委会,230921204,23,2309,230921
230921204210,杏鲜村委会,230921204,23,2309,230921
230921204211,金刚村委会,230921204,23,2309,230921
230921205201,西吉兴村委会,230921205,23,2309,230921
230921205202,东吉兴村委会,230921205,23,2309,230921
230921205203,永乐村委会,230921205,23,2309,230921
230921205204,和胜村委会,230921205,23,2309,230921
230921205205,合心村委会,230921205,23,2309,230921
230921205206,团山村委会,230921205,23,2309,230921
230921205207,兴耕村委会,230921205,23,2309,230921
230921205208,合庆村委会,230921205,23,2309,230921
230921205209,长太村委会,230921205,23,2309,230921
230921205210,三民村委会,230921205,23,2309,230921
230921205211,心和村委会,230921205,23,2309,230921
230921205212,富兴村委会,230921205,23,2309,230921
230921205213,大阳村委会,230921205,23,2309,230921
230921205214,厚春村委会,230921205,23,2309,230921
231002001001,柴市社区居委会,231002001,23,2310,231002
231002001002,牡丹社区居委会,231002001,23,2310,231002
231002001004,市政社区居委会,231002001,23,2310,231002
231002001005,花园社区居委会,231002001,23,2310,231002
231002002002,清福社区居委会,231002002,23,2310,231002
231002002003,福民社区居委会,231002002,23,2310,231002
231002002004,幸福社区居委会,231002002,23,2310,231002
231002002005,平安社区居委会,231002002,23,2310,231002
231002003001,景福社区居委会,231002003,23,2310,231002
231002003002,紫云社区居委会,231002003,23,2310,231002
231002003004,照庆社区居委会,231002003,23,2310,231002
231002003005,积善社区居委会,231002003,23,2310,231002
231002003006,光华社区居委会,231002003,23,2310,231002
231002004001,建福社区居委会,231002004,23,2310,231002
231002004002,热电社区居委会,231002004,23,2310,231002
231002004003,林机社区居委会,231002004,23,2310,231002
231002008004,学府社区居委会,231002008,23,2310,231002
231002008005,东居华庭社区居委会,231002008,23,2310,231002
231002008006,丽江社区居委会,231002008,23,2310,231002
231002008201,下乜河村委会,231002008,23,2310,231002
231002008202,江南村委会,231002008,23,2310,231002
231002009001,兴隆社区居委会,231002009,23,2310,231002
231002009002,三利社区居委会,231002009,23,2310,231002
231002009003,绿地社区居委会,231002009,23,2310,231002
231002009004,恒大社区居委会,231002009,23,2310,231002
231002009201,兴隆村委会,231002009,23,2310,231002
231002009202,乜河村委会,231002009,23,2310,231002
231002009203,中乜河村委会,231002009,23,2310,231002
231002009204,胜利村委会,231002009,23,2310,231002
231002101004,牡丹峰社区居委会,231002101,23,2310,231002
231002101201,大湾村委会,231002101,23,2310,231002
231002101208,大团村委会,231002101,23,2310,231002
231002101209,小团村委会,231002101,23,2310,231002
231002101210,跃进村委会,231002101,23,2310,231002
231002101211,东村村委会,231002101,23,2310,231002
231002101212,东胜村委会,231002101,23,2310,231002
231002101213,西村村委会,231002101,23,2310,231002
231002101214,迎门山村委会,231002101,23,2310,231002
231002101215,河西村委会,231002101,23,2310,231002
231002101216,桥头村委会,231002101,23,2310,231002
231002101217,岭东村委会,231002101,23,2310,231002
231003001001,光华社区居委会,231003001,23,2310,231003
231003001002,阳光社区居委会,231003001,23,2310,231003
231003001003,阳明社区居委会,231003001,23,2310,231003
231003001004,东华苑社区居委会,231003001,23,2310,231003
231003001005,木材社区居委会,231003001,23,2310,231003
231003001006,公园社区居委会,231003001,23,2310,231003
231003001007,盛世华庭社区居委会,231003001,23,2310,231003
231003002001,机车东社区居委会,231003002,23,2310,231003
231003002003,恒丰居委会,231003002,23,2310,231003
231003002004,机车西社区居委会,231003002,23,2310,231003
231003002005,二纺居委会,231003002,23,2310,231003
231003002006,裕华园社区居委会,231003002,23,2310,231003
231003002007,富江社区居委会,231003002,23,2310,231003
231003002201,阳明村村委会,231003002,23,2310,231003
231003002202,东江村村委会,231003002,23,2310,231003
231003003002,东风居委会,231003003,23,2310,231003
231003003006,裕民社区居委会,231003003,23,2310,231003
231003003008,二发电社区居委会,231003003,23,2310,231003
231003003009,莲花居委会,231003003,23,2310,231003
231003003202,镇江村村委会,231003003,23,2310,231003
231003003203,裕民村村委会,231003003,23,2310,231003
231003004001,桦橡东社区居委会,231003004,23,2310,231003
231003004003,桦橡西社区居委会,231003004,23,2310,231003
231003100001,铁岭社区居委会,231003100,23,2310,231003
231003100002,色织社区居委会,231003100,23,2310,231003
231003100003,爱河社区居委会,231003100,23,2310,231003
231003100004,南山社区居委会,231003100,23,2310,231003
231003100005,青化社区居委会,231003100,23,2310,231003
231003100201,一村村委会,231003100,23,2310,231003
231003100202,二村村委会,231003100,23,2310,231003
231003100203,三村村委会,231003100,23,2310,231003
231003100204,福民村村委会,231003100,23,2310,231003
231003100205,东新村村委会,231003100,23,2310,231003
231003100206,福长村村委会,231003100,23,2310,231003
231003100207,青梅村村委会,231003100,23,2310,231003
231003100208,四道村村委会,231003100,23,2310,231003
231003100209,北岔村村委会,231003100,23,2310,231003
231003100210,苇子沟村村委会,231003100,23,2310,231003
231003100211,南岔村村委会,231003100,23,2310,231003
231003101001,江东社区居委会,231003101,23,2310,231003
231003101002,桦林社区居委会,231003101,23,2310,231003
231003101003,安民社区居委会,231003101,23,2310,231003
231003101201,工农村村委会,231003101,23,2310,231003
231003101202,南城子村村委会,231003101,23,2310,231003
231003101203,安民村村委会,231003101,23,2310,231003
231003101204,桦林村村委会,231003101,23,2310,231003
231003101205,临江村村委会,231003101,23,2310,231003
231003101206,互利村村委会,231003101,23,2310,231003
231003102001,华街居委会,231003102,23,2310,231003
231003102002,红星居委会,231003102,23,2310,231003
231003102003,新兴居委会,231003102,23,2310,231003
231003102004,奋斗居委会,231003102,23,2310,231003
231003102005,幸福社区居委会,231003102,23,2310,231003
231003102200,前进村委会,231003102,23,2310,231003
231003102201,远景村委会,231003102,23,2310,231003
231003102202,清平村委会,231003102,23,2310,231003
231003102203,金星村委会,231003102,23,2310,231003
231003102204,大甸子村委会,231003102,23,2310,231003
231003102205,红星村委会,231003102,23,2310,231003
231003102207,富强村委会,231003102,23,2310,231003
231003102209,六里地村委会,231003102,23,2310,231003
231003102210,红林村委会,231003102,23,2310,231003
231003102213,代马沟村委会,231003102,23,2310,231003
231003102214,转心湖村委会,231003102,23,2310,231003
231003102215,团山子村委会,231003102,23,2310,231003
231003102216,山底村委会,231003102,23,2310,231003
231003102218,苇子沟村委会,231003102,23,2310,231003
231003103001,振兴社区居委会,231003103,23,2310,231003
231003103201,大兴村委会,231003103,23,2310,231003
231003103202,青西村委会,231003103,23,2310,231003
231003103203,五河村委会,231003103,23,2310,231003
231003103204,长兴村委会,231003103,23,2310,231003
231003103205,孔街村委会,231003103,23,2310,231003
231003103206,姚亮村委会,231003103,23,2310,231003
231003103207,青北村委会,231003103,23,2310,231003
231003103208,陈堡村委会,231003103,23,2310,231003
231003103209,长沟村委会,231003103,23,2310,231003
231003103210,马桥村委会,231003103,23,2310,231003
231003103211,马北村委会,231003103,23,2310,231003
231003103212,洪林村委会,231003103,23,2310,231003
231003103213,马西村委会,231003103,23,2310,231003
231003103214,五星村委会,231003103,23,2310,231003
231003103215,四岗村委会,231003103,23,2310,231003
231003103216,西桥村委会,231003103,23,2310,231003
231003103217,庆丰村委会,231003103,23,2310,231003
231003103218,北甸村委会,231003103,23,2310,231003
231003103219,北星村委会,231003103,23,2310,231003
231003103220,西沟村委会,231003103,23,2310,231003
231003103221,板院村委会,231003103,23,2310,231003
231003103222,杏树村委会,231003103,23,2310,231003
231003103223,金场村委会,231003103,23,2310,231003
231003103224,五岗村委会,231003103,23,2310,231003
231004001001,建卫社区居委会,231004001,23,2310,231004
231004001002,兴平社区居委会,231004001,23,2310,231004
231004001003,拥军社区居委会,231004001,23,2310,231004
231004001005,林卫社区居委会,231004001,23,2310,231004
231004002001,黄花小区社区居委会,231004002,23,2310,231004
231004002002,文化社区居委会,231004002,23,2310,231004
231004002003,韶山社区居委会,231004002,23,2310,231004
231004002004,耐火社区居委会,231004002,23,2310,231004
231004002005,黄花站社区居委会,231004002,23,2310,231004
231004003001,泰安社区居委会,231004003,23,2310,231004
231004003002,明月社区居委会,231004003,23,2310,231004
231004003003,桥北社区居委会,231004003,23,2310,231004
231004004001,圣林社区居委会,231004004,23,2310,231004
231004004003,中华社区居委会,231004004,23,2310,231004
231004004004,自建社区居委会,231004004,23,2310,231004
231004004006,祥伦社区居委会,231004004,23,2310,231004
231004005001,庆兴社区居委会,231004005,23,2310,231004
231004005002,庆发社区居委会,231004005,23,2310,231004
231004005003,庆旺社区居委会,231004005,23,2310,231004
231004005004,庆达社区居委会,231004005,23,2310,231004
231004006001,地明安居小区社区居委会,231004006,23,2310,231004
231004006004,军马社区居委会,231004006,23,2310,231004
231004006005,通乡社区居委会,231004006,23,2310,231004
231004007002,光明社区居委会,231004007,23,2310,231004
231004007003,北山社区居委会,231004007,23,2310,231004
231004007004,牡纺社区居委会,231004007,23,2310,231004
231004007005,银龙社区居委会,231004007,23,2310,231004
231004007006,山水社区居委会,231004007,23,2310,231004
231004100201,放牛村村委会,231004100,23,2310,231004
231004100202,大砬子村村委会,231004100,23,2310,231004
231004100203,丰收村村委会,231004100,23,2310,231004
231004100204,江西村村委会,231004100,23,2310,231004
231004100205,银龙村村委会,231004100,23,2310,231004
231004100206,八达村村委会,231004100,23,2310,231004
231004100207,北安村村委会,231004100,23,2310,231004
231004100208,三道关村委会,231004100,23,2310,231004
231004100209,前进村村委会,231004100,23,2310,231004
231004100210,金龙村村委会,231004100,23,2310,231004
231004100211,新荣村村委会,231004100,23,2310,231004
231004100212,平安村村委会,231004100,23,2310,231004
231005001001,解放社区居委会,231005001,23,2310,231005
231005001002,邮政社区居委会,231005001,23,2310,231005
231005001004,西三社区居委会,231005001,23,2310,231005
231005001005,西二社区居委会,231005001,23,2310,231005
231005001006,西一社区居委会,231005001,23,2310,231005
231005002003,日照社区居委会,231005002,23,2310,231005
231005002004,圆明社区居委会,231005002,23,2310,231005
231005002005,利民社区居委会,231005002,23,2310,231005
231005002012,爱民社区居委会,231005002,23,2310,231005
231005003002,立新社区居委会,231005003,23,2310,231005
231005003003,西四社区居委会,231005003,23,2310,231005
231005003005,西长安社区居委会,231005003,23,2310,231005
231005004001,东丹社区居委会,231005004,23,2310,231005
231005004002,大平安社区居委会,231005004,23,2310,231005
231005004003,西牡丹社区居委会,231005004,23,2310,231005
231005004004,新兴社区居委会,231005004,23,2310,231005
231005005001,江滨社区居委会,231005005,23,2310,231005
231005005002,新立社区居委会,231005005,23,2310,231005
231005005003,大安社区居委会,231005005,23,2310,231005
231005005004,滨江社区居委会,231005005,23,2310,231005
231005006006,西苑社区居委会,231005006,23,2310,231005
231005006008,南湖社区居委会,231005006,23,2310,231005
231005006011,联合社区居委会,231005006,23,2310,231005
231005006016,专粮社区居委会,231005006,23,2310,231005
231005006019,空调社区居委会,231005006,23,2310,231005
231005100001,道北社区居委会,231005100,23,2310,231005
231005100002,道南社区居委会,231005100,23,2310,231005
231005100201,温春村委会,231005100,23,2310,231005
231005100203,共荣村委会,231005100,23,2310,231005
231005100204,敖东村委会,231005100,23,2310,231005
231005100205,黑山村委会,231005100,23,2310,231005
231005100207,新立村委会,231005100,23,2310,231005
231005100210,烧锅村委会,231005100,23,2310,231005
231005100211,东和村委会,231005100,23,2310,231005
231005100212,楼房村委会,231005100,23,2310,231005
231005100213,南江村委会,231005100,23,2310,231005
231005100214,立新村委会,231005100,23,2310,231005
231005100215,共民村委会,231005100,23,2310,231005
231005100216,西苑村委会,231005100,23,2310,231005
231005100217,大莫村委会,231005100,23,2310,231005
231005100218,小莫村委会,231005100,23,2310,231005
231005100219,海浪村委会,231005100,23,2310,231005
231005100220,卡路村委会,231005100,23,2310,231005
231005100221,新安村委会,231005100,23,2310,231005
231005100222,富民村,231005100,23,2310,231005
231005100223,双龙村,231005100,23,2310,231005
231005100224,桥头村,231005100,23,2310,231005
231005100402,农校社区居委会,231005100,23,2310,231005
231005100403,农研社区居委会,231005100,23,2310,231005
231005100405,农机校社区居委会,231005100,23,2310,231005
231005100406,温春二中社区居委会,231005100,23,2310,231005
231005100500,果树场社区生活区,231005100,23,2310,231005
231005100501,畜牧场社区生活区,231005100,23,2310,231005
231005100502,林场社区生活区,231005100,23,2310,231005
231005201201,中兴村委会,231005201,23,2310,231005
231005201202,红星村委会,231005201,23,2310,231005
231005201203,南拉古村委会,231005201,23,2310,231005
231005201204,山河村委会,231005201,23,2310,231005
231005201205,沙虎村委会,231005201,23,2310,231005
231005201206,河夹村委会,231005201,23,2310,231005
231005201207,红旗村委会,231005201,23,2310,231005
231005201208,拉南村委会,231005201,23,2310,231005
231005201209,河南村委会,231005201,23,2310,231005
231005201210,北拉古村委会,231005201,23,2310,231005
231005201211,石头沟村委会,231005201,23,2310,231005
231005201500,海南林场生活区,231005201,23,2310,231005
231025100001,站前办事处第一居民委员会,231025100,23,2310,231025
231025100002,站前办事处第二居民委员会,231025100,23,2310,231025
231025100003,站前办事处第三居民委员会,231025100,23,2310,231025
231025100004,站前办事处第四居民委员会,231025100,23,2310,231025
231025100005,站前办事处第五居民委员会,231025100,23,2310,231025
231025100006,站前办事处第六居民委员会,231025100,23,2310,231025
231025100007,站前办事处第七居民委员会,231025100,23,2310,231025
231025100008,站前办事处第八居民委员会,231025100,23,2310,231025
231025100009,站前办事处第九居民委员会,231025100,23,2310,231025
231025100010,站前办事处第十居民委员会,231025100,23,2310,231025
231025100011,东街办事处第一居民委员会,231025100,23,2310,231025
231025100012,东街办事处第二居民委员会,231025100,23,2310,231025
231025100013,东街办事处第三居民委员会,231025100,23,2310,231025
231025100014,东街办事处第四居民委员会,231025100,23,2310,231025
231025100015,东街办事处第五居民委员会,231025100,23,2310,231025
231025100016,东街办事处第六居民委员会,231025100,23,2310,231025
231025100017,东街办事处第七居民委员会,231025100,23,2310,231025
231025100018,东街办事处第八居民委员会,231025100,23,2310,231025
231025100023,西街办事处第一居民委员会,231025100,23,2310,231025
231025100024,西街办事处第二居民委员会,231025100,23,2310,231025
231025100025,西街办事处第三居民委员会,231025100,23,2310,231025
231025100026,西街办事处第四居民委员会,231025100,23,2310,231025
231025100027,西街办事处第五居民委员会,231025100,23,2310,231025
231025100028,西街办事处第六居民委员会,231025100,23,2310,231025
231025100029,西街办事处第七居民委员会,231025100,23,2310,231025
231025100033,南山办事处第一居民委员会,231025100,23,2310,231025
231025100034,南山办事处第二居民委员会,231025100,23,2310,231025
231025100035,南山办事处第三居民委员会,231025100,23,2310,231025
231025100036,南山办事处第四居民委员会,231025100,23,2310,231025
231025100037,南山办事处第五居民委员会,231025100,23,2310,231025
231025100201,七星村委会,231025100,23,2310,231025
231025100202,新发村委会,231025100,23,2310,231025
231025100203,振兴村委会,231025100,23,2310,231025
231025100204,红升村委会,231025100,23,2310,231025
231025100205,红旗村委会,231025100,23,2310,231025
231025100206,六合村委会,231025100,23,2310,231025
231025100207,友谊村委会,231025100,23,2310,231025
231025100208,东丰村委会,231025100,23,2310,231025
231025100209,东关村委会,231025100,23,2310,231025
231025100210,团结村委会,231025100,23,2310,231025
231025100211,镇东村委会,231025100,23,2310,231025
231025100212,镇北村委会,231025100,23,2310,231025
231025100213,镇西村委会,231025100,23,2310,231025
231025100214,兴华村委会,231025100,23,2310,231025
231025100215,阜龙村委会,231025100,23,2310,231025
231025101201,一村委会,231025101,23,2310,231025
231025101202,二村委会,231025101,23,2310,231025
231025101203,三村委会,231025101,23,2310,231025
231025101204,四村委会,231025101,23,2310,231025
231025101205,五村委会,231025101,23,2310,231025
231025101206,新立村委会,231025101,23,2310,231025
231025101207,乌斯混村委会,231025101,23,2310,231025
231025101208,德安村委会,231025101,23,2310,231025
231025101209,湖一村委会,231025101,23,2310,231025
231025101210,前进村委会,231025101,23,2310,231025
231025101211,马路村委会,231025101,23,2310,231025
231025101212,长安村委会,231025101,23,2310,231025
231025101213,安民村委会,231025101,23,2310,231025
231025101214,河北村委会,231025101,23,2310,231025
231025101215,沿河村委会,231025101,23,2310,231025
231025101216,红石村委会,231025101,23,2310,231025
231025101218,四间房村委会,231025101,23,2310,231025
231025101219,湖水二村委会,231025101,23,2310,231025
231025101220,湖北村委会,231025101,23,2310,231025
231025102201,长青村委会,231025102,23,2310,231025
231025102202,永安村委会,231025102,23,2310,231025
231025102203,保安村委会,231025102,23,2310,231025
231025102204,治安村委会,231025102,23,2310,231025
231025102205,东沟村委会,231025102,23,2310,231025
231025102206,四合村委会,231025102,23,2310,231025
231025102207,三家子村委会,231025102,23,2310,231025
231025102208,东岗子村委会,231025102,23,2310,231025
231025102209,下马蹄村委会,231025102,23,2310,231025
231025102210,上马蹄村委会,231025102,23,2310,231025
231025102211,样子沟村委会,231025102,23,2310,231025
231025102212,兴隆村委会,231025102,23,2310,231025
231025102213,原发村委会,231025102,23,2310,231025
231025102214,东发村委会,231025102,23,2310,231025
231025102215,德胜村委会,231025102,23,2310,231025
231025102216,胜利村委会,231025102,23,2310,231025
231025102217,双丰村委会,231025102,23,2310,231025
231025102218,二道村委会,231025102,23,2310,231025
231025102219,双发村委会,231025102,23,2310,231025
231025102220,东风村委会,231025102,23,2310,231025
231025102221,黑背村委会,231025102,23,2310,231025
231025102222,生产村委会,231025102,23,2310,231025
231025102223,中合村委会,231025102,23,2310,231025
231025102224,新合村委会,231025102,23,2310,231025
231025102225,五七村委会,231025102,23,2310,231025
231025102226,互利村委会,231025102,23,2310,231025
231025104201,三合村委会,231025104,23,2310,231025
231025104202,万家村委会,231025104,23,2310,231025
231025104203,大碱村委会,231025104,23,2310,231025
231025104204,小碱村委会,231025104,23,2310,231025
231025104205,牛心村委会,231025104,23,2310,231025
231025104206,解放村委会,231025104,23,2310,231025
231025104207,站前村委会,231025104,23,2310,231025
231025104208,兴丰村委会,231025104,23,2310,231025
231025104209,仙洞村委会,231025104,23,2310,231025
231025104210,太安村委会,231025104,23,2310,231025
231025104211,富家村委会,231025104,23,2310,231025
231025104212,朱家村委会,231025104,23,2310,231025
231025104213,新安村委会,231025104,23,2310,231025
231025104214,新兴村委会,231025104,23,2310,231025
231025104215,碱北村委会,231025104,23,2310,231025
231025104216,良种场村委会,231025104,23,2310,231025
231025104217,新胜村委会,231025104,23,2310,231025
231025105201,柞木村委会,231025105,23,2310,231025
231025105202,双河村委会,231025105,23,2310,231025
231025105203,戛库村委会,231025105,23,2310,231025
231025105204,柳西村委会,231025105,23,2310,231025
231025105205,柳新村委会,231025105,23,2310,231025
231025105206,万寿村委会,231025105,23,2310,231025
231025105207,复兴村委会,231025105,23,2310,231025
231025105208,柳树村委会,231025105,23,2310,231025
231025105209,榆树村委会,231025105,23,2310,231025
231025105210,土甸子村委会,231025105,23,2310,231025
231025105211,柳毛村委会,231025105,23,2310,231025
231025105212,柳宝村委会,231025105,23,2310,231025
231025105213,宝山村委会,231025105,23,2310,231025
231025105214,三道村委会,231025105,23,2310,231025
231025106201,江东村委会,231025106,23,2310,231025
231025106202,江南村委会,231025106,23,2310,231025
231025106203,一村委会,231025106,23,2310,231025
231025106204,二村委会,231025106,23,2310,231025
231025106205,长胜村委会,231025106,23,2310,231025
231025106206,四道村委会,231025106,23,2310,231025
231025106207,署光村委会,231025106,23,2310,231025
231025106208,新建村委会,231025106,23,2310,231025
231025106209,新青村委会,231025106,23,2310,231025
231025106210,五道村委会,231025106,23,2310,231025
231025106211,大屯村委会,231025106,23,2310,231025
231025107201,龙爪村委会,231025107,23,2310,231025
231025107202,暖泉村委会,231025107,23,2310,231025
231025107203,湾龙村委会,231025107,23,2310,231025
231025107204,山东会村委会,231025107,23,2310,231025
231025107205,向阳村委会,231025107,23,2310,231025
231025107206,红林村委会,231025107,23,2310,231025
231025107207,泉眼村委会,231025107,23,2310,231025
231025107208,宝林村委会,231025107,23,2310,231025
231025107209,绿山村委会,231025107,23,2310,231025
231025107210,高云村委会,231025107,23,2310,231025
231025107211,兴隆村委会,231025107,23,2310,231025
231025107212,民主村委会,231025107,23,2310,231025
231025107213,龙丰村委会,231025107,23,2310,231025
231025107214,植场村委会,231025107,23,2310,231025
231025107215,小龙爪村委会,231025107,23,2310,231025
231025107216,保安村委会,231025107,23,2310,231025
231025107217,新龙爪村委会,231025107,23,2310,231025
231025107218,合发村委会,231025107,23,2310,231025
231025107219,楚山村委会,231025107,23,2310,231025
231025107220,龙山村委会,231025107,23,2310,231025
231025108201,江西村委会,231025108,23,2310,231025
231025108202,柳树村委会,231025108,23,2310,231025
231025108203,莲花村委会,231025108,23,2310,231025
231025108204,东河村委会,231025108,23,2310,231025
231025108205,东柳村委会,231025108,23,2310,231025
231025108206,字砬子村委会,231025108,23,2310,231025
231025108207,新富村委会,231025108,23,2310,231025
231025108208,大发村委会,231025108,23,2310,231025
231025108209,新民村委会,231025108,23,2310,231025
231025110201,立民村委会,231025110,23,2310,231025
231025110202,亚河村委会,231025110,23,2310,231025
231025110203,亚东村委会,231025110,23,2310,231025
231025110204,永河村委会,231025110,23,2310,231025
231025110205,合乐村委会,231025110,23,2310,231025
231025110206,青山村委会,231025110,23,2310,231025
231025110207,青发村委会,231025110,23,2310,231025
231025110208,青平村委会,231025110,23,2310,231025
231025110209,小二龙村委会,231025110,23,2310,231025
231025110210,大二龙村委会,231025110,23,2310,231025
231025110211,新合村委会,231025110,23,2310,231025
231025110212,虎山村委会,231025110,23,2310,231025
231025110213,联合村委会,231025110,23,2310,231025
231025111201,马桥河村委会,231025111,23,2310,231025
231025111202,西北楞村委会,231025111,23,2310,231025
231025111203,山河村委会,231025111,23,2310,231025
231025111204,小盘道村委会,231025111,23,2310,231025
231025111205,大盘道村委会,231025111,23,2310,231025
231025111206,靠山村委会,231025111,23,2310,231025
231025111207,东兴村委会,231025111,23,2310,231025
231025111208,北兴村委会,231025111,23,2310,231025
231025111209,永进村委会,231025111,23,2310,231025
231025111210,河西村委会,231025111,23,2310,231025
231025111211,通沟村委会,231025111,23,2310,231025
231025111212,土城子村委会,231025111,23,2310,231025
231025111213,河兴村委会,231025111,23,2310,231025
231025111214,大百顺村委会,231025111,23,2310,231025
231025111215,小百顺村委会,231025111,23,2310,231025
231025111216,红旗村委会,231025111,23,2310,231025
231025112201,奎山村委会,231025112,23,2310,231025
231025112202,双龙村委会,231025112,23,2310,231025
231025112203,安乐村委会,231025112,23,2310,231025
231025112204,余庆村委会,231025112,23,2310,231025
231025112205,吉庆村委会,231025112,23,2310,231025
231025112206,安山村委会,231025112,23,2310,231025
231025112207,共禾村委会,231025112,23,2310,231025
231025112208,永安村委会,231025112,23,2310,231025
231025112209,太平村委会,231025112,23,2310,231025
231025112210,马鞍山村委会,231025112,23,2310,231025
231025112211,前杨木村委会,231025112,23,2310,231025
231025112212,后杨木村委会,231025112,23,2310,231025
231025112213,庆岭村委会,231025112,23,2310,231025
231025112214,中山阳村委会,231025112,23,2310,231025
231025112215,上山阳村委会,231025112,23,2310,231025
231025112216,长丰村委会,231025112,23,2310,231025
231025400401,中南区居委会,231025400,23,2310,231025
231025400402,中北区居委会,231025400,23,2310,231025
231025400403,河北区居委会,231025400,23,2310,231025
231025400405,河西区居委会,231025400,23,2310,231025
231025400409,四道经营所居委会,231025400,23,2310,231025
231025400410,胜利经营所居委会,231025400,23,2310,231025
231025400411,向阳生活服务公司居委会,231025400,23,2310,231025
231025400412,湖水经营所居委会,231025400,23,2310,231025
231025400413,青山经营所居委会,231025400,23,2310,231025
231025400414,曙光经营所居委会,231025400,23,2310,231025
231025400415,红石经营所居委会,231025400,23,2310,231025
231025400416,莲花经营所居委会,231025400,23,2310,231025
231025400417,西北楞经营所居委会,231025400,23,2310,231025
231025400418,团结经营所居委会,231025400,23,2310,231025
231025400419,前哨经营所居委会,231025400,23,2310,231025
231025400422,刁翎经营所居委会,231025400,23,2310,231025
231025400507,战斗林场生活区,231025400,23,2310,231025
231025400508,奋斗林场生活区,231025400,23,2310,231025
231025400520,东升林场生活区,231025400,23,2310,231025
231025400521,朝阳林场生活区,231025400,23,2310,231025
231025400523,先锋林场生活区,231025400,23,2310,231025
231081100001,友谊社区居委会,231081100,23,2310,231081
231081100002,新华社区居委会,231081100,23,2310,231081
231081100003,永安社区居委会,231081100,23,2310,231081
231081100004,山城社区居委会,231081100,23,2310,231081
231081100005,前进社区居委会,231081100,23,2310,231081
231081100006,北海社区居委会,231081100,23,2310,231081
231081100008,光华社区居委会,231081100,23,2310,231081
231081100009,三合林社区居委会,231081100,23,2310,231081
231081100010,新兴社区居委会,231081100,23,2310,231081
231081100013,绥兴社区,231081100,23,2310,231081
231081100017,铁西社区居委会,231081100,23,2310,231081
231081100200,前进村委会,231081100,23,2310,231081
231081100201,绥东村委会,231081100,23,2310,231081
231081101013,建西社区居委会,231081101,23,2310,231081
231081101014,阜华社区居委会,231081101,23,2310,231081
231081101015,建南社区居委会,231081101,23,2310,231081
231081101016,旗苑社区居委会,231081101,23,2310,231081
231081101019,谷盈社区,231081101,23,2310,231081
231081101200,建西村委会,231081101,23,2310,231081
231081101201,建东村委会,231081101,23,2310,231081
231081101202,建华村委会,231081101,23,2310,231081
231081101203,建新村委会,231081101,23,2310,231081
231081101204,南寒村委会,231081101,23,2310,231081
231081101205,北寒村委会,231081101,23,2310,231081
231081101206,永胜村委会,231081101,23,2310,231081
231081101207,朝阳村委会,231081101,23,2310,231081
231081101208,宽沟村委会,231081101,23,2310,231081
231083100001,丽海社区居民委员会,231083100,23,2310,231083
231083100002,新兴社区居民委员会,231083100,23,2310,231083
231083100003,子荣社区居民委员会,231083100,23,2310,231083
231083100004,朝阳社区居民委员会,231083100,23,2310,231083
231083100005,英雄社区居民委员会,231083100,23,2310,231083
231083100007,海浪社区居民委员会,231083100,23,2310,231083
231083100009,开发区（城北新区）社区居委会,231083100,23,2310,231083
231083100012,林海社区居民委员会,231083100,23,2310,231083
231083100015,方兴社区居民委员会,231083100,23,2310,231083
231083100017,广场社区居民委员会,231083100,23,2310,231083
231083100018,海丰朝鲜族社区居民委员会,231083100,23,2310,231083
231083100019,团结社区居民委员会,231083100,23,2310,231083
231083100201,模范村委会,231083100,23,2310,231083
231083100202,新海村委会,231083100,23,2310,231083
231083100203,光荣村委会,231083100,23,2310,231083
231083100204,共和村委会,231083100,23,2310,231083
231083100205,蔬菜村委会,231083100,23,2310,231083
231083100206,江头村委会,231083100,23,2310,231083
231083100207,富强村委会,231083100,23,2310,231083
231083100208,秦家村委会,231083100,23,2310,231083
231083100209,永安村委会,231083100,23,2310,231083
231083100210,泡子村委会,231083100,23,2310,231083
231083100211,林山村委会,231083100,23,2310,231083
231083100212,东德家村委会,231083100,23,2310,231083
231083100213,斗银村委会,231083100,23,2310,231083
231083100214,新民村委会,231083100,23,2310,231083
231083100215,红光村委会,231083100,23,2310,231083
231083100216,三合村委会,231083100,23,2310,231083
231083100217,安乐村委会,231083100,23,2310,231083
231083100218,马北村委会,231083100,23,2310,231083
231083100219,大石头村委会,231083100,23,2310,231083
231083100220,永丰村委会,231083100,23,2310,231083
231083100221,新合村委会,231083100,23,2310,231083
231083100222,平和村委会,231083100,23,2310,231083
231083100223,五星村委会,231083100,23,2310,231083
231083100224,江北村委会,231083100,23,2310,231083
231083100225,石河村委会,231083100,23,2310,231083
231083100226,石东村委会,231083100,23,2310,231083
231083100227,文明村委会,231083100,23,2310,231083
231083100228,大岭村委会,231083100,23,2310,231083
231083100229,西德家村委会,231083100,23,2310,231083
231083100230,密南村委会,231083100,23,2310,231083
231083100231,庙山村委会,231083100,23,2310,231083
231083100232,卢家村委会,231083100,23,2310,231083
231083100500,德家林场生活区,231083100,23,2310,231083
231083100501,新海林场生活区,231083100,23,2310,231083
231083100503,海林林场生活区,231083100,23,2310,231083
231083101001,长青社区居民委员会,231083101,23,2310,231083
231083101002,长兴社区居民委员会,231083101,23,2310,231083
231083101201,双桥村委会,231083101,23,2310,231083
231083101202,火龙沟村委会,231083101,23,2310,231083
231083101203,平安村委会,231083101,23,2310,231083
231083101204,河北村委会,231083101,23,2310,231083
231083101205,七山村委会,231083101,23,2310,231083
231083101206,猴石村委会,231083101,23,2310,231083
231083101207,万丈村委会,231083101,23,2310,231083
231083101208,马场村委会,231083101,23,2310,231083
231083101209,双丰村委会,231083101,23,2310,231083
231083101210,哈达村委会,231083101,23,2310,231083
231083101211,杨林村委会,231083101,23,2310,231083
231083101212,张明村委会,231083101,23,2310,231083
231083101213,古塔村委会,231083101,23,2310,231083
231083101214,宁古村委会,231083101,23,2310,231083
231083101215,南沟村委会,231083101,23,2310,231083
231083101216,卜家村委会,231083101,23,2310,231083
231083101217,满城村委会,231083101,23,2310,231083
231083101218,古城村委会,231083101,23,2310,231083
231083101500,红海林林场生活区,231083101,23,2310,231083
231083101501,火龙沟林场生活区,231083101,23,2310,231083
231083102001,佛手社区居民委员会,231083102,23,2310,231083
231083102002,老街社区居民委员会,231083102,23,2310,231083
231083102201,二十二村委会,231083102,23,2310,231083
231083102202,顺桥村委会,231083102,23,2310,231083
231083102203,七里地村委会,231083102,23,2310,231083
231083102204,正南村委会,231083102,23,2310,231083
231083102205,道林村委会,231083102,23,2310,231083
231083102206,柳树村委会,231083102,23,2310,231083
231083103001,山市社区居民委员会,231083103,23,2310,231083
231083103201,东街村委会,231083103,23,2310,231083
231083103202,西街村委会,231083103,23,2310,231083
231083103203,道南村委会,231083103,23,2310,231083
231083103204,东光村委会,231083103,23,2310,231083
231083103205,二洼村委会,231083103,23,2310,231083
231083103206,长胜村委会,231083103,23,2310,231083
231083103207,洋草村委会,231083103,23,2310,231083
231083103208,锦山村委会,231083103,23,2310,231083
231083103209,奇峰村委会,231083103,23,2310,231083
231083103210,胜利村委会,231083103,23,2310,231083
231083103211,新兴村委会,231083103,23,2310,231083
231083103212,青岭子村委会,231083103,23,2310,231083
231083104001,友谊社区居民委员会,231083104,23,2310,231083
231083104002,光明社区居民委员会,231083104,23,2310,231083
231083104003,江滨社区居民委员会,231083104,23,2310,231083
231083104201,长石村委会,231083104,23,2310,231083
231083104202,柴河村委会,231083104,23,2310,231083
231083104203,佛塔密村委会,231083104,23,2310,231083
231083104204,东风村委会,231083104,23,2310,231083
231083104205,临江村委会,231083104,23,2310,231083
231083104206,头道河子村委会,231083104,23,2310,231083
231083104207,北站村委会,231083104,23,2310,231083
231083104208,群力村委会,231083104,23,2310,231083
231083104209,黑牛背村委会,231083104,23,2310,231083
231083104210,阳光村委会,231083104,23,2310,231083
231083104500,柴河国营林场生活区,231083104,23,2310,231083
231083105001,二道社区居民委员会,231083105,23,2310,231083
231083105201,西沙村委会,231083105,23,2310,231083
231083105202,东沙村委会,231083105,23,2310,231083
231083105203,二站村委会,231083105,23,2310,231083
231083105204,三站村委会,231083105,23,2310,231083
231083105205,向日村委会,231083105,23,2310,231083
231083105206,老家村委会,231083105,23,2310,231083
231083105207,北宁村委会,231083105,23,2310,231083
231083105208,永兴村委会,231083105,23,2310,231083
231083105209,钓鱼台村委会,231083105,23,2310,231083
231083106001,新安社区居民委员会,231083106,23,2310,231083
231083106201,和平村委会,231083106,23,2310,231083
231083106202,永乐村委会,231083106,23,2310,231083
231083106203,再兴村委会,231083106,23,2310,231083
231083106204,西安村委会,231083106,23,2310,231083
231083106205,中和村委会,231083106,23,2310,231083
231083106206,三家子村委会,231083106,23,2310,231083
231083106207,共济村委会,231083106,23,2310,231083
231083106208,密江村委会,231083106,23,2310,231083
231083106209,山咀子村委会,231083106,23,2310,231083
231083106210,东和村委会,231083106,23,2310,231083
231083106211,新安村委会,231083106,23,2310,231083
231083106212,复兴村委会,231083106,23,2310,231083
231083106213,岭后村委会,231083106,23,2310,231083
231083106214,北崴子村委会,231083106,23,2310,231083
231083106215,北沟村委会,231083106,23,2310,231083
231083106216,友谊村委会,231083106,23,2310,231083
231083106217,小三家子村委会,231083106,23,2310,231083
231083106501,海林市农委良种场生活区,231083106,23,2310,231083
231083106502,海林市农委种畜场生活区,231083106,23,2310,231083
231083107001,三道社区居民委员会,231083107,23,2310,231083
231083107201,边安村委会,231083107,23,2310,231083
231083107202,振兴村委会,231083107,23,2310,231083
231083107203,东升村委会,231083107,23,2310,231083
231083107204,兴家村委会,231083107,23,2310,231083
231083107205,双兴村委会,231083107,23,2310,231083
231083107206,木兰村委会,231083107,23,2310,231083
231083107207,春光村委会,231083107,23,2310,231083
231083107208,工农村委会,231083107,23,2310,231083
231083400498,新华虚拟社区,231083400,23,2310,231083
231083401498,林机虚拟社区,231083401,23,2310,231083
231083402001,林北社区居民委员会,231083402,23,2310,231083
231083402002,岭上社区居民委员会,231083402,23,2310,231083
231083402004,林园社区居民委员会,231083402,23,2310,231083
231083402005,塔东社区居民委员会,231083402,23,2310,231083
231083402008,东川社区居民委员会,231083402,23,2310,231083
231083402500,海源林场生活区,231083402,23,2310,231083
231083402501,海浪林场生活区,231083402,23,2310,231083
231083402502,前进林场生活区,231083402,23,2310,231083
231083402503,双峰景区生活区,231083402,23,2310,231083
231083402504,双峰林场生活区,231083402,23,2310,231083
231083402505,杨木沟林场生活区,231083402,23,2310,231083
231083402506,太平沟林场生活区,231083402,23,2310,231083
231083402507,柳河林场生活区,231083402,23,2310,231083
231083402508,七峰林场生活区,231083402,23,2310,231083
231083402509,兴农林场生活区,231083402,23,2310,231083
231083402510,青平林场生活区,231083402,23,2310,231083
231083402511,梨树沟林场生活区,231083402,23,2310,231083
231083402512,二浪河林场生活区,231083402,23,2310,231083
231083402513,西南岔林场生活区,231083402,23,2310,231083
231083402514,新林林场生活区,231083402,23,2310,231083
231083402515,新林村林场生活区,231083402,23,2310,231083
231083402516,青云山林场生活区,231083402,23,2310,231083
231083402517,红旗林场生活区,231083402,23,2310,231083
231083402518,红星林场生活区,231083402,23,2310,231083
231083402519,长汀林场生活区,231083402,23,2310,231083
231083403001,北山社区居民委员会,231083403,23,2310,231083
231083403002,林苑社区居民委员会,231083403,23,2310,231083
231083403003,兴林社区居民委员会,231083403,23,2310,231083
231083403500,三十五林场生活区,231083403,23,2310,231083
231083403501,三部落林场生活区,231083403,23,2310,231083
231083403502,夹皮沟林场生活区,231083403,23,2310,231083
231083403503,五十八林场生活区,231083403,23,2310,231083
231083403504,二十二林场生活区,231083403,23,2310,231083
231083403505,大石沟林场生活区,231083403,23,2310,231083
231083403506,横道林场生活区,231083403,23,2310,231083
231083403507,治山林场生活区,231083403,23,2310,231083
231083403508,道林林场生活区,231083403,23,2310,231083
231083403509,青岭子林场生活区,231083403,23,2310,231083
231083403510,山市林场生活区,231083403,23,2310,231083
231083403511,奋斗林场生活区,231083403,23,2310,231083
231083403512,密江林场生活区,231083403,23,2310,231083
231083403513,石河林场生活区,231083403,23,2310,231083
231083404001,江滨社区居民委员会,231083404,23,2310,231083
231083404002,铁东路社区居民委员会,231083404,23,2310,231083
231083404004,阳明社区居民委员会,231083404,23,2310,231083
231083404008,南岗路社区居民委员会,231083404,23,2310,231083
231083404500,东风林场生活区,231083404,23,2310,231083
231083404501,晨光林场生活区,231083404,23,2310,231083
231083404502,桦木林场生活区,231083404,23,2310,231083
231083404503,大青林场生活区,231083404,23,2310,231083
231083404504,三块石林场生活区,231083404,23,2310,231083
231083404506,板桥子林场生活区,231083404,23,2310,231083
231083404507,临江林场生活区,231083404,23,2310,231083
231083404508,莲花林场生活区,231083404,23,2310,231083
231083404509,向日林场生活区,231083404,23,2310,231083
231083404510,秋皮沟林场生活区,231083404,23,2310,231083
231083404511,细林河林场生活区,231083404,23,2310,231083
231083404512,柳毛河林场生活区,231083404,23,2310,231083
231083404513,红光林场生活区,231083404,23,2310,231083
231083404514,红星林场生活区,231083404,23,2310,231083
231083404515,卫星林场生活区,231083404,23,2310,231083
231083404516,新兴林场生活区,231083404,23,2310,231083
231083404517,宏声林场生活区,231083404,23,2310,231083
231083404518,二道林场生活区,231083404,23,2310,231083
231083404519,群力林场生活区,231083404,23,2310,231083
231083404520,黑牛背林场生活区,231083404,23,2310,231083
231083404521,头道林场生活区,231083404,23,2310,231083
231083500402,海林的场直社区,231083500,23,2310,231083
231083500501,海林农场农业管理区,231083500,23,2310,231083
231083501402,山市场直社区,231083501,23,2310,231083
231083501501,第一作业区生活区,231083501,23,2310,231083
231083501502,第二作业区生活区,231083501,23,2310,231083
231083501503,第三作业区生活区,231083501,23,2310,231083
231083501504,第四作业区生活区,231083501,23,2310,231083
231084001001,文庙社区居委会,231084001,23,2310,231084
231084001002,东关社区居委会,231084001,23,2310,231084
231084001003,乐园社区居委会,231084001,23,2310,231084
231084001004,西关社区居委会,231084001,23,2310,231084
231084001005,虹桥社区居委会,231084001,23,2310,231084
231084001006,铁工社区居委会,231084001,23,2310,231084
231084100200,利民村委会,231084100,23,2310,231084
231084100201,伊家村委会,231084100,23,2310,231084
231084100202,河西村委会,231084100,23,2310,231084
231084100203,红城村委会,231084100,23,2310,231084
231084100204,临城村委会,231084100,23,2310,231084
231084100205,临江村委会,231084100,23,2310,231084
231084100206,红升村委会,231084100,23,2310,231084
231084100207,新胜村委会,231084100,23,2310,231084
231084100208,向阳村委会,231084100,23,2310,231084
231084100209,兴盛村委会,231084100,23,2310,231084
231084100210,兴林村委会,231084100,23,2310,231084
231084100211,柳林村委会,231084100,23,2310,231084
231084100212,教育村委会,231084100,23,2310,231084
231084100213,三合村委会,231084100,23,2310,231084
231084100214,长江村委会,231084100,23,2310,231084
231084100217,联合村委会,231084100,23,2310,231084
231084100219,双桥子村委会,231084100,23,2310,231084
231084100220,黄旗沟村委会,231084100,23,2310,231084
231084100222,上赊里村委会,231084100,23,2310,231084
231084100224,福荣村委会,231084100,23,2310,231084
231084100227,范家村委会,231084100,23,2310,231084
231084100229,茂盛村委会,231084100,23,2310,231084
231084100233,共和村委会,231084100,23,2310,231084
231084100236,葡萄沟村委会,231084100,23,2310,231084
231084100238,江南村委会,231084100,23,2310,231084
231084100239,新安村委会,231084100,23,2310,231084
231084100240,镇江村委会,231084100,23,2310,231084
231084100241,小唐村委会,231084100,23,2310,231084
231084100242,黄旗村委会,231084100,23,2310,231084
231084100243,张家村委会,231084100,23,2310,231084
231084101001,和平社区居委会,231084101,23,2310,231084
231084101002,铁东社区居委会,231084101,23,2310,231084
231084101003,建园社区居委会,231084101,23,2310,231084
231084101200,于家村委会,231084101,23,2310,231084
231084101201,镇兴村委会,231084101,23,2310,231084
231084101202,糖坊村委会,231084101,23,2310,231084
231084101203,东京村委会,231084101,23,2310,231084
231084101204,中马河村委会,231084101,23,2310,231084
231084101205,牛场村委会,231084101,23,2310,231084
231084101206,兴安村委会,231084101,23,2310,231084
231084101207,光明村委会,231084101,23,2310,231084
231084101208,下窨子村委会,231084101,23,2310,231084
231084101209,东康村委会,231084101,23,2310,231084
231084101210,下马河村委会,231084101,23,2310,231084
231084101211,大荒地村委会,231084101,23,2310,231084
231084101213,哈达村委会,231084101,23,2310,231084
231084101214,烽火村委会,231084101,23,2310,231084
231084101215,红兴村委会,231084101,23,2310,231084
231084102001,新园社区居委会,231084102,23,2310,231084
231084102002,古都社区居委会,231084102,23,2310,231084
231084102200,渤海村委会,231084102,23,2310,231084
231084102201,上京村委会,231084102,23,2310,231084
231084102202,龙泉村委会,231084102,23,2310,231084
231084102203,双庙子村委会,231084102,23,2310,231084
231084102204,西地村委会,231084102,23,2310,231084
231084102205,白庙子村委会,231084102,23,2310,231084
231084102206,拐弯村委会,231084102,23,2310,231084
231084102208,土台子村委会,231084102,23,2310,231084
231084102211,江西村委会,231084102,23,2310,231084
231084102212,响水村委会,231084102,23,2310,231084
231084102213,瀑布村委会,231084102,23,2310,231084
231084102214,上官地村委会,231084102,23,2310,231084
231084102215,东珠村委会,231084102,23,2310,231084
231084102216,莲花一村委会,231084102,23,2310,231084
231084102217,莲花二村委会,231084102,23,2310,231084
231084102219,莲花三村委会,231084102,23,2310,231084
231084102223,杏山村委会,231084102,23,2310,231084
231084102224,富安村委会,231084102,23,2310,231084
231084102225,小三家子村委会,231084102,23,2310,231084
231084102226,大三家子村委会,231084102,23,2310,231084
231084102227,太平沟村委会,231084102,23,2310,231084
231084102229,梁家村委会,231084102,23,2310,231084
231084102230,小朱家村委会,231084102,23,2310,231084
231084102232,上屯村委会,231084102,23,2310,231084
231084102233,湖沿村委会,231084102,23,2310,231084
231084102234,湖北村委会,231084102,23,2310,231084
231084102235,青山村委会,231084102,23,2310,231084
231084102236,繁荣村委会,231084102,23,2310,231084
231084103200,石岩村委会,231084103,23,2310,231084
231084103201,幸福村委会,231084103,23,2310,231084
231084103202,四合村委会,231084103,23,2310,231084
231084103204,爱路村委会,231084103,23,2310,231084
231084103205,前进村委会,231084103,23,2310,231084
231084103206,拥军村委会,231084103,23,2310,231084
231084103207,东和村委会,231084103,23,2310,231084
231084103208,民主村委会,231084103,23,2310,231084
231084103209,团山子村委会,231084103,23,2310,231084
231084103210,腰岭村委会,231084103,23,2310,231084
231084103211,永富村委会,231084103,23,2310,231084
231084103212,平安村委会,231084103,23,2310,231084
231084103213,丰产村委会,231084103,23,2310,231084
231084103216,和平村委会,231084103,23,2310,231084
231084103217,东华村委会,231084103,23,2310,231084
231084103218,建设村委会,231084103,23,2310,231084
231084103220,乐园村委会,231084103,23,2310,231084
231084103221,民安村委会,231084103,23,2310,231084
231084104200,治安村委会,231084104,23,2310,231084
231084104201,永明村委会,231084104,23,2310,231084
231084104202,长安村委会,231084104,23,2310,231084
231084104203,新富村委会,231084104,23,2310,231084
231084104204,进荣村委会,231084104,23,2310,231084
231084104205,二闾村委会,231084104,23,2310,231084
231084104206,桦树村委会,231084104,23,2310,231084
231084104207,二道沟村委会,231084104,23,2310,231084
231084104208,木其村委会,231084104,23,2310,231084
231084104209,王家村委会,231084104,23,2310,231084
231084104210,和盛村委会,231084104,23,2310,231084
231084104211,卧龙泉村委会,231084104,23,2310,231084
231084104212,三块石村委会,231084104,23,2310,231084
231084104213,阎家村委会,231084104,23,2310,231084
231084104214,王豆坊村委会,231084104,23,2310,231084
231084104215,井城村委会,231084104,23,2310,231084
231084104216,小荒地村委会,231084104,23,2310,231084
231084104217,同心村委会,231084104,23,2310,231084
231084105200,海浪村委会,231084105,23,2310,231084
231084105201,安青村委会,231084105,23,2310,231084
231084105202,高家村委会,231084105,23,2310,231084
231084105203,兰旗村委会,231084105,23,2310,231084
231084105204,牡北村委会,231084105,23,2310,231084
231084105205,太平村委会,231084105,23,2310,231084
231084105207,光荣村委会,231084105,23,2310,231084
231084105208,东炉村委会,231084105,23,2310,231084
231084105209,前阳村委会,231084105,23,2310,231084
231084105210,后地村委会,231084105,23,2310,231084
231084105211,敖东村委会,231084105,23,2310,231084
231084105212,二洼村委会,231084105,23,2310,231084
231084105214,五道梁子村委会,231084105,23,2310,231084
231084105215,羊草村委会,231084105,23,2310,231084
231084105216,安平村委会,231084105,23,2310,231084
231084105217,三道梁子村委会,231084105,23,2310,231084
231084105218,七道梁子村委会,231084105,23,2310,231084
231084105219,八道梁子村委会,231084105,23,2310,231084
231084105220,九道梁子村委会,231084105,23,2310,231084
231084105221,宁西村委会,231084105,23,2310,231084
231084105222,林富村委会,231084105,23,2310,231084
231084105224,盘岭村委会,231084105,23,2310,231084
231084105225,庆城村委会,231084105,23,2310,231084
231084105226,镇北村委会,231084105,23,2310,231084
231084105227,岔路村委会,231084105,23,2310,231084
231084105228,大依兰村委会,231084105,23,2310,231084
231084105230,大牡丹村委会,231084105,23,2310,231084
231084105231,小牡丹村委会,231084105,23,2310,231084
231084105234,长胜村委会,231084105,23,2310,231084
231084105235,大生村委会,231084105,23,2310,231084
231084105236,北山村委会,231084105,23,2310,231084
231084105239,依兰岗满族村委会,231084105,23,2310,231084
231084106200,兰岗村委会,231084106,23,2310,231084
231084106201,文化村委会,231084106,23,2310,231084
231084106202,东升村委会,231084106,23,2310,231084
231084106204,新农村委会,231084106,23,2310,231084
231084106205,民和村委会,231084106,23,2310,231084
231084106206,牡丹村委会,231084106,23,2310,231084
231084106207,新中村委会,231084106,23,2310,231084
231084106208,依兰村委会,231084106,23,2310,231084
231084106209,自兴村委会,231084106,23,2310,231084
231084106210,永政村委会,231084106,23,2310,231084
231084107200,镜泊村委会,231084107,23,2310,231084
231084107202,湾沟村委会,231084107,23,2310,231084
231084107204,复兴楼村委会,231084107,23,2310,231084
231084107205,后渔村委会,231084107,23,2310,231084
231084107206,庆丰村委会,231084107,23,2310,231084
231084107207,五峰楼村委会,231084107,23,2310,231084
231084107208,永丰村委会,231084107,23,2310,231084
231084107209,湖南村委会,231084107,23,2310,231084
231084107210,金家村委会,231084107,23,2310,231084
231084107211,褚家村委会,231084107,23,2310,231084
231084107212,北石村委会,231084107,23,2310,231084
231084107213,湖西村委会,231084107,23,2310,231084
231084107214,城子村委会,231084107,23,2310,231084
231084107215,良种场村委会,231084107,23,2310,231084
231084107216,东大泡村委会,231084107,23,2310,231084
231084107217,小夹吉河村委会,231084107,23,2310,231084
231084107218,江北村委会,231084107,23,2310,231084
231084202202,新兴村委会,231084202,23,2310,231084
231084202205,新城村委会,231084202,23,2310,231084
231084202206,勇进村委会,231084202,23,2310,231084
231084202207,嘎斯村委会,231084202,23,2310,231084
231084202209,榆林村委会,231084202,23,2310,231084
231084202210,大唐村委会,231084202,23,2310,231084
231084202211,宝山村委会,231084202,23,2310,231084
231084202212,东安村委会,231084202,23,2310,231084
231084202213,四方村委会,231084202,23,2310,231084
231084202214,马家村委会,231084202,23,2310,231084
231084202217,东升村委会,231084202,23,2310,231084
231084202221,新顺村委会,231084202,23,2310,231084
231084202222,永胜村委会,231084202,23,2310,231084
231084202223,明星村委会,231084202,23,2310,231084
231084202226,永安村委会,231084202,23,2310,231084
231084202229,解放村委会,231084202,23,2310,231084
231084202230,双富村委会,231084202,23,2310,231084
231084202232,东兴村委会,231084202,23,2310,231084
231084202233,星光村委会,231084202,23,2310,231084
231084202234,缸窑村委会,231084202,23,2310,231084
231084202235,宁东村委会,231084202,23,2310,231084
231084202236,清泉村委会,231084202,23,2310,231084
231084202237,簸箕村委会,231084202,23,2310,231084
231084202238,永乐村委会,231084202,23,2310,231084
231084202240,福兴村委会,231084202,23,2310,231084
231084206200,卧龙村委会,231084206,23,2310,231084
231084206201,罗城沟村委会,231084206,23,2310,231084
231084206203,前三家子村委会,231084206,23,2310,231084
231084206204,三道湾村委会,231084206,23,2310,231084
231084206205,新政村委会,231084206,23,2310,231084
231084206206,勤劳村委会,231084206,23,2310,231084
231084206207,明泉村委会,231084206,23,2310,231084
231084206208,爱林村委会,231084206,23,2310,231084
231084206210,杏花村委会,231084206,23,2310,231084
231084206211,英山村委会,231084206,23,2310,231084
231084206212,西岗子村委会,231084206,23,2310,231084
231084206213,三道河子村委会,231084206,23,2310,231084
231084206215,农场村委会,231084206,23,2310,231084
231084208200,马莲河村委会,231084208,23,2310,231084
231084208201,新立村委会,231084208,23,2310,231084
231084208202,马河村委会,231084208,23,2310,231084
231084208203,红光村委会,231084208,23,2310,231084
231084208204,黎明一村委会,231084208,23,2310,231084
231084208205,金坑村委会,231084208,23,2310,231084
231084208206,跃进村委会,231084208,23,2310,231084
231084208207,东烧锅村委会,231084208,23,2310,231084
231084208208,后斗村委会,231084208,23,2310,231084
231084208209,前斗村委会,231084208,23,2310,231084
231084208210,头道村委会,231084208,23,2310,231084
231084208211,四道村委会,231084208,23,2310,231084
231084208212,鹿道村委会,231084208,23,2310,231084
231084208213,富路村委会,231084208,23,2310,231084
231084208214,松岭村委会,231084208,23,2310,231084
231084208215,五道河子村委会,231084208,23,2310,231084
231084211200,三陵村委会,231084211,23,2310,231084
231084211201,三星村委会,231084211,23,2310,231084
231084211202,南阳村委会,231084211,23,2310,231084
231084211203,西崴子村委会,231084211,23,2310,231084
231084211204,东沟村委会,231084211,23,2310,231084
231084211205,胡家村委会,231084211,23,2310,231084
231084211206,连家村委会,231084211,23,2310,231084
231084211207,贝家村委会,231084211,23,2310,231084
231084211208,爬梨沟村委会,231084211,23,2310,231084
231084211209,八家子村委会,231084211,23,2310,231084
231084211210,北湖村委会,231084211,23,2310,231084
231084211211,兴华村委会,231084211,23,2310,231084
231084211212,兴隆店村委会,231084211,23,2310,231084
231084211213,红旗村委会,231084211,23,2310,231084
231084211214,小兰旗沟村委会,231084211,23,2310,231084
231084211215,红土村委会,231084211,23,2310,231084
231084211216,泉眼沟村委会,231084211,23,2310,231084
231084211217,胡家沟村委会,231084211,23,2310,231084
231084400401,第一居委会,231084400,23,2310,231084
231084400402,第二居委会,231084400,23,2310,231084
231084400403,第三居委会,231084400,23,2310,231084
231084400404,第四居委会,231084400,23,2310,231084
231084400405,第五居委会,231084400,23,2310,231084
231084400406,第六居委会,231084400,23,2310,231084
231084400407,第七居委会,231084400,23,2310,231084
231084400408,第八居委会,231084400,23,2310,231084
231084400409,第九居委会,231084400,23,2310,231084
231084400410,第十居委会,231084400,23,2310,231084
231084400411,第十一居委会,231084400,23,2310,231084
231084400412,第十二居委会,231084400,23,2310,231084
231084400413,第十三居委会,231084400,23,2310,231084
231084400414,第十四居委会,231084400,23,2310,231084
231084400415,第十五居委会,231084400,23,2310,231084
231084400416,第十六居委会,231084400,23,2310,231084
231084400417,第十七居委会,231084400,23,2310,231084
231084400418,第十八居委会,231084400,23,2310,231084
231084400419,第十九居委会,231084400,23,2310,231084
231084400420,第二十居委会,231084400,23,2310,231084
231084400421,第二十一居委会,231084400,23,2310,231084
231084400422,第二十二居委会,231084400,23,2310,231084
231084400423,第二十三居委会,231084400,23,2310,231084
231084400424,第二十四居委会,231084400,23,2310,231084
231084400501,红旗林场生活区,231084400,23,2310,231084
231084400502,三道林场生活区,231084400,23,2310,231084
231084400503,奋斗林场生活区,231084400,23,2310,231084
231084400504,桦树经营所生活区,231084400,23,2310,231084
231084400505,新城经营所生活区,231084400,23,2310,231084
231084400506,团山子经营所生活区,231084400,23,2310,231084
231084400507,英山经营所生活区,231084400,23,2310,231084
231084400508,尔一林场生活区,231084400,23,2310,231084
231084400509,尔二林场生活区,231084400,23,2310,231084
231084400510,尔三林场生活区,231084400,23,2310,231084
231084400511,小北沟林场生活区,231084400,23,2310,231084
231084400512,苇芦河林场生活区,231084400,23,2310,231084
231084400513,鹿苑岛林场生活区,231084400,23,2310,231084
231084400514,尔站经营所生活区,231084400,23,2310,231084
231084400515,梨树沟经营所生活区,231084400,23,2310,231084
231084400516,抚育站经营所生活区,231084400,23,2310,231084
231084400517,斗沟子林场生活区,231084400,23,2310,231084
231084400518,榆树川林场生活区,231084400,23,2310,231084
231084400519,湾沟林场生活区,231084400,23,2310,231084
231084400520,湖南林场生活区,231084400,23,2310,231084
231084400521,东方红林场生活区,231084400,23,2310,231084
231084400522,南湖头经营所生活区,231084400,23,2310,231084
231084400523,英格岭经营所生活区,231084400,23,2310,231084
231084400524,苇子沟经营所生活区,231084400,23,2310,231084
231084400525,湖北经营所生活区,231084400,23,2310,231084
231084400526,湖西经营所生活区,231084400,23,2310,231084
231084400527,鹿道经营所生活区,231084400,23,2310,231084
231084500402,宁安场直社区,231084500,23,2310,231084
231084500501,宁安农场农业管理区,231084500,23,2310,231084
231085100001,民主社区居委会,231085100,23,2310,231085
231085100002,富家社区居委会,231085100,23,2310,231085
231085100003,头雁社区居委会,231085100,23,2310,231085
231085100004,曙光社区居委会,231085100,23,2310,231085
231085100005,沿河社区居委会,231085100,23,2310,231085
231085100006,和平社区居委会,231085100,23,2310,231085
231085100007,红旗社区居委会,231085100,23,2310,231085
231085100200,新城村委会,231085100,23,2310,231085
231085100201,太和村委会,231085100,23,2310,231085
231085100202,清和村委会,231085100,23,2310,231085
231085100203,中山村委会,231085100,23,2310,231085
231085100204,四平村委会,231085100,23,2310,231085
231085100205,和平村委会,231085100,23,2310,231085
231085100206,农拥村委会,231085100,23,2310,231085
231085100207,民主村委会,231085100,23,2310,231085
231085100208,富家村委会,231085100,23,2310,231085
231085100209,靠河村委会,231085100,23,2310,231085
231085100210,四合村委会,231085100,23,2310,231085
231085100211,莲河村委会,231085100,23,2310,231085
231085100212,秀池村委会,231085100,23,2310,231085
231085100214,民政村委会,231085100,23,2310,231085
231085101001,光荣居委会,231085101,23,2310,231085
231085101002,中福居委会,231085101,23,2310,231085
231085101003,团结居委会,231085101,23,2310,231085
231085101004,西岗居委会,231085101,23,2310,231085
231085101005,黎明居委会,231085101,23,2310,231085
231085101006,建设居委会,231085101,23,2310,231085
231085101007,先锋居委会,231085101,23,2310,231085
231085101008,道西居委会,231085101,23,2310,231085
231085101009,迎春居委会,231085101,23,2310,231085
231085101010,河南居委会,231085101,23,2310,231085
231085101011,德胜居委会,231085101,23,2310,231085
231085101012,春利居委会,231085101,23,2310,231085
231085101013,中心居委会,231085101,23,2310,231085
231085101014,前进居委会,231085101,23,2310,231085
231085101015,向阳居委会,231085101,23,2310,231085
231085101016,三岔居委会,231085101,23,2310,231085
231085101017,向南居委会,231085101,23,2310,231085
231085101018,新星居委会,231085101,23,2310,231085
231085101202,兴盛村委会,231085101,23,2310,231085
231085101203,石河村委会,231085101,23,2310,231085
231085101204,泉眼河村委会,231085101,23,2310,231085
231085101205,大屯村委会,231085101,23,2310,231085
231085101206,团结村委会,231085101,23,2310,231085
231085101207,大桥村委会,231085101,23,2310,231085
231085101208,红旗村委会,231085101,23,2310,231085
231085101210,西岗村委会,231085101,23,2310,231085
231085101211,河南村委会,231085101,23,2310,231085
231085101212,黎明村委会,231085101,23,2310,231085
231085101213,三岔村委会,231085101,23,2310,231085
231085101214,泉兴村委会,231085101,23,2310,231085
231085101215,振兴村委会,231085101,23,2310,231085
231085101216,北林村委会,231085101,23,2310,231085
231085101217,兴隆村委会,231085101,23,2310,231085
231085101218,河北村委会,231085101,23,2310,231085
231085101219,腰岭村委会,231085101,23,2310,231085
231085101220,岭前村委会,231085101,23,2310,231085
231085101221,明新村委会,231085101,23,2310,231085
231085101223,柳毛村委会,231085101,23,2310,231085
231085102001,义和居委会,231085102,23,2310,231085
231085102002,铁路居委会,231085102,23,2310,231085
231085102003,仁义居委会,231085102,23,2310,231085
231085102004,北安居委会,231085102,23,2310,231085
231085102200,义和村委会,231085102,23,2310,231085
231085102201,南站村委会,231085102,23,2310,231085
231085102202,红桥村委会,231085102,23,2310,231085
231085102203,新利村委会,231085102,23,2310,231085
231085102204,枯榆树村委会,231085102,23,2310,231085
231085102205,北安村委会,231085102,23,2310,231085
231085102206,中新村委会,231085102,23,2310,231085
231085102208,朝阳村委会,231085102,23,2310,231085
231085102210,新建村委会,231085102,23,2310,231085
231085102211,梨树村委会,231085102,23,2310,231085
231085102212,三道河村委会,231085102,23,2310,231085
231085102213,仁里东村委会,231085102,23,2310,231085
231085102214,仁里西村委会,231085102,23,2310,231085
231085102215,新民村委会,231085102,23,2310,231085
231085102216,悬羊村委会,231085102,23,2310,231085
231085102217,保安村委会,231085102,23,2310,231085
231085102220,仁义村委会,231085102,23,2310,231085
231085103001,西河居委会,231085103,23,2310,231085
231085103002,进步居委会,231085103,23,2310,231085
231085103003,新站居委会,231085103,23,2310,231085
231085103004,新华居委会,231085103,23,2310,231085
231085103005,跃进居委会,231085103,23,2310,231085
231085103200,跃进村委会,231085103,23,2310,231085
231085103201,新华村委会,231085103,23,2310,231085
231085103202,新站村委会,231085103,23,2310,231085
231085103203,西河村委会,231085103,23,2310,231085
231085103204,进步村委会,231085103,23,2310,231085
231085103206,南沟村委会,231085103,23,2310,231085
231085103207,战胜村委会,231085103,23,2310,231085
231085103208,北盛村委会,231085103,23,2310,231085
231085103210,幸福村委会,231085103,23,2310,231085
231085103212,北兴村委会,231085103,23,2310,231085
231085103213,永安村委会,231085103,23,2310,231085
231085103216,杨木村委会,231085103,23,2310,231085
231085103217,石门子村委会,231085103,23,2310,231085
231085103218,太安村委会,231085103,23,2310,231085
231085103219,东风村委会,231085103,23,2310,231085
231085103220,山东村委会,231085103,23,2310,231085
231085104001,镇北居委会,231085104,23,2310,231085
231085104002,镇南居委会,231085104,23,2310,231085
231085104003,车站居委会,231085104,23,2310,231085
231085104200,东村村委会,231085104,23,2310,231085
231085104201,西村村委会,231085104,23,2310,231085
231085104202,北村村委会,231085104,23,2310,231085
231085104203,南村村委会,231085104,23,2310,231085
231085104204,兴源村委会,231085104,23,2310,231085
231085104205,车站村委会,231085104,23,2310,231085
231085104206,兴鲜村委会,231085104,23,2310,231085
231085104207,康吉村委会,231085104,23,2310,231085
231085104208,新丰村委会,231085104,23,2310,231085
231085104209,东兴村委会,231085104,23,2310,231085
231085104210,东胜村委会,231085104,23,2310,231085
231085104211,红岩村委会,231085104,23,2310,231085
231085104212,红盛村委会,231085104,23,2310,231085
231085104214,西崴子村委会,231085104,23,2310,231085
231085105201,雷锋村委会,231085105,23,2310,231085
231085105202,普兴村委会,231085105,23,2310,231085
231085105203,双兴村委会,231085105,23,2310,231085
231085105204,红兴村委会,231085105,23,2310,231085
231085105205,光义村委会,231085105,23,2310,231085
231085105206,福兴村委会,231085105,23,2310,231085
231085105207,奇景村委会,231085105,23,2310,231085
231085105208,向阳村委会,231085105,23,2310,231085
231085105209,新兴村委会,231085105,23,2310,231085
231085105210,常兴村委会,231085105,23,2310,231085
231085105211,更新村委会,231085105,23,2310,231085
231085105212,金光村委会,231085105,23,2310,231085
231085105213,朝兴村委会,231085105,23,2310,231085
231085105214,三兴村委会,231085105,23,2310,231085
231085105215,自兴村委会,231085105,23,2310,231085
231085105216,建兴村委会,231085105,23,2310,231085
231085105217,福来村委会,231085105,23,2310,231085
231085105218,龙眼村委会,231085105,23,2310,231085
231085105219,五兴村委会,231085105,23,2310,231085
231085200200,福录村委会,231085200,23,2310,231085
231085200201,光明村委会,231085200,23,2310,231085
231085200202,五林村委会,231085200,23,2310,231085
231085200203,高峰村委会,231085200,23,2310,231085
231085200204,四方村委会,231085200,23,2310,231085
231085200205,国光村委会,231085200,23,2310,231085
231085200206,广太村委会,231085200,23,2310,231085
231085200207,康乐村委会,231085200,23,2310,231085
231085200208,自平村委会,231085200,23,2310,231085
231085200210,东新村委会,231085200,23,2310,231085
231085200211,成德村委会,231085200,23,2310,231085
231085200212,巨丰村委会,231085200,23,2310,231085
231085200214,纯盛村委会,231085200,23,2310,231085
231085200215,福生村委会,231085200,23,2310,231085
231085200216,平盛村委会,231085200,23,2310,231085
231085200217,新明村委会,231085200,23,2310,231085
231085202200,太平村委会,231085202,23,2310,231085
231085202202,立新村委会,231085202,23,2310,231085
231085202204,北金场村委会,231085202,23,2310,231085
231085202205,牛心村委会,231085202,23,2310,231085
231085202208,靠山村委会,231085202,23,2310,231085
231085202210,金峪村委会,231085202,23,2310,231085
231085202211,六峰村委会,231085202,23,2310,231085
231085202212,共和村委会,231085202,23,2310,231085
231085202213,碱场村委会,231085202,23,2310,231085
231085202215,东升村委会,231085202,23,2310,231085
231085202216,东光村委会,231085202,23,2310,231085
231085400401,第一居委会,231085400,23,2310,231085
231085400402,第二居委会,231085400,23,2310,231085
231085400403,第三居委会,231085400,23,2310,231085
231085400404,第四居委会,231085400,23,2310,231085
231085400405,第五居委会,231085400,23,2310,231085
231085400406,第六居委会,231085400,23,2310,231085
231085400407,风月桥经营所社区,231085400,23,2310,231085
231085400408,护林经营所社区,231085400,23,2310,231085
231085400409,纯盛经营所社区,231085400,23,2310,231085
231085400410,青沟岭经营所社区,231085400,23,2310,231085
231085400411,自兴经营所社区,231085400,23,2310,231085
231085400412,三兴经营所社区,231085400,23,2310,231085
231085400413,新兴经营所社区,231085400,23,2310,231085
231085400414,红星经营所社区,231085400,23,2310,231085
231085400415,光义经营所社区,231085400,23,2310,231085
231085400416,老黑山经营所社区,231085400,23,2310,231085
231085400417,马桥河经营所社区,231085400,23,2310,231085
231085400418,幸福经营所社区,231085400,23,2310,231085
231085400419,红房子经营所社区,231085400,23,2310,231085
231085400420,柳毛河经营所社区,231085400,23,2310,231085
231085400421,枯河沟经营所社区,231085400,23,2310,231085
231085400422,悬羊经营所社区,231085400,23,2310,231085
231085400423,砍椽沟经营所社区,231085400,23,2310,231085
231085400424,七家子经营所社区,231085400,23,2310,231085
231085401401,第一居委会,231085401,23,2310,231085
231085401402,第二居委会,231085401,23,2310,231085
231085401403,第三居委会,231085401,23,2310,231085
231085401404,第四居委会,231085401,23,2310,231085
231085401405,第五居委会,231085401,23,2310,231085
231085401406,第六居委会,231085401,23,2310,231085
231085401407,第七居委会,231085401,23,2310,231085
231085401408,第八居委会,231085401,23,2310,231085
231085401409,第九居委会,231085401,23,2310,231085
231085401410,第十居委会,231085401,23,2310,231085
231085401411,第十一居委会,231085401,23,2310,231085
231085401412,第十二居委会,231085401,23,2310,231085
231085401413,第十三居委会,231085401,23,2310,231085
231085401414,第十四居委会,231085401,23,2310,231085
231085401415,第十五居委会,231085401,23,2310,231085
231085401416,第十六居委会,231085401,23,2310,231085
231085401417,第十七居委会,231085401,23,2310,231085
231085401418,第十八居委会,231085401,23,2310,231085
231085401419,第十九居委会,231085401,23,2310,231085
231085401420,第二十居委会,231085401,23,2310,231085
231085401421,莲河经营所社区,231085401,23,2310,231085
231085401422,桦树河经营所社区,231085401,23,2310,231085
231085401423,杨木桥经营所社区,231085401,23,2310,231085
231085401424,双宁经营所社区,231085401,23,2310,231085
231085401425,和平经营所社区,231085401,23,2310,231085
231085401426,泉眼河经营所社区,231085401,23,2310,231085
231085401427,狮子桥经营所社区,231085401,23,2310,231085
231085401428,红岩经营所社区,231085401,23,2310,231085
231085401429,老道沟经营所社区,231085401,23,2310,231085
231085401430,代马沟经营所社区,231085401,23,2310,231085
231085401431,磨刀石经营所社区,231085401,23,2310,231085
231085401432,西北岔经营所社区,231085401,23,2310,231085
231085401433,共和经营所社区,231085401,23,2310,231085
231085401434,东兴经营所社区,231085401,23,2310,231085
231085401435,牛心山经营所社区,231085401,23,2310,231085
231085401437,龙爪沟经营所社区,231085401,23,2310,231085
231085401439,三新山经营所社区,231085401,23,2310,231085
231086100001,率宾社区居委会,231086100,23,2310,231086
231086100002,光明社区居委会,231086100,23,2310,231086
231086100003,中心社区居委会,231086100,23,2310,231086
231086100004,东兴社区居委会,231086100,23,2310,231086
231086100005,宏源社区居委会,231086100,23,2310,231086
231086100006,团结社区居委会,231086100,23,2310,231086
231086100007,南山社区居委会,231086100,23,2310,231086
231086100008,繁荣社区居委会,231086100,23,2310,231086
231086100009,建国社区居委会,231086100,23,2310,231086
231086100010,西山社区居委会,231086100,23,2310,231086
231086100201,一街村委会,231086100,23,2310,231086
231086100202,二街村委会,231086100,23,2310,231086
231086100203,菜一村委会,231086100,23,2310,231086
231086100204,菜二村委会,231086100,23,2310,231086
231086100205,大城子村委会,231086100,23,2310,231086
231086100206,夹信子村委会,231086100,23,2310,231086
231086100207,北河沿村委会,231086100,23,2310,231086
231086100208,民主村委会,231086100,23,2310,231086
231086100209,南沟村委会,231086100,23,2310,231086
231086100210,东绥村委会,231086100,23,2310,231086
231086100211,万鹿沟村委会,231086100,23,2310,231086
231086100212,转角楼村委会,231086100,23,2310,231086
231086100213,暖一村委会,231086100,23,2310,231086
231086100214,暖二村委会,231086100,23,2310,231086
231086100215,葫罗卜葳村委会,231086100,23,2310,231086
231086100216,太平沟村委会,231086100,23,2310,231086
231086100217,新屯村委会,231086100,23,2310,231086
231086101201,东大川村委会,231086101,23,2310,231086
231086101202,新立村委会,231086101,23,2310,231086
231086101203,幸福村委会,231086101,23,2310,231086
231086101204,永和村委会,231086101,23,2310,231086
231086101205,泡子沿村委会,231086101,23,2310,231086
231086101206,三岔口村委会,231086101,23,2310,231086
231086101207,五大队村委会,231086101,23,2310,231086
231086101208,高安村委会,231086101,23,2310,231086
231086101209,南山村委会,231086101,23,2310,231086
231086101210,矿山村委会,231086101,23,2310,231086
231086101211,东星村委会,231086101,23,2310,231086
231086101212,光星二村委会,231086101,23,2310,231086
231086101213,朝阳村委会,231086101,23,2310,231086
231086102201,大肚川村委会,231086102,23,2310,231086
231086102202,团结村委会,231086102,23,2310,231086
231086102203,浪东沟村委会,231086102,23,2310,231086
231086102204,李家趟子村委会,231086102,23,2310,231086
231086102205,胜利村委会,231086102,23,2310,231086
231086102206,太阳升村委会,231086102,23,2310,231086
231086102207,煤矿村委会,231086102,23,2310,231086
231086102208,新城沟村委会,231086102,23,2310,231086
231086102209,老城沟村委会,231086102,23,2310,231086
231086102210,闹枝沟村委会,231086102,23,2310,231086
231086102211,太平川村委会,231086102,23,2310,231086
231086102212,西沟村委会,231086102,23,2310,231086
231086102213,石门子村委会,231086102,23,2310,231086
231086102214,马营村委会,231086102,23,2310,231086
231086103201,信号村委会,231086103,23,2310,231086
231086103202,黑瞎沟村委会,231086103,23,2310,231086
231086103203,阳明村委会,231086103,23,2310,231086
231086103204,上碱村委会,231086103,23,2310,231086
231086103205,下碱村委会,231086103,23,2310,231086
231086103206,太平沟村委会,231086103,23,2310,231086
231086103207,和光村委会,231086103,23,2310,231086
231086103208,二道沟村委会,231086103,23,2310,231086
231086103209,奔楼头村委会,231086103,23,2310,231086
231086103210,罗家店村委会,231086103,23,2310,231086
231086103211,永红村委会,231086103,23,2310,231086
231086103212,老黑山村委会,231086103,23,2310,231086
231086103213,万宝湾村委会,231086103,23,2310,231086
231086103214,西葳子村委会,231086103,23,2310,231086
231086103215,南村村委会,231086103,23,2310,231086
231086103216,黄泥河村委会,231086103,23,2310,231086
231086104201,道河村委会,231086104,23,2310,231086
231086104202,和平村委会,231086104,23,2310,231086
231086104203,小地营村委会,231086104,23,2310,231086
231086104204,通沟村委会,231086104,23,2310,231086
231086104205,岭后村委会,231086104,23,2310,231086
231086104206,砬子沟村委会,231086104,23,2310,231086
231086104207,洞庭村委会,231086104,23,2310,231086
231086104208,岭西村委会,231086104,23,2310,231086
231086104209,跃进村委会,231086104,23,2310,231086
231086104210,西河村委会,231086104,23,2310,231086
231086104211,东村村委会,231086104,23,2310,231086
231086104212,西村村委会,231086104,23,2310,231086
231086104213,土城子村委会,231086104,23,2310,231086
231086104214,八里坪村委会,231086104,23,2310,231086
231086104215,沙河子村委会,231086104,23,2310,231086
231086104216,奋斗村委会,231086104,23,2310,231086
231086104217,前进村委会,231086104,23,2310,231086
231086104218,兴东村委会,231086104,23,2310,231086
231086105001,第一居委会,231086105,23,2310,231086
231086105002,第二居委会,231086105,23,2310,231086
231086105003,第三居委会,231086105,23,2310,231086
231086105004,第四居委会,231086105,23,2310,231086
231086105005,第五居委会,231086105,23,2310,231086
231086105006,第六居委会,231086105,23,2310,231086
231086105007,第七居委会,231086105,23,2310,231086
231086105008,第八居委会,231086105,23,2310,231086
231086105009,第九居委会,231086105,23,2310,231086
231086105010,第十居委会,231086105,23,2310,231086
231086105201,先锋村委会,231086105,23,2310,231086
231086105202,爱国村委会,231086105,23,2310,231086
231086105203,红旗村委会,231086105,23,2310,231086
231086105204,柞木村委会,231086105,23,2310,231086
231086105205,柳毛河村委会,231086105,23,2310,231086
231086105206,联兴村委会,231086105,23,2310,231086
231086105207,曙村村委会,231086105,23,2310,231086
231086105208,河南村委会,231086105,23,2310,231086
231086105209,三道村委会,231086105,23,2310,231086
231086105210,太平村委会,231086105,23,2310,231086
231086105211,二道村委会,231086105,23,2310,231086
231086105212,新民村委会,231086105,23,2310,231086
231086105213,北沟村委会,231086105,23,2310,231086
231086105214,菜营村委会,231086105,23,2310,231086
231086105215,蔬菜村委会,231086105,23,2310,231086
231086105216,绥西村委会,231086105,23,2310,231086
231086105217,三道河子村委会,231086105,23,2310,231086
231086105218,太岭村委会,231086105,23,2310,231086
231086105219,九里地村委会,231086105,23,2310,231086
231086105220,细鳞河村委会,231086105,23,2310,231086
231086105221,鸡冠村委会,231086105,23,2310,231086
231086105222,双丰村委会,231086105,23,2310,231086
231086105223,细岭村委会,231086105,23,2310,231086
231086105224,河西村委会,231086105,23,2310,231086
231086400001,绥阳林业居委会,231086400,23,2310,231086
231086400500,细鳞河林场生活区,231086400,23,2310,231086
231086400501,双桥子林场生活区,231086400,23,2310,231086
231086400502,万宝湾林场生活区,231086400,23,2310,231086
231086400503,太平川林场生活区,231086400,23,2310,231086
231086400504,三节砬子林场生活区,231086400,23,2310,231086
231086400505,暖泉河林场生活区,231086400,23,2310,231086
231086400506,中股流林场生活区,231086400,23,2310,231086
231086400507,三岔河林场生活区,231086400,23,2310,231086
231086400508,元山林场生活区,231086400,23,2310,231086
231086400509,会川林场生活区,231086400,23,2310,231086
231086400510,道河林场生活区,231086400,23,2310,231086
231086400511,沙洞林场生活区,231086400,23,2310,231086
231086400512,河湾林场生活区,231086400,23,2310,231086
231086400513,黄松林场生活区,231086400,23,2310,231086
231086400514,双丫子林场生活区,231086400,23,2310,231086
231086400515,寒葱河林场生活区,231086400,23,2310,231086
231086400516,青山林场生活区,231086400,23,2310,231086
231086400517,二道岗子林场生活区,231086400,23,2310,231086
231086400518,八里坪林场生活区,231086400,23,2310,231086
231086400519,柳桥沟林场生活区,231086400,23,2310,231086
231086400520,向岭林场生活区,231086400,23,2310,231086
231086400521,新青林场生活区,231086400,23,2310,231086
231102001006,长海社区居委会,231102001,23,2311,231102
231102001014,博文社区居委会,231102001,23,2311,231102
231102001015,网通社区居委会,231102001,23,2311,231102
231102001016,联通社区居委会,231102001,23,2311,231102
231102001017,金兰社区居委会,231102001,23,2311,231102
231102001018,喇嘛台社区,231102001,23,2311,231102
231102001019,武庙屯社区,231102001,23,2311,231102
231102002002,金融社区居委会,231102002,23,2311,231102
231102002003,邮政社区居委会,231102002,23,2311,231102
231102002008,热电社区居委会,231102002,23,2311,231102
231102003001,鹿源春社区居委会,231102003,23,2311,231102
231102003002,温馨社区居委会,231102003,23,2311,231102
231102004007,人保财险社区居委会,231102004,23,2311,231102
231102004008,福龙社区居委会,231102004,23,2311,231102
231102004009,向阳社区,231102004,23,2311,231102
231102101201,西岗子村委会,231102101,23,2311,231102
231102101202,杨树屯村委会,231102101,23,2311,231102
231102101203,坤站村委会,231102101,23,2311,231102
231102101204,东岗子村委会,231102101,23,2311,231102
231102101206,盘肠沟村委会,231102101,23,2311,231102
231102101207,西沟村委会,231102101,23,2311,231102
231102101209,托里木村委会,231102101,23,2311,231102
231102101210,红星村委会,231102101,23,2311,231102
231102101212,曹集屯村委会,231102101,23,2311,231102
231102101213,宋集屯村委会,231102101,23,2311,231102
231102102201,瑷珲村委会,231102102,23,2311,231102
231102102202,外四道沟村委会,231102102,23,2311,231102
231102102203,腰屯村委会,231102102,23,2311,231102
231102102204,西三道沟村委会,231102102,23,2311,231102
231102102205,二道泉村委会,231102102,23,2311,231102
231102102206,松树沟村委会,231102102,23,2311,231102
231102102207,头道沟村委会,231102102,23,2311,231102
231102102208,高岗屯村委会,231102102,23,2311,231102
231102102209,拉腰子村委会,231102102,23,2311,231102
231102102210,外三道沟村委会,231102102,23,2311,231102
231102102212,外二道沟村委会,231102102,23,2311,231102
231102102213,欢洞村委会,231102102,23,2311,231102
231102102214,城关村委会,231102102,23,2311,231102
231102102216,西三家子村委会,231102102,23,2311,231102
231102102217,北三家子村委会,231102102,23,2311,231102
231102102219,窦集屯村委会,231102102,23,2311,231102
231102103201,罕达汽村委会,231102103,23,2311,231102
231102103202,小沟村委会,231102103,23,2311,231102
231102103204,猪肚河村委会,231102103,23,2311,231102
231102103205,老公司村委会,231102103,23,2311,231102
231102103206,桦树排子村委会,231102103,23,2311,231102
231102103207,南大河村委会,231102103,23,2311,231102
231102103208,红旗村委会,231102103,23,2311,231102
231102103209,九道沟村委会,231102103,23,2311,231102
231102103210,裸河村委会,231102103,23,2311,231102
231102103401,河西社区,231102103,23,2311,231102
231102103402,木耳汽社区,231102103,23,2311,231102
231102103403,四道沟社区,231102103,23,2311,231102
231102104201,上马厂村委会,231102104,23,2311,231102
231102104203,西山后村委会,231102104,23,2311,231102
231102104204,三道湾子村委会,231102104,23,2311,231102
231102104205,达音炉村委会,231102104,23,2311,231102
231102104208,新曙光村委会,231102104,23,2311,231102
231102104209,纳金口子村委会,231102104,23,2311,231102
231102104210,南窑地村委会,231102104,23,2311,231102
231102200201,之路村委会,231102200,23,2311,231102
231102200202,幸福村委会,231102200,23,2311,231102
231102200203,河南屯村委会,231102200,23,2311,231102
231102200204,高地营子村委会,231102200,23,2311,231102
231102200205,上二公村委会,231102200,23,2311,231102
231102200206,下二公村委会,231102200,23,2311,231102
231102200207,长发村委会,231102200,23,2311,231102
231102200208,小黑河村委会,231102200,23,2311,231102
231102200209,新生活村委会,231102200,23,2311,231102
231102200210,红兴村委会,231102200,23,2311,231102
231102200502,红旗桥生活区,231102200,23,2311,231102
231102201201,四嘉子村委会,231102201,23,2311,231102
231102201202,东四嘉子村委会,231102201,23,2311,231102
231102201203,小三嘉子村委会,231102201,23,2311,231102
231102201204,大乌斯力村委会,231102201,23,2311,231102
231102201205,小乌斯力村委会,231102201,23,2311,231102
231102201206,卡伦山村委会,231102201,23,2311,231102
231102202201,坤河村委会,231102202,23,2311,231102
231102202202,富拉尔基村委会,231102202,23,2311,231102
231102202203,红旗村委会,231102202,23,2311,231102
231102202204,新民村委会,231102202,23,2311,231102
231102202205,兰旗村委会,231102202,23,2311,231102
231102202206,黄旗营子村委会,231102202,23,2311,231102
231102204201,霍尔沁村委会,231102204,23,2311,231102
231102204203,张地营子村委会,231102204,23,2311,231102
231102204204,泡子沿村委会,231102204,23,2311,231102
231102204206,白石砬子村委会,231102204,23,2311,231102
231102204207,小新屯村委会,231102204,23,2311,231102
231102204208,大新屯村委会,231102204,23,2311,231102
231102205201,新建村委会,231102205,23,2311,231102
231102205203,新西村委会,231102205,23,2311,231102
231102205204,新峰村委会,231102205,23,2311,231102
231102205205,新山村委会,231102205,23,2311,231102
231102205206,哈青村委会,231102205,23,2311,231102
231102206201,新生村委会,231102206,23,2311,231102
231102206202,新青村委会,231102206,23,2311,231102
231102206204,新发村委会,231102206,23,2311,231102
231102207201,二站村委会,231102207,23,2311,231102
231102207202,额雨村委会,231102207,23,2311,231102
231102207203,二龙村委会,231102207,23,2311,231102
231102207204,东山村委会,231102207,23,2311,231102
231102207205,卫星村委会,231102207,23,2311,231102
231102207207,三站村委会,231102207,23,2311,231102
231102207208,北师河村委会,231102207,23,2311,231102
231102207209,卧冬河村委会,231102207,23,2311,231102
231102207210,青松山村委会,231102207,23,2311,231102
231102207211,青龙山村委会,231102207,23,2311,231102
231102207212,根里河村委会,231102207,23,2311,231102
231102407598,大平林场虚拟生活区,231102407,23,2311,231102
231102408598,七二七林场虚拟生活区,231102408,23,2311,231102
231102409598,望峰林场虚拟生活区,231102409,23,2311,231102
231102410598,卡伦山林场虚拟生活区,231102410,23,2311,231102
231102411598,胜山林场虚拟生活区,231102411,23,2311,231102
231102412598,二站林场虚拟生活区,231102412,23,2311,231102
231102413598,三站林场虚拟生活区,231102413,23,2311,231102
231102414598,大岭林场虚拟生活区,231102414,23,2311,231102
231102415598,桦皮窑林场虚拟生活区,231102415,23,2311,231102
231102416598,滨南林场虚拟生活区,231102416,23,2311,231102
231102417598,江防林场虚拟生活区,231102417,23,2311,231102
231102418598,河南屯林场虚拟生活区,231102418,23,2311,231102
231102421598,西岗子试验林场虚拟生活区,231102421,23,2311,231102
231102425598,大新屯储木场虚拟生活区,231102425,23,2311,231102
231102480498,宋集屯煤矿虚拟社区,231102480,23,2311,231102
231102481498,西岗子煤矿虚拟社区,231102481,23,2311,231102
231102482498,东方红煤矿虚拟社区,231102482,23,2311,231102
231102500402,锦河场直社区,231102500,23,2311,231102
231102500501,锦河农场第一管理区,231102500,23,2311,231102
231102500502,锦河农场第二管理区,231102500,23,2311,231102
231102500503,锦河农场第三管理区,231102500,23,2311,231102
231102500504,锦河农场第四管理区,231102500,23,2311,231102
231102501402,红色边疆场直社区,231102501,23,2311,231102
231102501501,红色边疆农场第一管理区,231102501,23,2311,231102
231102501502,红色边疆农场第二管理区,231102501,23,2311,231102
231102501504,红色边疆农场第四管理区,231102501,23,2311,231102
231102501507,红色边疆农场第三管理区,231102501,23,2311,231102
231102580598,奶牛场虚拟生活区,231102580,23,2311,231102
231102581598,种畜场虚拟生活区,231102581,23,2311,231102
231102582598,第二良种场虚拟生活区,231102582,23,2311,231102
231102583598,第一良种场虚拟生活区,231102583,23,2311,231102
231123100001,建国社区居委会,231123100,23,2311,231123
231123100002,共建社区居委会,231123100,23,2311,231123
231123100003,金融社区居委会,231123100,23,2311,231123
231123100004,山湖路社区居委会,231123100,23,2311,231123
231123100005,育才社区居委会,231123100,23,2311,231123
231123100222,边疆村村委会,231123100,23,2311,231123
231123100223,黎明村村委会,231123100,23,2311,231123
231123100224,光明村村委会,231123100,23,2311,231123
231123100225,繁荣村村委会,231123100,23,2311,231123
231123100226,团结村村委会,231123100,23,2311,231123
231123100227,工农村村委会,231123100,23,2311,231123
231123100228,前进村村委会,231123100,23,2311,231123
231123100229,靠山村村委会,231123100,23,2311,231123
231123100230,新丰村村委会,231123100,23,2311,231123
231123100231,百合村村委会,231123100,23,2311,231123
231123100232,常胜村村委会,231123100,23,2311,231123
231123100233,高滩村村委会,231123100,23,2311,231123
231123100234,沂洲村村委会,231123100,23,2311,231123
231123100235,四新村村委会,231123100,23,2311,231123
231123100236,东套子村村委会,231123100,23,2311,231123
231123100237,山河村村委会,231123100,23,2311,231123
231123101001,逊河镇社区居委会,231123101,23,2311,231123
231123101200,三合村村委会,231123101,23,2311,231123
231123101201,双河村村委会,231123101,23,2311,231123
231123101202,沾河村村委会,231123101,23,2311,231123
231123101203,大公河村村委会,231123101,23,2311,231123
231123101204,西兴村村委会,231123101,23,2311,231123
231123101205,逊河一村村委会,231123101,23,2311,231123
231123101206,逊河二村村委会,231123101,23,2311,231123
231123101217,卜达敏村村委会,231123101,23,2311,231123
231123101218,小公河村村委会,231123101,23,2311,231123
231123103200,梅山村村委会,231123103,23,2311,231123
231123103201,克林河村村委会,231123103,23,2311,231123
231123103202,天山村村委会,231123103,23,2311,231123
231123103203,骆驼峰村村委会,231123103,23,2311,231123
231123103204,克林村村委会,231123103,23,2311,231123
231123103205,平台村村委会,231123103,23,2311,231123
231123103206,千山村村委会,231123103,23,2311,231123
231123103207,台山村村委会,231123103,23,2311,231123
231123201200,河西村村委会,231123201,23,2311,231123
231123201201,河东村村委会,231123201,23,2311,231123
231123201202,柞树岗村村委会,231123201,23,2311,231123
231123201203,胜利村村委会,231123201,23,2311,231123
231123201204,干岔子村村委会,231123201,23,2311,231123
231123201205,兴隆村村委会,231123201,23,2311,231123
231123201206,明星村村委会,231123201,23,2311,231123
231123201207,东升村村委会,231123201,23,2311,231123
231123202200,新立村村委会,231123202,23,2311,231123
231123202201,东发村村委会,231123202,23,2311,231123
231123202202,北镇村村委会,231123202,23,2311,231123
231123202203,复兴村村委会,231123202,23,2311,231123
231123202204,松树沟村村委会,231123202,23,2311,231123
231123202205,兴盛村村委会,231123202,23,2311,231123
231123202206,二龙村村委会,231123202,23,2311,231123
231123202207,兴亚村村委会,231123202,23,2311,231123
231123202208,安民村村委会,231123202,23,2311,231123
231123202209,福民村村委会,231123202,23,2311,231123
231123203200,宏伟村村委会,231123203,23,2311,231123
231123203201,卫东村村委会,231123203,23,2311,231123
231123203202,车陆村村委会,231123203,23,2311,231123
231123203203,宏丰村村委会,231123203,23,2311,231123
231123203204,西双河村村委会,231123203,23,2311,231123
231123203205,东双河村村委会,231123203,23,2311,231123
231123203206,库尔滨村村委会,231123203,23,2311,231123
231123203207,利民村村委会,231123203,23,2311,231123
231123203208,道干村村委会,231123203,23,2311,231123
231123203209,宏江村村委会,231123203,23,2311,231123
231123204200,新鄂村村委会,231123204,23,2311,231123
231123204201,浦洛口子村村委会,231123204,23,2311,231123
231123204202,新春村村委会,231123204,23,2311,231123
231123204203,新华村村委会,231123204,23,2311,231123
231123204204,新民村村委会,231123204,23,2311,231123
231123205200,新兴村村委会,231123205,23,2311,231123
231123205201,新城村村委会,231123205,23,2311,231123
231123205202,新建村村委会,231123205,23,2311,231123
231123205203,新河村村委会,231123205,23,2311,231123
231123207200,丛山村村委会,231123207,23,2311,231123
231123207201,宏山村村委会,231123207,23,2311,231123
231123207202,宝山村村委会,231123207,23,2311,231123
231123207203,福山村村委会,231123207,23,2311,231123
231123207204,宝泉村村委会,231123207,23,2311,231123
231123207205,阿廷河村村委会,231123207,23,2311,231123
231123207206,青松村村委会,231123207,23,2311,231123
231123207207,青岭村村委会,231123207,23,2311,231123
231123402598,道干林场虚拟生活区,231123402,23,2311,231123
231123403598,干岔子林场虚拟生活区,231123403,23,2311,231123
231123404598,新立林场虚拟生活区,231123404,23,2311,231123
231123405598,三间房林场虚拟生活区,231123405,23,2311,231123
231123406598,良种场虚拟生活区,231123406,23,2311,231123
231123407598,种畜场虚拟生活区,231123407,23,2311,231123
231123500402,逊克场直社区,231123500,23,2311,231123
231123500501,逊克农场第一管理区,231123500,23,2311,231123
231123500503,逊克农场第二管理区,231123500,23,2311,231123
231123500504,逊克农场第三管理区,231123500,23,2311,231123
231123500505,逊克农场第四管理区,231123500,23,2311,231123
231123500506,逊克农场第五管理区,231123500,23,2311,231123
231123500507,逊克农场第六管理区,231123500,23,2311,231123
231123500508,逊克农场第七管理区,231123500,23,2311,231123
231123500509,逊克农场第八管理区,231123500,23,2311,231123
231123500510,逊克农场第三十八管理区,231123500,23,2311,231123
231123500511,逊克农场第五十六管理区,231123500,23,2311,231123
231124100001,建华社区居委会,231124100,23,2311,231124
231124100002,光明社区居委会,231124100,23,2311,231124
231124100004,新华社区居委会,231124100,23,2311,231124
231124100006,商茂社区居委会,231124100,23,2311,231124
231124100008,永兴社区居委会,231124100,23,2311,231124
231124100010,铁北社区居委会,231124100,23,2311,231124
231124100210,河北村委会,231124100,23,2311,231124
231124100211,新兴村委会,231124100,23,2311,231124
231124100212,兴华村委会,231124100,23,2311,231124
231124100213,北孙吴村委会,231124100,23,2311,231124
231124100214,三屯村委会,231124100,23,2311,231124
231124100215,永跃村委会,231124100,23,2311,231124
231124100216,兴川村委会,231124100,23,2311,231124
231124100217,永胜村委会,231124100,23,2311,231124
231124100218,镇南村委会,231124100,23,2311,231124
231124101202,春青村委会,231124101,23,2311,231124
231124101203,辰清村委会,231124101,23,2311,231124
231124101204,曙光村委会,231124101,23,2311,231124
231124101205,核心村委会,231124101,23,2311,231124
231124101210,宝泉村委会,231124101,23,2311,231124
231124201201,西兴村委会,231124201,23,2311,231124
231124201202,平度村委会,231124201,23,2311,231124
231124201203,西南村委会,231124201,23,2311,231124
231124201204,西地营子村委会,231124201,23,2311,231124
231124201206,西岗村委会,231124201,23,2311,231124
231124201207,兴建村委会,231124201,23,2311,231124
231124201208,永丰村委会,231124201,23,2311,231124
231124201209,新丰村委会,231124201,23,2311,231124
231124201210,兴南村委会,231124201,23,2311,231124
231124201211,勇进村委会,231124201,23,2311,231124
231124202201,四季屯村委会,231124202,23,2311,231124
231124202202,大桦树林子村委会,231124202,23,2311,231124
231124202203,小桦树林子村委会,231124202,23,2311,231124
231124202204,西霍尔莫津村委会,231124202,23,2311,231124
231124202205,东光村委会,231124202,23,2311,231124
231124202206,东霍尔莫津村委会,231124202,23,2311,231124
231124202207,胜利屯村委会,231124202,23,2311,231124
231124202209,哈达彦村委会,231124202,23,2311,231124
231124203201,曾家堡村委会,231124203,23,2311,231124
231124203202,腰屯村委会,231124203,23,2311,231124
231124203203,吴家堡村委会,231124203,23,2311,231124
231124203204,红跃村委会,231124203,23,2311,231124
231124203205,红望村委会,231124203,23,2311,231124
231124203206,东兴村委会,231124203,23,2311,231124
231124203207,协振村委会,231124203,23,2311,231124
231124203208,北山村委会,231124203,23,2311,231124
231124203209,东卧牛河村委会,231124203,23,2311,231124
231124203210,河南村委会,231124203,23,2311,231124
231124203211,山河村委会,231124203,23,2311,231124
231124204201,卧牛河村委会,231124204,23,2311,231124
231124204202,新岭村委会,231124204,23,2311,231124
231124204204,前进村委会,231124204,23,2311,231124
231124204206,新立村委会,231124204,23,2311,231124
231124204207,新发村委会,231124204,23,2311,231124
231124204208,三岔河村委会,231124204,23,2311,231124
231124204209,赵地营子村委会,231124204,23,2311,231124
231124205201,邻山村委会,231124205,23,2311,231124
231124205202,民和村委会,231124205,23,2311,231124
231124205203,富民村委会,231124205,23,2311,231124
231124205204,前程村委会,231124205,23,2311,231124
231124205205,群山村委会,231124205,23,2311,231124
231124205206,富山村委会,231124205,23,2311,231124
231124205207,朝阳村委会,231124205,23,2311,231124
231124205208,十里岗村委会,231124205,23,2311,231124
231124206202,靠山村委会,231124206,23,2311,231124
231124206203,估河村委会,231124206,23,2311,231124
231124206204,七里屯村委会,231124206,23,2311,231124
231124206205,新业村委会,231124206,23,2311,231124
231124206209,大架子村委会,231124206,23,2311,231124
231124206210,奋斗村委会,231124206,23,2311,231124
231124206211,锈河村委会,231124206,23,2311,231124
231124206212,十八里村委会,231124206,23,2311,231124
231124206213,小架子村委会,231124206,23,2311,231124
231124206214,阿象山村委会,231124206,23,2311,231124
231124207201,红旗村委会,231124207,23,2311,231124
231124207202,青山村委会,231124207,23,2311,231124
231124207203,华山村委会,231124207,23,2311,231124
231124207205,钟山村委会,231124207,23,2311,231124
231124207206,建设村委会,231124207,23,2311,231124
231124207208,前峰村委会,231124207,23,2311,231124
231124208201,正阳村委会,231124208,23,2311,231124
231124208202,椅山村委会,231124208,23,2311,231124
231124208204,清泉村委会,231124208,23,2311,231124
231124208205,阳山村委会,231124208,23,2311,231124
231124208206,高山村委会,231124208,23,2311,231124
231124208207,莲山村委会,231124208,23,2311,231124
231124208208,艳阳村委会,231124208,23,2311,231124
231124208209,双山村委会,231124208,23,2311,231124
231124208212,岩峰村委会,231124208,23,2311,231124
231124208213,英河村委会,231124208,23,2311,231124
231124208214,向阳村委会,231124208,23,2311,231124
231124208215,林河村委会,231124208,23,2311,231124
231124208216,东岗村委会,231124208,23,2311,231124
231124210201,腰岭村委会,231124210,23,2311,231124
231124210203,平顶村委会,231124210,23,2311,231124
231124210204,清溪村村委会,231124210,23,2311,231124
231124210205,金沟村委会,231124210,23,2311,231124
231124210206,富库山村委会,231124210,23,2311,231124
231124210207,永青村委会,231124210,23,2311,231124
231124210211,环山村委会,231124210,23,2311,231124
231124402598,前进林场虚拟生活区,231124402,23,2311,231124
231124403598,大河口林场虚拟生活区,231124403,23,2311,231124
231124404598,正阳林场虚拟生活区,231124404,23,2311,231124
231124405598,平山林场虚拟生活区,231124405,23,2311,231124
231124406598,沿江林场虚拟生活区,231124406,23,2311,231124
231124407598,辰清林场虚拟生活区,231124407,23,2311,231124
231124408598,红旗林场虚拟生活区,231124408,23,2311,231124
231124409598,向阳林场虚拟生活区,231124409,23,2311,231124
231124410598,良种场虚拟生活区,231124410,23,2311,231124
231124411598,种畜场虚拟生活区,231124411,23,2311,231124
231181001001,通达社区,231181001,23,2311,231181
231181001003,百盛社区,231181001,23,2311,231181
231181001004,北苑社区,231181001,23,2311,231181
231181001005,新绿社区,231181001,23,2311,231181
231181002003,农垦社区,231181002,23,2311,231181
231181002004,弘北社区,231181002,23,2311,231181
231181002005,铁东社区,231181002,23,2311,231181
231181002006,东北亚社区,231181002,23,2311,231181
231181003001,园林社区,231181003,23,2311,231181
231181003003,北新社区,231181003,23,2311,231181
231181003004,电业社区,231181003,23,2311,231181
231181004001,热电社区,231181004,23,2311,231181
231181004003,庆民社区,231181004,23,2311,231181
231181004004,庆新社区,231181004,23,2311,231181
231181004005,人和社区,231181004,23,2311,231181
231181005001,海圣社区,231181005,23,2311,231181
231181005002,冠安社区,231181005,23,2311,231181
231181006001,法华社区,231181006,23,2311,231181
231181006003,业旺社区,231181006,23,2311,231181
231181101017,利民社区,231181101,23,2311,231181
231181101018,海晟社区,231181101,23,2311,231181
231181101019,禧荣社区,231181101,23,2311,231181
231181101020,鑫通社区,231181101,23,2311,231181
231181101021,幸福社区,231181101,23,2311,231181
231181101203,飞跃村委会,231181101,23,2311,231181
231181101204,新民村委会,231181101,23,2311,231181
231181101205,兴东村委会,231181101,23,2311,231181
231181101213,通北村委会,231181101,23,2311,231181
231181102010,丰泽社区,231181102,23,2311,231181
231181102011,新业社区,231181102,23,2311,231181
231181102012,建疆红社区,231181102,23,2311,231181
231181102202,北乐村委会,231181102,23,2311,231181
231181102203,北胜村委会,231181102,23,2311,231181
231181102204,福安村委会,231181102,23,2311,231181
231181102206,北河村委会,231181102,23,2311,231181
231181102207,前进村委会,231181102,23,2311,231181
231181102208,东丰村委会,231181102,23,2311,231181
231181102210,赵光村委会,231181102,23,2311,231181
231181103203,海星村委会,231181103,23,2311,231181
231181103204,兴旺村委会,231181103,23,2311,231181
231181103208,岚光村委会,231181103,23,2311,231181
231181103212,兴隆村委会,231181103,23,2311,231181
231181103213,治安村委会,231181103,23,2311,231181
231181103215,幸福村委会,231181103,23,2311,231181
231181104201,石泉村委会,231181104,23,2311,231181
231181104202,长胜村委会,231181104,23,2311,231181
231181104203,石昌村委会,231181104,23,2311,231181
231181104205,通河村委会,231181104,23,2311,231181
231181104208,团结村委会,231181104,23,2311,231181
231181104209,石远村委会,231181104,23,2311,231181
231181104212,石华村委会,231181104,23,2311,231181
231181104213,西边村委会,231181104,23,2311,231181
231181104215,勤俭村委会,231181104,23,2311,231181
231181104218,发展村委会,231181104,23,2311,231181
231181104219,光华村委会,231181104,23,2311,231181
231181104221,解放村委会,231181104,23,2311,231181
231181104222,永跃村委会,231181104,23,2311,231181
231181104223,富华村委会,231181104,23,2311,231181
231181105201,二井村委会,231181105,23,2311,231181
231181105202,建华村委会,231181105,23,2311,231181
231181105203,建革村委会,231181105,23,2311,231181
231181105212,联立村委会,231181105,23,2311,231181
231181105213,自平村委会,231181105,23,2311,231181
231181105215,自和村委会,231181105,23,2311,231181
231181105217,自民村委会,231181105,23,2311,231181
231181200201,建民村委会,231181200,23,2311,231181
231181200204,永青村委会,231181200,23,2311,231181
231181200206,长青村委会,231181200,23,2311,231181
231181200209,向前村委会,231181200,23,2311,231181
231181200216,双青村委会,231181200,23,2311,231181
231181200217,新华村委会,231181200,23,2311,231181
231181200220,革命村委会,231181200,23,2311,231181
231181200221,工农村委会,231181200,23,2311,231181
231181201201,东胜村委会,231181201,23,2311,231181
231181201203,东利村委会,231181201,23,2311,231181
231181201205,东和村委会,231181201,23,2311,231181
231181201207,东民村委会,231181201,23,2311,231181
231181201208,东北村委会,231181201,23,2311,231181
231181203201,模范村委会,231181203,23,2311,231181
231181203203,民主村委会,231181203,23,2311,231181
231181203204,民义村委会,231181203,23,2311,231181
231181203205,新荣村委会,231181203,23,2311,231181
231181203207,李家村委会,231181203,23,2311,231181
231181203209,和平村委会,231181203,23,2311,231181
231181203213,杨家村委会,231181203,23,2311,231181
231181207201,东星村委会,231181207,23,2311,231181
231181207202,红光村委会,231181207,23,2311,231181
231181207203,红星朝鲜族村委会,231181207,23,2311,231181
231181207205,主星朝鲜族村委会,231181207,23,2311,231181
231181400401,第一居委会,231181400,23,2311,231181
231181400402,第二居委会,231181400,23,2311,231181
231181400403,第三居委会,231181400,23,2311,231181
231181400404,第四居委会,231181400,23,2311,231181
231181400405,第五居委会,231181400,23,2311,231181
231181400406,第六居委会,231181400,23,2311,231181
231181400407,第七居委会,231181400,23,2311,231181
231181400408,第八居委会,231181400,23,2311,231181
231181400409,第九居委会,231181400,23,2311,231181
231181400410,第十居委会,231181400,23,2311,231181
231181400422,跃进经营所社区,231181400,23,2311,231181
231181400423,曙光经营所社区,231181400,23,2311,231181
231181400424,群力经营所社区,231181400,23,2311,231181
231181400511,建设林场生活区,231181400,23,2311,231181
231181400512,双胜林场生活区,231181400,23,2311,231181
231181400513,红光林场生活区,231181400,23,2311,231181
231181400514,东方红林场生活区,231181400,23,2311,231181
231181400515,朝阳林场生活区,231181400,23,2311,231181
231181400516,卫东林场生活区,231181400,23,2311,231181
231181400517,前进林场生活区,231181400,23,2311,231181
231181400518,碧水林场生活区,231181400,23,2311,231181
231181400519,南北河林场生活区,231181400,23,2311,231181
231181400520,八二农场生活区,231181400,23,2311,231181
231181400521,冰趟子林场生活区,231181400,23,2311,231181
231181400525,群力林场生活区,231181400,23,2311,231181
231181500598,北安管理局局直虚拟生活区,231181500,23,2311,231181
231181501402,长水河场直社区,231181501,23,2311,231181
231181501501,长水河农场第一管理区,231181501,23,2311,231181
231181501502,长水河农场第二管理区,231181501,23,2311,231181
231181501503,长水河农场第三管理区,231181501,23,2311,231181
231181501504,长水河农场第四管理区,231181501,23,2311,231181
231181501505,长水河农场第五管理区,231181501,23,2311,231181
231181501506,长水河农场第六管理区,231181501,23,2311,231181
231181502402,赵光场直社区,231181502,23,2311,231181
231181502501,赵光农场第一管理区,231181502,23,2311,231181
231181502502,赵光农场第二管理区,231181502,23,2311,231181
231181502503,赵光农场第三管理区,231181502,23,2311,231181
231181502504,赵光农场第四管理区,231181502,23,2311,231181
231181502505,赵光农场第五管理区,231181502,23,2311,231181
231181502506,赵光农场第六管理区,231181502,23,2311,231181
231181502507,赵光农场第七管理区,231181502,23,2311,231181
231181502508,赵光农场第八管理区,231181502,23,2311,231181
231181502509,赵光农场第九管理区,231181502,23,2311,231181
231181503402,红星场直社区,231181503,23,2311,231181
231181503501,红星农场第一管理区,231181503,23,2311,231181
231181503502,红星农场第二管理区,231181503,23,2311,231181
231181503503,红星农场第三管理区,231181503,23,2311,231181
231181503504,红星农场第四管理区,231181503,23,2311,231181
231181503505,红星农场第五管理区,231181503,23,2311,231181
231181504402,建设场直社区,231181504,23,2311,231181
231181504501,建设农场第一管理区,231181504,23,2311,231181
231181504502,建设农场第二管理区,231181504,23,2311,231181
231181504503,建设农场第三管理区,231181504,23,2311,231181
231181504504,建设农场第四管理区,231181504,23,2311,231181
231181504505,建设农场第五管理区,231181504,23,2311,231181
231181504506,建设农场第六管理区,231181504,23,2311,231181
231182001001,建安社区,231182001,23,2311,231182
231182001002,国土资源社区,231182001,23,2311,231182
231182001003,阳光社区,231182001,23,2311,231182
231182001004,福康社区,231182001,23,2311,231182
231182001005,天鹅社区,231182001,23,2311,231182
231182001006,联通社区,231182001,23,2311,231182
231182001007,宏福社区,231182001,23,2311,231182
231182101001,龙盛社区,231182101,23,2311,231182
231182101002,龙兴社区,231182101,23,2311,231182
231182101003,龙泰社区,231182101,23,2311,231182
231182101004,二龙山社区,231182101,23,2311,231182
231182101201,龙镇村委会,231182101,23,2311,231182
231182101202,发展村委会,231182101,23,2311,231182
231182101205,增产村委会,231182101,23,2311,231182
231182101206,开发村委会,231182101,23,2311,231182
231182101208,务本村委会,231182101,23,2311,231182
231182101210,东方红村委会,231182101,23,2311,231182
231182101211,讷谟尔村委会,231182101,23,2311,231182
231182101214,镇西村,231182101,23,2311,231182
231182101215,向东村委会,231182101,23,2311,231182
231182102001,和平社区,231182102,23,2311,231182
231182102002,四平社区,231182102,23,2311,231182
231182102202,利民村委会,231182102,23,2311,231182
231182102203,和平村委会,231182102,23,2311,231182
231182102204,和安村委会,231182102,23,2311,231182
231182102205,新立村委会,231182102,23,2311,231182
231182102206,解放村委会,231182102,23,2311,231182
231182102208,四平村委会,231182102,23,2311,231182
231182102209,济民村委会,231182102,23,2311,231182
231182102210,新民村委会,231182102,23,2311,231182
231182102211,翻身村委会,231182102,23,2311,231182
231182103001,石龙西社区,231182103,23,2311,231182
231182103002,石龙东社区,231182103,23,2311,231182
231182103003,名镇社区,231182103,23,2311,231182
231182103201,邻泉村委会,231182103,23,2311,231182
231182103202,青泉村委会,231182103,23,2311,231182
231182103203,龙泉村委会,231182103,23,2311,231182
231182103204,湖区管理处（村委会）,231182103,23,2311,231182
231182103205,大庆农场村委会,231182103,23,2311,231182
231182104001,双泉社区居民委员会,231182104,23,2311,231182
231182104202,三合村委会,231182104,23,2311,231182
231182104206,一心村委会,231182104,23,2311,231182
231182104207,双泉村委会,231182104,23,2311,231182
231182104208,宝泉村委会,231182104,23,2311,231182
231182104209,东兴村委会,231182104,23,2311,231182
231182104210,向阳村委会,231182104,23,2311,231182
231182104211,龙头村委会,231182104,23,2311,231182
231182104212,龙丰村委会,231182104,23,2311,231182
231182105001,新发社区居民委员会,231182105,23,2311,231182
231182105201,和民村,231182105,23,2311,231182
231182105202,胜利村委会,231182105,23,2311,231182
231182105203,永和村委会,231182105,23,2311,231182
231182105204,德安村委会,231182105,23,2311,231182
231182105205,新发村委会,231182105,23,2311,231182
231182105206,永胜村委会,231182105,23,2311,231182
231182105207,德都村委会,231182105,23,2311,231182
231182105208,凤山村委会,231182105,23,2311,231182
231182105209,青山村委会,231182105,23,2311,231182
231182105210,核心村委会,231182105,23,2311,231182
231182106001,团结社区,231182106,23,2311,231182
231182106201,团结村委会,231182106,23,2311,231182
231182106202,永生村委会,231182106,23,2311,231182
231182106203,新生村委会,231182106,23,2311,231182
231182106204,东升村委会,231182106,23,2311,231182
231182106206,永发村委会,231182106,23,2311,231182
231182106207,永安村委会,231182106,23,2311,231182
231182106208,永远村委会,231182106,23,2311,231182
231182107001,兴隆社区居民委员会,231182107,23,2311,231182
231182107201,凤凰山村委会,231182107,23,2311,231182
231182107202,红升村委会,231182107,23,2311,231182
231182107203,星火村委会,231182107,23,2311,231182
231182107204,四合村委会,231182107,23,2311,231182
231182107205,兴隆村委会,231182107,23,2311,231182
231182107206,复兴村委会,231182107,23,2311,231182
231182107208,双兴村委会,231182107,23,2311,231182
231182108201,朝阳村委会,231182108,23,2311,231182
231182108202,梁山村委会,231182108,23,2311,231182
231182108203,边河村委会,231182108,23,2311,231182
231182108204,红旗村委会,231182108,23,2311,231182
231182108206,金山村委会,231182108,23,2311,231182
231182108208,双河村委会,231182108,23,2311,231182
231182108209,东风村委会,231182108,23,2311,231182
231182108210,红卫村委会,231182108,23,2311,231182
231182108212,青峰村委会,231182108,23,2311,231182
231182108213,奋斗村委会,231182108,23,2311,231182
231182108214,沿河村委会,231182108,23,2311,231182
231182203201,中心村委会,231182203,23,2311,231182
231182203203,幸福村委会,231182203,23,2311,231182
231182203204,万有村委会,231182203,23,2311,231182
231182203205,建国村委会,231182203,23,2311,231182
231182203206,富民村委会,231182203,23,2311,231182
231182203207,富强村委会,231182203,23,2311,231182
231182203208,民兴村委会,231182203,23,2311,231182
231182203210,新兴村委会,231182203,23,2311,231182
231182203211,五三村委会,231182203,23,2311,231182
231182205201,长庚村委会,231182205,23,2311,231182
231182205202,平安村委会,231182205,23,2311,231182
231182205203,南泉村委会,231182205,23,2311,231182
231182205204,太平村委会,231182205,23,2311,231182
231182205205,振兴村委会,231182205,23,2311,231182
231182205206,庆民村委会,231182205,23,2311,231182
231182205207,庆丰村委会,231182205,23,2311,231182
231182205208,爱民村委会,231182205,23,2311,231182
231182208202,兴全村委会,231182208,23,2311,231182
231182208203,常清河村委会,231182208,23,2311,231182
231182208205,辰清河村委会,231182208,23,2311,231182
231182208206,元青山村委会,231182208,23,2311,231182
231182208208,钟山村委会,231182208,23,2311,231182
231182208209,丰山村委会,231182208,23,2311,231182
231182208210,兴龙山村委会,231182208,23,2311,231182
231182208211,舟山村委会,231182208,23,2311,231182
231182208212,兴安村委会,231182208,23,2311,231182
231182208213,固东河林场村委会,231182208,23,2311,231182
231182406598,元青山林场虚拟生活区,231182406,23,2311,231182
231182407598,三九六林场虚拟生活区,231182407,23,2311,231182
231182408598,小兴安林场虚拟生活区,231182408,23,2311,231182
231182409598,二龙山林场虚拟生活区,231182409,23,2311,231182
231182410598,朝阳林场虚拟生活区,231182410,23,2311,231182
231182411598,引龙河林场虚拟生活区,231182411,23,2311,231182
231182412598,焦得布林场虚拟生活区,231182412,23,2311,231182
231182414598,小孤山林场虚拟生活区,231182414,23,2311,231182
231182415598,药泉林场虚拟生活区,231182415,23,2311,231182
231182417500,沾河林业局生活区,231182417,23,2311,231182
231182417501,大吉岭库生活区,231182417,23,2311,231182
231182417502,乌斯孟生活区,231182417,23,2311,231182
231182417503,尖新山生活区,231182417,23,2311,231182
231182417504,北沾河生活区,231182417,23,2311,231182
231182417505,汤元山生活区,231182417,23,2311,231182
231182417506,茂岚生活区,231182417,23,2311,231182
231182417507,二可河生活区,231182417,23,2311,231182
231182417508,五道林生活区,231182417,23,2311,231182
231182417509,北营生活区,231182417,23,2311,231182
231182417510,南河生活区,231182417,23,2311,231182
231182417511,幸福生活区,231182417,23,2311,231182
231182417512,格拉气生活区,231182417,23,2311,231182
231182417513,新民生活区,231182417,23,2311,231182
231182417514,沾中生活区,231182417,23,2311,231182
231182417515,沾北生活区,231182417,23,2311,231182
231182417516,胜利生活区,231182417,23,2311,231182
231182417517,立新生活区,231182417,23,2311,231182
231182417518,天龙山经营所生活区,231182417,23,2311,231182
231182417519,木沟河经营所生活区,231182417,23,2311,231182
231182417520,天龙山生活区,231182417,23,2311,231182
231182417521,坤得气生活区,231182417,23,2311,231182
231182418201,莲花山村委会,231182418,23,2311,231182
231182418202,青龙山村委会,231182418,23,2311,231182
231182418203,元宝山村委会,231182418,23,2311,231182
231182418204,白凤山村委会,231182418,23,2311,231182
231182418205,十里山村委会,231182418,23,2311,231182
231182418206,联合村委会,231182418,23,2311,231182
231182427598,二龙山蚕种场虚拟生活区,231182427,23,2311,231182
231182429598,畜牧场虚拟生活区,231182429,23,2311,231182
231182430598,第二良种场虚拟生活区,231182430,23,2311,231182
231182480498,花园劳教所虚拟社区,231182480,23,2311,231182
231182481498,永丰监狱虚拟社区,231182481,23,2311,231182
231182482498,华山监狱虚拟社区,231182482,23,2311,231182
231182483498,凤凰山监狱虚拟社区,231182483,23,2311,231182
231182501403,龙门场直社区,231182501,23,2311,231182
231182501501,龙门农场第一管理区,231182501,23,2311,231182
231182501502,龙门农场第二管理区,231182501,23,2311,231182
231182501503,龙门农场第三管理区,231182501,23,2311,231182
231182501504,龙门农场第四管理区,231182501,23,2311,231182
231182501505,龙门农场第五管理区,231182501,23,2311,231182
231182502403,襄河场直社区,231182502,23,2311,231182
231182502501,襄河农场第一管理区,231182502,23,2311,231182
231182502502,襄河农场第二管理区,231182502,23,2311,231182
231182502503,襄河农场第三管理区,231182502,23,2311,231182
231182502504,襄河农场第四管理区,231182502,23,2311,231182
231182502505,襄河农场第五管理区,231182502,23,2311,231182
231182502506,襄河农场第六管理区,231182502,23,2311,231182
231182503403,龙镇场直社区,231182503,23,2311,231182
231182503501,龙镇农场第一管理区,231182503,23,2311,231182
231182503502,龙镇农场第二管理区,231182503,23,2311,231182
231182503503,龙镇农场第三管理区,231182503,23,2311,231182
231182503504,龙镇农场第四管理区,231182503,23,2311,231182
231182503505,龙镇农场第五管理区,231182503,23,2311,231182
231182503506,龙镇农场第六管理区,231182503,23,2311,231182
231182504402,二龙山场直社区,231182504,23,2311,231182
231182504501,二龙山农场第一管理区,231182504,23,2311,231182
231182504502,二龙山农场第二管理区,231182504,23,2311,231182
231182504503,二龙山农场第三管理区,231182504,23,2311,231182
231182504504,二龙山农场第四管理区,231182504,23,2311,231182
231182504505,二龙山农场第五管理区,231182504,23,2311,231182
231182504506,二龙山农场第六管理区,231182504,23,2311,231182
231182504507,二龙山农场第七管理区,231182504,23,2311,231182
231182504508,二龙山农场第八管理区,231182504,23,2311,231182
231182505402,引龙河场直社区,231182505,23,2311,231182
231182505501,引龙河农场第一管理区,231182505,23,2311,231182
231182505502,引龙河农场第二管理区,231182505,23,2311,231182
231182505503,引龙河农场第三管理区,231182505,23,2311,231182
231182505504,引龙河农场第四管理区,231182505,23,2311,231182
231182505505,引龙河农场第五管理区,231182505,23,2311,231182
231182505506,引龙河农场第六管理区,231182505,23,2311,231182
231182505507,引龙河农场第七管理区,231182505,23,2311,231182
231182506402,尾山场直社区,231182506,23,2311,231182
231182506501,尾山农场第一管理区,231182506,23,2311,231182
231182506502,尾山农场第二管理区,231182506,23,2311,231182
231182506503,尾山农场第三管理区,231182506,23,2311,231182
231182506504,尾山农场第四管理区,231182506,23,2311,231182
231182507402,格球山场直社区,231182507,23,2311,231182
231182507501,格球山农场第一管理区,231182507,23,2311,231182
231182507502,格球山农场第二管理区,231182507,23,2311,231182
231182507503,格球山农场第三管理区,231182507,23,2311,231182
231182507504,格球山农场第四管理区,231182507,23,2311,231182
231182507505,格球山农场菜业管理区,231182507,23,2311,231182
231182508402,五大连池场直社区,231182508,23,2311,231182
231182508501,五大连池农场第一管理区,231182508,23,2311,231182
231182508502,五大连池农场第二管理区,231182508,23,2311,231182
231182508503,五大连池农场第三管理区,231182508,23,2311,231182
231182508504,五大连池农场第四管理区,231182508,23,2311,231182
231183100001,邮政社区居委会,231183100,23,2311,231183
231183100002,旭光社区居委会,231183100,23,2311,231183
231183100003,东风社区居委会,231183100,23,2311,231183
231183100004,军民社区居委会,231183100,23,2311,231183
231183100005,繁华社区居委会,231183100,23,2311,231183
231183100006,嫩水社区居委会,231183100,23,2311,231183
231183100007,警民社区居委会,231183100,23,2311,231183
231183100008,回民社区居委会,231183100,23,2311,231183
231183100009,四季鲜社区居委会,231183100,23,2311,231183
231183100010,墨尔根社区居委会,231183100,23,2311,231183
231183100011,四季青社区居委会,231183100,23,2311,231183
231183100012,立新社区居委会,231183100,23,2311,231183
231183100013,兴农社区居委会,231183100,23,2311,231183
231183100014,铁西社区居委会,231183100,23,2311,231183
231183100015,新建社区居委,231183100,23,2311,231183
231183100200,新合村委会,231183100,23,2311,231183
231183100201,团结村委会,231183100,23,2311,231183
231183100202,长江村委会,231183100,23,2311,231183
231183100203,四家子村委会,231183100,23,2311,231183
231183100204,巨祥村委会,231183100,23,2311,231183
231183101200,兴隆村委会,231183101,23,2311,231183
231183101201,晨光村委会,231183101,23,2311,231183
231183101202,五一村委会,231183101,23,2311,231183
231183101203,五四村委会,231183101,23,2311,231183
231183101204,黎明村委会,231183101,23,2311,231183
231183101205,永发村委会,231183101,23,2311,231183
231183101206,三星村委会,231183101,23,2311,231183
231183101207,红嫩村委会,231183101,23,2311,231183
231183101208,古城村委会,231183101,23,2311,231183
231183101209,新化村委会,231183101,23,2311,231183
231183101210,新丰村委会,231183101,23,2311,231183
231183101211,新太村委会,231183101,23,2311,231183
231183101212,展望村委会,231183101,23,2311,231183
231183102200,双山村委会,231183102,23,2311,231183
231183102201,青山村委会,231183102,23,2311,231183
231183102202,蔡窑村委会,231183102,23,2311,231183
231183102203,双兴村委会,231183102,23,2311,231183
231183102204,展新村委会,231183102,23,2311,231183
231183103200,矿山村委会,231183103,23,2311,231183
231183103201,盘龙山村委会,231183103,23,2311,231183
231183103202,双河村委会,231183103,23,2311,231183
231183103203,卧都河村委会,231183103,23,2311,231183
231183103204,龙山村委会,231183103,23,2311,231183
231183103205,先富村委会,231183103,23,2311,231183
231183103206,马鞍山村,231183103,23,2311,231183
231183104200,中心村委会,231183104,23,2311,231183
231183104201,长华村委会,231183104,23,2311,231183
231183104202,长红村委会,231183104,23,2311,231183
231183104203,红塔村委会,231183104,23,2311,231183
231183104204,幸福村委会,231183104,23,2311,231183
231183104205,东风村委会,231183104,23,2311,231183
231183104206,山河村委会,231183104,23,2311,231183
231183104207,五星村委会,231183104,23,2311,231183
231183104208,嫩光村委会,231183104,23,2311,231183
231183104209,红星村委会,231183104,23,2311,231183
231183104210,胜利村委会,231183104,23,2311,231183
231183104211,曙光村委会,231183104,23,2311,231183
231183104212,长胜村委会,231183104,23,2311,231183
231183104213,新胜村委会,231183104,23,2311,231183
231183104214,金星村委会,231183104,23,2311,231183
231183104215,福胜村委会,231183104,23,2311,231183
231183105200,前进村委会,231183105,23,2311,231183
231183105201,文质村委会,231183105,23,2311,231183
231183105202,联合村委会,231183105,23,2311,231183
231183105203,繁荣村委会,231183105,23,2311,231183
231183105204,新华村委会,231183105,23,2311,231183
231183105205,祯祥村委会,231183105,23,2311,231183
231183105206,保胜村委会,231183105,23,2311,231183
231183105207,永胜村委会,231183105,23,2311,231183
231183105208,吉祥村委会,231183105,23,2311,231183
231183105209,利民村委会,231183105,23,2311,231183
231183105210,东升村委会,231183105,23,2311,231183
231183105211,青石村委会,231183105,23,2311,231183
231183105212,中原村委会,231183105,23,2311,231183
231183106200,长庆村委会,231183106,23,2311,231183
231183106201,光辉村委会,231183106,23,2311,231183
231183106202,靠山村委会,231183106,23,2311,231183
231183106203,德胜村委会,231183106,23,2311,231183
231183106204,新发村委会,231183106,23,2311,231183
231183106205,云龙村委会,231183106,23,2311,231183
231183106206,东岗村委会,231183106,23,2311,231183
231183106207,爱国村委会,231183106,23,2311,231183
231183106208,中合村委会,231183106,23,2311,231183
231183106209,巨胜村委会,231183106,23,2311,231183
231183106210,永丰村委会,231183106,23,2311,231183
231183106211,德发村委会,231183106,23,2311,231183
231183107200,科洛村委会,231183107,23,2311,231183
231183107201,科后村委会,231183107,23,2311,231183
231183107202,柏根里村委会,231183107,23,2311,231183
231183107203,石头沟村委会,231183107,23,2311,231183
231183107204,双泉村委会,231183107,23,2311,231183
231183107205,东明村委会,231183107,23,2311,231183
231183107206,富民村委会,231183107,23,2311,231183
231183108200,南街村委会,231183108,23,2311,231183
231183108201,窝窝村委会,231183108,23,2311,231183
231183108202,前屯村委会,231183108,23,2311,231183
231183108203,红岩村委会,231183108,23,2311,231183
231183108204,霍龙门沟村委会,231183108,23,2311,231183
231183108205,新立村委会,231183108,23,2311,231183
231183108206,依克特村委会,231183108,23,2311,231183
231183108207,新兴村委会,231183108,23,2311,231183
231183108208,哈尔通村委会,231183108,23,2311,231183
231183108209,泥鳅村委会,231183108,23,2311,231183
231183108210,大安村委会,231183108,23,2311,231183
231183108211,粮囤村委会,231183108,23,2311,231183
231183108212,迎丰村委会,231183108,23,2311,231183
231183108213,座虎滩村委会,231183108,23,2311,231183
231183202200,前马鞍山村委会,231183202,23,2311,231183
231183202201,赤卫村委会,231183202,23,2311,231183
231183202202,多金村委会,231183202,23,2311,231183
231183202203,新江村委会,231183202,23,2311,231183
231183202204,铁古砬村委会,231183202,23,2311,231183
231183202205,苇芦泡村委会,231183202,23,2311,231183
231183202206,桦木村委会,231183202,23,2311,231183
231183202207,博尔气村委会,231183202,23,2311,231183
231183202208,江南村委会,231183202,23,2311,231183
231183202209,小石砬村委会,231183202,23,2311,231183
231183202210,大石砬村委会,231183202,23,2311,231183
231183202211,庆丰村委会,231183202,23,2311,231183
231183202212,后马鞍山村委会,231183202,23,2311,231183
231183202213,丹凤村委会,231183202,23,2311,231183
231183206200,联兴村委会,231183206,23,2311,231183
231183206201,东宁村委会,231183206,23,2311,231183
231183206202,双兴村委会,231183206,23,2311,231183
231183206203,合兴村委会,231183206,23,2311,231183
231183206204,振兴村委会,231183206,23,2311,231183
231183206205,哈什太村委会,231183206,23,2311,231183
231183206206,金山村委会,231183206,23,2311,231183
231183206209,兴革村委会,231183206,23,2311,231183
231183206210,银河村委会,231183206,23,2311,231183
231183207200,宝山村委会,231183207,23,2311,231183
231183207201,青海村委会,231183207,23,2311,231183
231183207202,富强村委会,231183207,23,2311,231183
231183207203,白云村委会,231183207,23,2311,231183
231183207204,清泉村委会,231183207,23,2311,231183
231183207205,青良村委会,231183207,23,2311,231183
231183207206,新民村委会,231183207,23,2311,231183
231183207207,群山村委会,231183207,23,2311,231183
231183207208,金桥村委会,231183207,23,2311,231183
231183207209,三青村委会,231183207,23,2311,231183
231183207210,麦海村委会,231183207,23,2311,231183
231183207211,群合村委会,231183207,23,2311,231183
231183207212,向阳村委会,231183207,23,2311,231183
231183207213,聚宝村委会,231183207,23,2311,231183
231183207214,北源村委会,231183207,23,2311,231183
231183207215,长征村委会,231183207,23,2311,231183
231183208200,沐河村委会,231183208,23,2311,231183
231183208201,二十里河村委会,231183208,23,2311,231183
231183208202,西荒村委会,231183208,23,2311,231183
231183208203,塔溪村委会,231183208,23,2311,231183
231183208204,德永村委会,231183208,23,2311,231183
231183208205,河北村委会,231183208,23,2311,231183
231183208206,杨树村委会,231183208,23,2311,231183
231183208207,溪四合村委会,231183208,23,2311,231183
231183208208,塔峰村委会,231183208,23,2311,231183
231183208209,兴驿村委会,231183208,23,2311,231183
231183211200,长江村委会,231183211,23,2311,231183
231183211201,福山村委会,231183211,23,2311,231183
231183211202,沿江村委会,231183211,23,2311,231183
231183211203,永福村委会,231183211,23,2311,231183
231183211204,清江村委会,231183211,23,2311,231183
231183211205,金石村委会,231183211,23,2311,231183
231183211206,英山村委会,231183211,23,2311,231183
231183400498,虚拟多宝山镇三矿沟虚拟社区,231183400,23,2311,231183
231183500501,九三管理局局直新天地生活区,231183500,23,2311,231183
231183500502,九三管理局局直红河小区生活区,231183500,23,2311,231183
231183500503,九三管理局局直莱河小镇生活区,231183500,23,2311,231183
231183500504,九三管理局局直生态家园生活区,231183500,23,2311,231183
231183500505,九三管理局局直金利小区生活区,231183500,23,2311,231183
231183500506,九三管理局局直鼎钧家园生活区,231183500,23,2311,231183
231183500507,九三管理局局直丁香园生活区,231183500,23,2311,231183
231183500508,九三管理局局直东苑小区生活区,231183500,23,2311,231183
231183500509,九三管理局局直南苑小区生活区,231183500,23,2311,231183
231183500510,九三管理局局直交易城生活区,231183500,23,2311,231183
231183501402,鹤山场直社区,231183501,23,2311,231183
231183501501,鹤山农场第一管理区,231183501,23,2311,231183
231183501502,鹤山农场第二管理区,231183501,23,2311,231183
231183501503,鹤山农场第三管理区,231183501,23,2311,231183
231183501504,鹤山农场第四管理区,231183501,23,2311,231183
231183501505,鹤山农场第五管理区,231183501,23,2311,231183
231183501506,鹤山农场第六管理区,231183501,23,2311,231183
231183501507,鹤山农场第七管理区,231183501,23,2311,231183
231183501508,鹤山农场第八管理区,231183501,23,2311,231183
231183501509,鹤山农场第九管理区,231183501,23,2311,231183
231183501510,鹤山农场第十管理区,231183501,23,2311,231183
231183501511,鹤山农场第十一管理区,231183501,23,2311,231183
231183501512,鹤山农场第十二管理区,231183501,23,2311,231183
231183502402,大西江场直社区,231183502,23,2311,231183
231183502501,大西江农场第一管理区,231183502,23,2311,231183
231183502502,大西江农场第二管理区,231183502,23,2311,231183
231183502503,大西江农场第三管理区,231183502,23,2311,231183
231183502504,大西江农场第四管理区,231183502,23,2311,231183
231183502505,大西江农场第五管理区,231183502,23,2311,231183
231183502506,大西江农场第六管理区,231183502,23,2311,231183
231183503402,尖山场直社区,231183503,23,2311,231183
231183503501,尖山农场第一管理区,231183503,23,2311,231183
231183503502,尖山农场第二管理区,231183503,23,2311,231183
231183503503,尖山农场第三管理区,231183503,23,2311,231183
231183503504,尖山农场第四管理区,231183503,23,2311,231183
231183503505,尖山农场第五管理区,231183503,23,2311,231183
231183503506,尖山农场第六管理区,231183503,23,2311,231183
231183503510,尖山农场第七管理区,231183503,23,2311,231183
231183504402,荣军场直社区,231183504,23,2311,231183
231183504501,荣军农场第一管理区,231183504,23,2311,231183
231183504502,荣军农场第二管理区,231183504,23,2311,231183
231183504503,荣军农场第三管理区,231183504,23,2311,231183
231183504504,荣军农场第四管理区,231183504,23,2311,231183
231183504505,荣军农场第五管理区,231183504,23,2311,231183
231183506402,七星泡场直社区,231183506,23,2311,231183
231183506501,七星泡农场第一管理区,231183506,23,2311,231183
231183506502,七星泡农场第二管理区,231183506,23,2311,231183
231183506503,七星泡农场第三管理区,231183506,23,2311,231183
231183506504,七星泡农场第四管理区,231183506,23,2311,231183
231183506505,七星泡农场第五管理区,231183506,23,2311,231183
231183506506,七星泡农场第六管理区,231183506,23,2311,231183
231183506507,七星泡农场第七管理区,231183506,23,2311,231183
231183506508,七星泡农场第八管理区,231183506,23,2311,231183
231183506509,七星泡农场第九管理区,231183506,23,2311,231183
231183506510,七星泡农场第十管理区,231183506,23,2311,231183
231183507402,嫩江场直社区,231183507,23,2311,231183
231183507501,嫩江农场第一管理区,231183507,23,2311,231183
231183507502,嫩江农场第二管理区,231183507,23,2311,231183
231183507503,嫩江农场第三管理区,231183507,23,2311,231183
231183507505,嫩江农场第五管理区,231183507,23,2311,231183
231183507506,嫩江农场第六管理区,231183507,23,2311,231183
231183507507,嫩江农场第七管理区,231183507,23,2311,231183
231183507508,嫩江农场第八管理区,231183507,23,2311,231183
231183507509,嫩江农场第九管理区,231183507,23,2311,231183
231183507510,嫩江农场第四管理区,231183507,23,2311,231183
231183508402,山河场直社区,231183508,23,2311,231183
231183508501,山河农场第一管理区,231183508,23,2311,231183
231183508502,山河农场第二管理区,231183508,23,2311,231183
231183508503,山河农场第三管理区,231183508,23,2311,231183
231183508504,山河农场第四管理区,231183508,23,2311,231183
231183508505,山河农场第五管理区,231183508,23,2311,231183
231183508506,山河农场第六管理区,231183508,23,2311,231183
231183508507,山河农场第七管理区,231183508,23,2311,231183
231183508508,山河农场乐山林场管理区,231183508,23,2311,231183
231183509402,嫩北场直社区,231183509,23,2311,231183
231183509501,嫩北农场第一管理区,231183509,23,2311,231183
231183509502,嫩北农场第二管理区,231183509,23,2311,231183
231183509503,嫩北农场第三管理区,231183509,23,2311,231183
231183509504,嫩北农场第四管理区,231183509,23,2311,231183
231183509505,嫩北农场第五管理区,231183509,23,2311,231183
231183509506,嫩北农场第六管理区,231183509,23,2311,231183
231183509507,嫩北农场第七管理区,231183509,23,2311,231183
231183509508,嫩北农场第八管理区,231183509,23,2311,231183
231183509509,嫩北农场第九管理区,231183509,23,2311,231183
231183510402,建边场直社区,231183510,23,2311,231183
231183510501,建边农场第一管理区,231183510,23,2311,231183
231183510502,建边农场第二管理区,231183510,23,2311,231183
231183510503,建边农场第三管理区,231183510,23,2311,231183
231183510504,建边农场第四管理区,231183510,23,2311,231183
231183510505,建边农场第五管理区,231183510,23,2311,231183
231183510506,建边场直第六管理区,231183510,23,2311,231183
231183581598,马铃薯原种繁殖场虚拟生活区,231183581,23,2311,231183
231202001001,红旗社区居民委员会,231202001,23,2312,231202
231202001002,东风社区居民委员会,231202001,23,2312,231202
231202001003,春雨社区居民委员会,231202001,23,2312,231202
231202001004,立新社区居民委员会,231202001,23,2312,231202
231202002001,八一社区居民委员会,231202002,23,2312,231202
231202002002,康怡社区居民委员会,231202002,23,2312,231202
231202002003,建设社区居民委员会,231202002,23,2312,231202
231202002004,铁北社区居民委员会,231202002,23,2312,231202
231202003001,奋斗社区居民委员会,231202003,23,2312,231202
231202003002,政通社区居民委员会,231202003,23,2312,231202
231202003003,团结社区居民委员会,231202003,23,2312,231202
231202004001,碧桂园社区居民委员会,231202004,23,2312,231202
231202004002,电力社区居民委员会,231202004,23,2312,231202
231202004003,学府社区居民委员会,231202004,23,2312,231202
231202004004,天缘社区居民委员会,231202004,23,2312,231202
231202005001,工农管理区居民委员会,231202005,23,2312,231202
231202005002,红旗管理区居民委员会,231202005,23,2312,231202
231202005003,新兴管理区居民委员会,231202005,23,2312,231202
231202005004,新源管理区居民委员会,231202005,23,2312,231202
231202006001,太平管理区居民委员会,231202006,23,2312,231202
231202006002,四平管理区居民委员会,231202006,23,2312,231202
231202006003,九三管理区居民委员会,231202006,23,2312,231202
231202007001,泰华社区居民委员会,231202007,23,2312,231202
231202007002,金叶社区居民委员会,231202007,23,2312,231202
231202007003,联通社区居民委员会,231202007,23,2312,231202
231202007004,朝阳社区居民委员会,231202007,23,2312,231202
231202008001,鑫源社区居民委员会,231202008,23,2312,231202
231202008002,金鹏社区居民委员会,231202008,23,2312,231202
231202008003,花园社区居民委员会,231202008,23,2312,231202
231202008004,胜利社区居民委员会,231202008,23,2312,231202
231202008005,水文社区居民委员会,231202008,23,2312,231202
231202009001,新华社区居民委员会,231202009,23,2312,231202
231202009002,前进社区居民委员会,231202009,23,2312,231202
231202009003,红星社区居民委员会,231202009,23,2312,231202
231202009004,金盾社区居民委员会,231202009,23,2312,231202
231202010001,西城社区居民委员会,231202010,23,2312,231202
231202010002,府前社区居民委员会,231202010,23,2312,231202
231202010003,万达社区居民委员会,231202010,23,2312,231202
231202010004,西湖社区居民委员会,231202010,23,2312,231202
231202010005,人和社区居民委员会,231202010,23,2312,231202
231202011001,曙光社区居民委员会,231202011,23,2312,231202
231202011002,中兴社区居民委员会,231202011,23,2312,231202
231202011003,卫东社区居民委员会,231202011,23,2312,231202
231202012001,向阳社区居民委员会,231202012,23,2312,231202
231202012002,海城社区居民委员会,231202012,23,2312,231202
231202012003,东方红社区居民委员会,231202012,23,2312,231202
231202012004,路园社区居民委员会,231202012,23,2312,231202
231202101200,永顺村委会,231202101,23,2312,231202
231202101201,战胜村委会,231202101,23,2312,231202
231202101202,联合村委会,231202101,23,2312,231202
231202101203,林场村委会,231202101,23,2312,231202
231202101204,永发村委会,231202101,23,2312,231202
231202101205,新立村委会,231202101,23,2312,231202
231202101206,新胜村委会,231202101,23,2312,231202
231202101207,宝山村委会,231202101,23,2312,231202
231202101208,平顺村委会,231202101,23,2312,231202
231202102200,富强村委会,231202102,23,2312,231202
231202102201,正白一村委会,231202102,23,2312,231202
231202102202,正白二村委会,231202102,23,2312,231202
231202102203,正白三村委会,231202102,23,2312,231202
231202102204,正白四村委会,231202102,23,2312,231202
231202103200,双合一村委会,231202103,23,2312,231202
231202103201,太平山村委会,231202103,23,2312,231202
231202103202,东达湖村委会,231202103,23,2312,231202
231202103203,双发村委会,231202103,23,2312,231202
231202103204,东北一村委会,231202103,23,2312,231202
231202103205,正黄一村委会,231202103,23,2312,231202
231202103206,龙山村委会,231202103,23,2312,231202
231202103207,和平村委会,231202103,23,2312,231202
231202103208,兰河村委会,231202103,23,2312,231202
231202103209,保安村委会,231202103,23,2312,231202
231202104001,永安街居委会,231202104,23,2312,231202
231202104200,永安村委会,231202104,23,2312,231202
231202104201,正黄三村委会,231202104,23,2312,231202
231202104203,正黄五村委会,231202104,23,2312,231202
231202104204,厢黄三村委会,231202104,23,2312,231202
231202104205,厢黄四村委会,231202104,23,2312,231202
231202104206,厢黄五村委会,231202104,23,2312,231202
231202104250,正黄四村委会,231202104,23,2312,231202
231202105200,北星村委会,231202105,23,2312,231202
231202105201,二排村委会,231202105,23,2312,231202
231202105202,东兴村委会,231202105,23,2312,231202
231202105204,胜利村委会,231202105,23,2312,231202
231202105205,新春村委会,231202105,23,2312,231202
231202105206,西太平村委会,231202105,23,2312,231202
231202105250,正白五村委会,231202105,23,2312,231202
231202106001,秦家街居委会,231202106,23,2312,231202
231202106200,民兴村委会,231202106,23,2312,231202
231202106201,秦家村委会,231202106,23,2312,231202
231202106202,西口子村委会,231202106,23,2312,231202
231202106203,梨树村委会,231202106,23,2312,231202
231202106204,富贵村委会,231202106,23,2312,231202
231202106205,长山村委会,231202106,23,2312,231202
231202106206,全发村委会,231202106,23,2312,231202
231202107200,杨树村委会,231202107,23,2312,231202
231202107201,双河村委会,231202107,23,2312,231202
231202107202,西南村委会,231202107,23,2312,231202
231202107203,西北村委会,231202107,23,2312,231202
231202107204,向阳村委会,231202107,23,2312,231202
231202107205,斗胜村委会,231202107,23,2312,231202
231202107250,永恒村委会,231202107,23,2312,231202
231202108200,刘家村委会,231202108,23,2312,231202
231202108201,沟刘村委会,231202108,23,2312,231202
231202108202,财富村委会,231202108,23,2312,231202
231202108203,太安村委会,231202108,23,2312,231202
231202108204,永德村委会,231202108,23,2312,231202
231202108205,合作村委会,231202108,23,2312,231202
231202109001,第一居委会,231202109,23,2312,231202
231202109002,第二居委会,231202109,23,2312,231202
231202109003,第三居委会,231202109,23,2312,231202
231202109004,第四居委会,231202109,23,2312,231202
231202109200,兴胜村委会,231202109,23,2312,231202
231202109202,朝阳村委会,231202109,23,2312,231202
231202109203,发展村委会,231202109,23,2312,231202
231202109204,永远村委会,231202109,23,2312,231202
231202109205,永太村委会,231202109,23,2312,231202
231202109206,富荣村委会,231202109,23,2312,231202
231202109207,欢喜岭村委会,231202109,23,2312,231202
231202109208,兴安村委会,231202109,23,2312,231202
231202109209,腰屯村委会,231202109,23,2312,231202
231202109210,七一村委会,231202109,23,2312,231202
231202109211,丰林村委会,231202109,23,2312,231202
231202109250,友谊村委会,231202109,23,2312,231202
231202110200,津河村委会,231202110,23,2312,231202
231202110201,靠河村委会,231202110,23,2312,231202
231202110202,松林村委会,231202110,23,2312,231202
231202110203,果园村委会,231202110,23,2312,231202
231202110204,民胜村委会,231202110,23,2312,231202
231202111200,后七村委会,231202111,23,2312,231202
231202111201,十村委会,231202111,23,2312,231202
231202111202,西十一村委会,231202111,23,2312,231202
231202111203,前六村委会,231202111,23,2312,231202
231202111204,民祥村委会,231202111,23,2312,231202
231202111205,张维村委会,231202111,23,2312,231202
231202111206,二村委会,231202111,23,2312,231202
231202111207,一村委会,231202111,23,2312,231202
231202111208,永勤村委会,231202111,23,2312,231202
231202113001,利民街居委会,231202113,23,2312,231202
231202113200,爱国村委会,231202113,23,2312,231202
231202113202,利民村委会,231202113,23,2312,231202
231202113203,利胜村委会,231202113,23,2312,231202
231202113204,利发村委会,231202113,23,2312,231202
231202113205,利新村委会,231202113,23,2312,231202
231202113206,福兴村委会,231202113,23,2312,231202
231202113207,先进村委会,231202113,23,2312,231202
231202113250,红光村委会,231202113,23,2312,231202
231202114200,腰房村委会,231202114,23,2312,231202
231202114201,建设村委会,231202114,23,2312,231202
231202114202,太阳升村委会,231202114,23,2312,231202
231202114203,万合村委会,231202114,23,2312,231202
231202114204,利农村委会,231202114,23,2312,231202
231202114205,东富村委会,231202114,23,2312,231202
231202115200,二龙村委会,231202115,23,2312,231202
231202115201,兴福村委会,231202115,23,2312,231202
231202115202,福顺村委会,231202115,23,2312,231202
231202115203,新城村委会,231202115,23,2312,231202
231202115204,隆太村委会,231202115,23,2312,231202
231202115205,金林村委会,231202115,23,2312,231202
231202115206,透井村委会,231202115,23,2312,231202
231202115207,民权村委会,231202115,23,2312,231202
231202115208,聚宝村委会,231202115,23,2312,231202
231202116200,前九村委会,231202116,23,2312,231202
231202116201,十三村委会,231202116,23,2312,231202
231202116202,十四村委会,231202116,23,2312,231202
231202116203,十二村委会,231202116,23,2312,231202
231202116204,前十五村委会,231202116,23,2312,231202
231202116206,后八村委会,231202116,23,2312,231202
231202116207,后九村委会,231202116,23,2312,231202
231202116208,三村村委会,231202116,23,2312,231202
231202116250,十六村委会,231202116,23,2312,231202
231202116251,后十五村委会,231202116,23,2312,231202
231202201200,红发村委会,231202201,23,2312,231202
231202201201,红二村委会,231202201,23,2312,231202
231202201202,红四村委会,231202201,23,2312,231202
231202201203,红五村委会,231202201,23,2312,231202
231202201204,红胜村委会,231202201,23,2312,231202
231202202200,向荣村委会,231202202,23,2312,231202
231202202201,永久村委会,231202202,23,2312,231202
231202202202,东明村委会,231202202,23,2312,231202
231202202203,连岗村委会,231202202,23,2312,231202
231202202204,高兴村委会,231202202,23,2312,231202
231202203200,新华村委会,231202203,23,2312,231202
231202203201,五一村委会,231202203,23,2312,231202
231202203202,六排村委会,231202203,23,2312,231202
231202203203,新安村委会,231202203,23,2312,231202
231202203204,三发村委会,231202203,23,2312,231202
231202203205,红星村委会,231202203,23,2312,231202
231202203206,兴发村委会,231202203,23,2312,231202
231202212200,齐心村委会,231202212,23,2312,231202
231202212202,吉利村委会,231202212,23,2312,231202
231202212203,互相村委会,231202212,23,2312,231202
231202212204,东围村委会,231202212,23,2312,231202
231202212250,金伏村委会,231202212,23,2312,231202
231202212251,前五村委会,231202212,23,2312,231202
231202213200,兴和村委会,231202213,23,2312,231202
231202213201,勤劳村委会,231202213,23,2312,231202
231202579598,绥化局直虚拟生活区,231202579,23,2312,231202
231221001001,双龙社区居委会,231221001,23,2312,231221
231221001002,解放路社区居委会,231221001,23,2312,231221
231221001003,东环社区居委会,231221001,23,2312,231221
231221001004,同源社区居委会,231221001,23,2312,231221
231221002001,金家胡同社区居委会,231221002,23,2312,231221
231221002002,宏达社区居委会,231221002,23,2312,231221
231221002003,西环社区居委会,231221002,23,2312,231221
231221002004,六合社区居委会,231221002,23,2312,231221
231221003001,广场社区居委会,231221003,23,2312,231221
231221003002,花园社区居委会,231221003,23,2312,231221
231221003003,荣华社区居委会,231221003,23,2312,231221
231221003004,金源社区居委会,231221003,23,2312,231221
231221004001,电业邨社区居委会,231221004,23,2312,231221
231221004002,曙光社区居委会,231221004,23,2312,231221
231221004003,兴安社区居委会,231221004,23,2312,231221
231221004004,红卫社区居委会,231221004,23,2312,231221
231221100200,厢红五村委会,231221100,23,2312,231221
231221100201,厢红六村委会,231221100,23,2312,231221
231221100202,正兰后四村委会,231221100,23,2312,231221
231221100203,正兰五村委会,231221100,23,2312,231221
231221101200,通江村委会,231221101,23,2312,231221
231221101201,正兰头村委会,231221101,23,2312,231221
231221101202,厢红头村委会,231221101,23,2312,231221
231221101203,厢白二村委会,231221101,23,2312,231221
231221101204,厢白头村委会,231221101,23,2312,231221
231221101205,坤二村委会,231221101,23,2312,231221
231221101206,坤头村委会,231221101,23,2312,231221
231221101207,坤南村委会,231221101,23,2312,231221
231221102200,会头村委会,231221102,23,2312,231221
231221102201,信头村委会,231221102,23,2312,231221
231221102202,敏头村委会,231221102,23,2312,231221
231221102203,会二村委会,231221102,23,2312,231221
231221102204,水头村委会,231221102,23,2312,231221
231221102205,水二村委会,231221102,23,2312,231221
231221102206,厢兰头村委会,231221102,23,2312,231221
231221103200,恭二村委会,231221103,23,2312,231221
231221103201,恭三村委会,231221103,23,2312,231221
231221103202,八方村委会,231221103,23,2312,231221
231221103203,宽二村委会,231221103,23,2312,231221
231221103204,宽头村委会,231221103,23,2312,231221
231221103205,恭头一村委会,231221103,23,2312,231221
231221103206,恭头二村委会,231221103,23,2312,231221
231221104200,宽四村委会,231221104,23,2312,231221
231221104201,宽五东村委会,231221104,23,2312,231221
231221104202,宽五西村委会,231221104,23,2312,231221
231221104203,信五村委会,231221104,23,2312,231221
231221104204,信六村委会,231221104,23,2312,231221
231221104205,厢白后头村委会,231221104,23,2312,231221
231221104206,厢黄前二村委会,231221104,23,2312,231221
231221104207,厢黄后三满族村委会,231221104,23,2312,231221
231221104208,厢黄后二村委会,231221104,23,2312,231221
231221105200,惠七村委会,231221105,23,2312,231221
231221105201,水七村委会,231221105,23,2312,231221
231221105202,前水八村委会,231221105,23,2312,231221
231221105203,北水八村委会,231221105,23,2312,231221
231221105204,惠五村委会,231221105,23,2312,231221
231221105205,惠六村委会,231221105,23,2312,231221
231221105206,敏六村委会,231221105,23,2312,231221
231221105207,敏七村委会,231221105,23,2312,231221
231221106200,先丰村委会,231221106,23,2312,231221
231221106201,厢白四村委会,231221106,23,2312,231221
231221106202,厢白五村委会,231221106,23,2312,231221
231221106203,坤三村委会,231221106,23,2312,231221
231221106204,坤四村委会,231221106,23,2312,231221
231221106205,散南村委会,231221106,23,2312,231221
231221106206,沿江村委会,231221106,23,2312,231221
231221106207,三段村委会,231221106,23,2312,231221
231221106208,四段村委会,231221106,23,2312,231221
231221106209,散北村委会,231221106,23,2312,231221
231221107200,正兰三村委会,231221107,23,2312,231221
231221107201,正兰二村委会,231221107,23,2312,231221
231221107202,正兰四村委会,231221107,23,2312,231221
231221107203,厢兰二村委会,231221107,23,2312,231221
231221107204,厢兰三村委会,231221107,23,2312,231221
231221107205,厢红二村委会,231221107,23,2312,231221
231221107206,厢红三村委会,231221107,23,2312,231221
231221107207,坤后二南村委会,231221107,23,2312,231221
231221107208,坤后二北村委会,231221107,23,2312,231221
231221107209,坤后二南北村委会,231221107,23,2312,231221
231221107210,厢白三村委会,231221107,23,2312,231221
231221108200,厢兰五村委会,231221108,23,2312,231221
231221108201,正白前二村委会,231221108,23,2312,231221
231221108202,正白前三村委会,231221108,23,2312,231221
231221108203,厢兰四村委会,231221108,23,2312,231221
231221108204,水四村委会,231221108,23,2312,231221
231221108205,前水五村委会,231221108,23,2312,231221
231221108206,后水五村委会,231221108,23,2312,231221
231221109200,宽三村委会,231221109,23,2312,231221
231221109201,敏三村委会,231221109,23,2312,231221
231221109202,敏四村委会,231221109,23,2312,231221
231221109203,信二村委会,231221109,23,2312,231221
231221109204,信三村委会,231221109,23,2312,231221
231221109205,信四村委会,231221109,23,2312,231221
231221109206,惠四村委会,231221109,23,2312,231221
231221109207,厢白前头村委会,231221109,23,2312,231221
231221202200,正兰后头村委会,231221202,23,2312,231221
231221202201,正白后二村委会,231221202,23,2312,231221
231221202202,正白后三村委会,231221202,23,2312,231221
231221202203,正兰六村委会,231221202,23,2312,231221
231221202204,厢红七村委会,231221202,23,2312,231221
231221203200,正兰后三满族村委会,231221203,23,2312,231221
231221203201,正兰前二村委会,231221203,23,2312,231221
231221203202,正兰前三村委会,231221203,23,2312,231221
231221203203,厢白七村委会,231221203,23,2312,231221
231221203204,厢白十三村委会,231221203,23,2312,231221
231221209200,恭四村委会,231221209,23,2312,231221
231221209201,恭五前村委会,231221209,23,2312,231221
231221209202,厢黄前头村委会,231221209,23,2312,231221
231221209203,厢黄后头东村委会,231221209,23,2312,231221
231221209204,厢黄后头西村委会,231221209,23,2312,231221
231221209205,乾一村委会,231221209,23,2312,231221
231221210200,恭六村委会,231221210,23,2312,231221
231221210201,恭五村委会,231221210,23,2312,231221
231221210202,宽六村委会,231221210,23,2312,231221
231221210203,乾二村委会,231221210,23,2312,231221
231221210204,乾三前村委会,231221210,23,2312,231221
231221210205,乾三后村委会,231221210,23,2312,231221
231221210206,信七村委会,231221210,23,2312,231221
231221211200,厢白后三村委会,231221211,23,2312,231221
231221211201,厢白后二村委会,231221211,23,2312,231221
231221211202,厢白前二村委会,231221211,23,2312,231221
231221211203,厢白前三村委会,231221211,23,2312,231221
231221211204,前惠五村委会,231221211,23,2312,231221
231221211205,厢兰六村委会,231221211,23,2312,231221
231221211206,正白后头村委会,231221211,23,2312,231221
231221400598,白四林场虚拟生活区,231221400,23,2312,231221
231221580598,种畜场虚拟生活区,231221580,23,2312,231221
231221581598,第一良种场虚拟生活区,231221581,23,2312,231221
231221582598,第二良种场虚拟生活区,231221582,23,2312,231221
231222001004,新生社区,231222001,23,2312,231222
231222001006,新安社区,231222001,23,2312,231222
231222001009,新政社区,231222001,23,2312,231222
231222002003,新民社区,231222002,23,2312,231222
231222002010,新旺社区,231222002,23,2312,231222
231222002012,新泰社区,231222002,23,2312,231222
231222003002,新立社区,231222003,23,2312,231222
231222003008,新丰社区,231222003,23,2312,231222
231222003011,新兴社区,231222003,23,2312,231222
231222004001,新建社区,231222004,23,2312,231222
231222004005,新河社区,231222004,23,2312,231222
231222004007,新华社区,231222004,23,2312,231222
231222101200,向阳村委会,231222101,23,2312,231222
231222101201,永久村委会,231222101,23,2312,231222
231222101202,城东村委会,231222101,23,2312,231222
231222101203,科研村委会,231222101,23,2312,231222
231222101204,跃进村委会,231222101,23,2312,231222
231222101205,新民村委会,231222101,23,2312,231222
231222101206,林盛村委会,231222101,23,2312,231222
231222101207,先进村委会,231222101,23,2312,231222
231222101208,河口村委会,231222101,23,2312,231222
231222102200,林升村委会,231222102,23,2312,231222
231222102201,林强锡伯族满族村委会,231222102,23,2312,231222
231222102202,林岗村委会,231222102,23,2312,231222
231222102203,林荣村委会,231222102,23,2312,231222
231222102204,林森村委会,231222102,23,2312,231222
231222102205,林城村委会,231222102,23,2312,231222
231222102206,林旺村委会,231222102,23,2312,231222
231222102207,林安村委会,231222102,23,2312,231222
231222103200,伟河村委会,231222103,23,2312,231222
231222103201,富河村委会,231222103,23,2312,231222
231222103202,裕河村委会,231222103,23,2312,231222
231222103203,兴河村委会,231222103,23,2312,231222
231222103204,荣河村委会,231222103,23,2312,231222
231222103205,民河村委会,231222103,23,2312,231222
231222103206,泉河村委会,231222103,23,2312,231222
231222103207,春河村委会,231222103,23,2312,231222
231222104200,复兴村委会,231222104,23,2312,231222
231222104201,合兴村委会,231222104,23,2312,231222
231222104202,吉兴村委会,231222104,23,2312,231222
231222104203,伟兴村委会,231222104,23,2312,231222
231222104204,海兴村委会,231222104,23,2312,231222
231222104205,前兴村委会,231222104,23,2312,231222
231222104206,民兴村委会,231222104,23,2312,231222
231222104207,大兴村委会,231222104,23,2312,231222
231222104208,北兴村委会,231222104,23,2312,231222
231222104209,新兴村委会,231222104,23,2312,231222
231222105200,红光村委会,231222105,23,2312,231222
231222105201,义发村委会,231222105,23,2312,231222
231222105202,义丰村委会,231222105,23,2312,231222
231222105203,义泉村委会,231222105,23,2312,231222
231222105204,林丰村委会,231222105,23,2312,231222
231222105205,林泉村委会,231222105,23,2312,231222
231222106200,新发村委会,231222106,23,2312,231222
231222106201,西岗村委会,231222106,23,2312,231222
231222106202,丰收村委会,231222106,23,2312,231222
231222106203,建设村委会,231222106,23,2312,231222
231222106204,民主村委会,231222106,23,2312,231222
231222106205,曙光村委会,231222106,23,2312,231222
231222106206,奋斗村委会,231222106,23,2312,231222
231222106207,胜利村委会,231222106,23,2312,231222
231222106208,双太村委会,231222106,23,2312,231222
231222107200,荣泰村委会,231222107,23,2312,231222
231222107201,荣兴村委会,231222107,23,2312,231222
231222107202,荣生村委会,231222107,23,2312,231222
231222107203,荣显村委会,231222107,23,2312,231222
231222107204,荣发村委会,231222107,23,2312,231222
231222107205,荣旺村委会,231222107,23,2312,231222
231222107206,荣岗村委会,231222107,23,2312,231222
231222107207,荣富村委会,231222107,23,2312,231222
231222108200,新阳村委会,231222108,23,2312,231222
231222108201,新华村委会,231222108,23,2312,231222
231222108202,双山村委会,231222108,23,2312,231222
231222108203,新和村委会,231222108,23,2312,231222
231222108204,前进村委会,231222108,23,2312,231222
231222109200,团结村委会,231222109,23,2312,231222
231222109201,光明村委会,231222109,23,2312,231222
231222109202,春岭村委会,231222109,23,2312,231222
231222109203,前途村委会,231222109,23,2312,231222
231222109204,富强村委会,231222109,23,2312,231222
231222109205,前锋村委会,231222109,23,2312,231222
231222109206,爱国村委会,231222109,23,2312,231222
231222109207,先锋村委会,231222109,23,2312,231222
231222202200,北安村委会,231222202,23,2312,231222
231222202201,双安村委会,231222202,23,2312,231222
231222202202,长安村委会,231222202,23,2312,231222
231222202203,平安村委会,231222202,23,2312,231222
231222202204,龙安村委会,231222202,23,2312,231222
231222202205,城安村委会,231222202,23,2312,231222
231222203200,长江村委会,231222203,23,2312,231222
231222203201,聚宝村委会,231222203,23,2312,231222
231222203202,万宝村委会,231222203,23,2312,231222
231222203203,双城村委会,231222203,23,2312,231222
231222203204,梁卜村委会,231222203,23,2312,231222
231222203205,双卜村委会,231222203,23,2312,231222
231222204200,拥军村委会,231222204,23,2312,231222
231222204201,红旗村委会,231222204,23,2312,231222
231222204202,荷花村委会,231222204,23,2312,231222
231222204203,爱民村委会,231222204,23,2312,231222
231222204204,红卫村委会,231222204,23,2312,231222
231222204205,长红村委会,231222204,23,2312,231222
231222204206,红堡满族村委会,231222204,23,2312,231222
231222205200,武家村委会,231222205,23,2312,231222
231222205201,东兴村委会,231222205,23,2312,231222
231222205202,红星村委会,231222205,23,2312,231222
231222205203,新星村委会,231222205,23,2312,231222
231222205204,三合村委会,231222205,23,2312,231222
231222207200,长新村委会,231222207,23,2312,231222
231222207201,长富村委会,231222207,23,2312,231222
231222207202,长太村委会,231222207,23,2312,231222
231222207203,长春村委会,231222207,23,2312,231222
231222207204,长荣村委会,231222207,23,2312,231222
231222210200,阳光村委会,231222210,23,2312,231222
231222210201,庆丰村委会,231222210,23,2312,231222
231222210202,新胜村委会,231222210,23,2312,231222
231222210203,新春村委会,231222210,23,2312,231222
231222210204,丰岗村委会,231222210,23,2312,231222
231222580598,原种示范服务中心虚拟生活区,231222580,23,2312,231222
231222582598,畜牧技术推广服务中心虚拟生活区,231222582,23,2312,231222
231223001001,立民社区,231223001,23,2312,231223
231223001002,立新社区,231223001,23,2312,231223
231223002001,新园社区,231223002,23,2312,231223
231223002002,新建社区,231223002,23,2312,231223
231223003009,民主社区,231223003,23,2312,231223
231223003010,人民社区,231223003,23,2312,231223
231223003011,繁荣社区,231223003,23,2312,231223
231223004001,富强社区,231223004,23,2312,231223
231223004002,文明社区,231223004,23,2312,231223
231223004003,建设社区,231223004,23,2312,231223
231223100200,展望村委会,231223100,23,2312,231223
231223100201,乐园村委会,231223100,23,2312,231223
231223100202,乐民村委会,231223100,23,2312,231223
231223100203,利民村委会,231223100,23,2312,231223
231223100204,新民村委会,231223100,23,2312,231223
231223100205,东郊村委会,231223100,23,2312,231223
231223100206,东化村委会,231223100,23,2312,231223
231223100207,东风村委会,231223100,23,2312,231223
231223100208,团结村委会,231223100,23,2312,231223
231223101200,一排五村委会,231223101,23,2312,231223
231223101201,一排六村委会,231223101,23,2312,231223
231223101202,二排四村委会,231223101,23,2312,231223
231223101203,二排五村委会,231223101,23,2312,231223
231223101204,二排六村委会,231223101,23,2312,231223
231223101205,三排五村委会,231223101,23,2312,231223
231223101206,三排六村委会,231223101,23,2312,231223
231223101207,三排七村委会,231223101,23,2312,231223
231223101208,四排五村委会,231223101,23,2312,231223
231223101209,四排六村委会,231223101,23,2312,231223
231223101210,五排五村委会,231223101,23,2312,231223
231223101211,五排六村委会,231223101,23,2312,231223
231223102200,祯祥村委会,231223102,23,2312,231223
231223102201,北冈村委会,231223102,23,2312,231223
231223102202,兆林村委会,231223102,23,2312,231223
231223102203,民意村委会,231223102,23,2312,231223
231223102204,福禄村委会,231223102,23,2312,231223
231223102205,庆华村委会,231223102,23,2312,231223
231223102206,新兴村委会,231223102,23,2312,231223
231223102207,东兴村委会,231223102,23,2312,231223
231223102208,永胜村委会,231223102,23,2312,231223
231223102209,自新村委会,231223102,23,2312,231223
231223102210,民合村委会,231223102,23,2312,231223
231223102211,吉祥村委会,231223102,23,2312,231223
231223102212,北安村委会,231223102,23,2312,231223
231223102213,吉兴村委会,231223102,23,2312,231223
231223103200,兴华村委会,231223103,23,2312,231223
231223103201,通泉村委会,231223103,23,2312,231223
231223103202,双兴村委会,231223103,23,2312,231223
231223103203,双立村委会,231223103,23,2312,231223
231223103204,双华村委会,231223103,23,2312,231223
231223103205,通河村委会,231223103,23,2312,231223
231223103206,庆平村委会,231223103,23,2312,231223
231223103207,胜利村委会,231223103,23,2312,231223
231223103208,安乐村委会,231223103,23,2312,231223
231223103209,平心村委会,231223103,23,2312,231223
231223103210,合心村委会,231223103,23,2312,231223
231223103211,二场村委会,231223103,23,2312,231223
231223104200,民富村委会,231223104,23,2312,231223
231223104201,永顺村委会,231223104,23,2312,231223
231223104202,红旗村委会,231223104,23,2312,231223
231223104203,友爱村委会,231223104,23,2312,231223
231223104204,平权村委会,231223104,23,2312,231223
231223104205,平力村委会,231223104,23,2312,231223
231223104206,永平村委会,231223104,23,2312,231223
231223104207,永合村委会,231223104,23,2312,231223
231223104208,同德村委会,231223104,23,2312,231223
231223104209,自兴村委会,231223104,23,2312,231223
231223104210,前进村委会,231223104,23,2312,231223
231223104211,中甫村委会,231223104,23,2312,231223
231223104212,东方红村委会,231223104,23,2312,231223
231223105200,东升村委会,231223105,23,2312,231223
231223105201,万宝村委会,231223105,23,2312,231223
231223105202,万众村委会,231223105,23,2312,231223
231223105203,平原村委会,231223105,23,2312,231223
231223105204,民权村委会,231223105,23,2312,231223
231223105205,先锋村委会,231223105,23,2312,231223
231223105206,自强村委会,231223105,23,2312,231223
231223105207,拥军村委会,231223105,23,2312,231223
231223105208,益发村委会,231223105,23,2312,231223
231223105209,保家村委会,231223105,23,2312,231223
231223105210,保国村委会,231223105,23,2312,231223
231223106200,东胜村委会,231223106,23,2312,231223
231223106201,沿河村委会,231223106,23,2312,231223
231223106202,进化村委会,231223106,23,2312,231223
231223106203,公平村委会,231223106,23,2312,231223
231223106204,有利村委会,231223106,23,2312,231223
231223106205,保安村委会,231223106,23,2312,231223
231223106206,兴隆村委会,231223106,23,2312,231223
231223106207,文治村委会,231223106,23,2312,231223
231223106208,乐业村委会,231223106,23,2312,231223
231223106209,光荣村委会,231223106,23,2312,231223
231223107200,拥政满族村委会,231223107,23,2312,231223
231223107201,繁荣村委会,231223107,23,2312,231223
231223107202,向东村委会,231223107,23,2312,231223
231223107203,太阳村委会,231223107,23,2312,231223
231223107204,黎明村委会,231223107,23,2312,231223
231223107205,奋斗村委会,231223107,23,2312,231223
231223107206,建国村委会,231223107,23,2312,231223
231223107207,卫国村委会,231223107,23,2312,231223
231223107208,红升村委会,231223107,23,2312,231223
231223107209,治安村委会,231223107,23,2312,231223
231223107210,富强村委会,231223107,23,2312,231223
231223107211,革新村委会,231223107,23,2312,231223
231223107212,爱民村委会,231223107,23,2312,231223
231223108200,劳动村委会,231223108,23,2312,231223
231223108201,自立村委会,231223108,23,2312,231223
231223108202,东发村委会,231223108,23,2312,231223
231223108203,民强村委会,231223108,23,2312,231223
231223108204,五星村委会,231223108,23,2312,231223
231223108205,双礼村委会,231223108,23,2312,231223
231223108206,北斗村委会,231223108,23,2312,231223
231223108207,新丰村委会,231223108,23,2312,231223
231223108208,新富村委会,231223108,23,2312,231223
231223108209,互助村委会,231223108,23,2312,231223
231223108210,新跃村委会,231223108,23,2312,231223
231223108211,新中村委会,231223108,23,2312,231223
231223108212,西安村委会,231223108,23,2312,231223
231223108213,新景村委会,231223108,23,2312,231223
231223108214,新生村委会,231223108,23,2312,231223
231223108215,跃进村委会,231223108,23,2312,231223
231223109200,建华村委会,231223109,23,2312,231223
231223109201,福农村委会,231223109,23,2312,231223
231223109202,发展村委会,231223109,23,2312,231223
231223109203,福兴村委会,231223109,23,2312,231223
231223109204,福胜村委会,231223109,23,2312,231223
231223109205,迎春村委会,231223109,23,2312,231223
231223109206,双合村委会,231223109,23,2312,231223
231223109207,安居村委会,231223109,23,2312,231223
231223109208,永发村委会,231223109,23,2312,231223
231223109209,同心村委会,231223109,23,2312,231223
231223109210,新华村委会,231223109,23,2312,231223
231223109211,同意村委会,231223109,23,2312,231223
231223110200,荣花村委会,231223110,23,2312,231223
231223110201,龙胜村委会,231223110,23,2312,231223
231223110202,永安村委会,231223110,23,2312,231223
231223110203,景龙村委会,231223110,23,2312,231223
231223110204,富贵村委会,231223110,23,2312,231223
231223110205,同立村委会,231223110,23,2312,231223
231223110206,英贤村委会,231223110,23,2312,231223
231223110207,通顺村委会,231223110,23,2312,231223
231223110208,恒生村委会,231223110,23,2312,231223
231223110209,望海村委会,231223110,23,2312,231223
231223110210,解放村委会,231223110,23,2312,231223
231223110211,一场村委会,231223110,23,2312,231223
231223111200,南岗村委会,231223111,23,2312,231223
231223111201,群力村委会,231223111,23,2312,231223
231223111202,幸福村委会,231223111,23,2312,231223
231223111203,富饶村委会,231223111,23,2312,231223
231223111204,兴东村委会,231223111,23,2312,231223
231223111205,宏伟村委会,231223111,23,2312,231223
231223202200,双信村委会,231223202,23,2312,231223
231223202201,双丰村委会,231223202,23,2312,231223
231223202202,双生村委会,231223202,23,2312,231223
231223202203,双德村委会,231223202,23,2312,231223
231223202204,双义村委会,231223202,23,2312,231223
231223202205,双庆村委会,231223202,23,2312,231223
231223202206,双付村委会,231223202,23,2312,231223
231223202207,新茂村委会,231223202,23,2312,231223
231223202208,新发村委会,231223202,23,2312,231223
231223202209,新立村委会,231223202,23,2312,231223
231223202210,新合村委会,231223202,23,2312,231223
231223202211,新胜村委会,231223202,23,2312,231223
231223203200,二排七村委会,231223203,23,2312,231223
231223203201,三排九村委会,231223203,23,2312,231223
231223203202,四排七村委会,231223203,23,2312,231223
231223203203,四排八村委会,231223203,23,2312,231223
231223203204,四排九村委会,231223203,23,2312,231223
231223203205,五排八村委会,231223203,23,2312,231223
231223212200,三才村委会,231223212,23,2312,231223
231223212201,福民村委会,231223212,23,2312,231223
231223212202,友好村委会,231223212,23,2312,231223
231223212203,连丰村委会,231223212,23,2312,231223
231223212204,两丰村委会,231223212,23,2312,231223
231223212205,五排四村委会,231223212,23,2312,231223
231223212206,三排四村委会,231223212,23,2312,231223
231223400598,青冈县林场虚拟生活区,231223400,23,2312,231223
231223401598,青冈县互利营林站虚拟生活区,231223401,23,2312,231223
231223402598,青冈县果树场虚拟生活区,231223402,23,2312,231223
231223580598,青冈县种马场虚拟生活区,231223580,23,2312,231223
231223581598,青冈县种羊场虚拟生活区,231223581,23,2312,231223
231223582598,青冈县原种场虚拟生活区,231223582,23,2312,231223
231224001001,庆明社区居委会,231224001,23,2312,231224
231224001002,庆旺社区居委会,231224001,23,2312,231224
231224001003,庆源社区居委会,231224001,23,2312,231224
231224002001,庆华社区居委会,231224002,23,2312,231224
231224002002,庆兴社区居委会,231224002,23,2312,231224
231224002003,庆发社区居委会,231224002,23,2312,231224
231224003001,庆政社区居委会,231224003,23,2312,231224
231224003002,庆建社区居委会,231224003,23,2312,231224
231224003003,庆新社区居委会,231224003,23,2312,231224
231224003004,庆吉社区居委会,231224003,23,2312,231224
231224004001,庆盛社区居委会,231224004,23,2312,231224
231224004002,庆丰社区居委会,231224004,23,2312,231224
231224004003,庆和社区居委会,231224004,23,2312,231224
231224101200,吉安村委会,231224101,23,2312,231224
231224101201,祥安村委会,231224101,23,2312,231224
231224101202,兴安村委会,231224101,23,2312,231224
231224101203,永安村委会,231224101,23,2312,231224
231224101204,福安村委会,231224101,23,2312,231224
231224101205,保安村委会,231224101,23,2312,231224
231224101206,庆富村委会,231224101,23,2312,231224
231224101207,庆强村委会,231224101,23,2312,231224
231224102200,民乐村委会,231224102,23,2312,231224
231224102201,民兴村委会,231224102,23,2312,231224
231224102202,民旺村委会,231224102,23,2312,231224
231224102203,民富村委会,231224102,23,2312,231224
231224102204,民合村委会,231224102,23,2312,231224
231224103200,东阳村委会,231224103,23,2312,231224
231224103201,东明村委会,231224103,23,2312,231224
231224103202,东平村委会,231224103,23,2312,231224
231224103203,东旺村委会,231224103,23,2312,231224
231224103204,东风村委会,231224103,23,2312,231224
231224103205,东山村委会,231224103,23,2312,231224
231224104200,升平村委会,231224104,23,2312,231224
231224104201,永平村委会,231224104,23,2312,231224
231224104202,安平村委会,231224104,23,2312,231224
231224104203,太平村委会,231224104,23,2312,231224
231224104204,和平村委会,231224104,23,2312,231224
231224104205,民族村委会,231224104,23,2312,231224
231224105200,勤兴村委会,231224105,23,2312,231224
231224105201,勤发村委会,231224105,23,2312,231224
231224105202,曙光村委会,231224105,23,2312,231224
231224105203,勤朴村委会,231224105,23,2312,231224
231224105204,勤劳村委会,231224105,23,2312,231224
231224105205,勤俭村委会,231224105,23,2312,231224
231224105206,勤富村委会,231224105,23,2312,231224
231224106200,久旺村委会,231224106,23,2312,231224
231224106201,久宏村委会,231224106,23,2312,231224
231224106202,久杨村委会,231224106,23,2312,231224
231224106203,久安村委会,231224106,23,2312,231224
231224106204,久旭村委会,231224106,23,2312,231224
231224106205,久佳村委会,231224106,23,2312,231224
231224106206,鲜丰村委会,231224106,23,2312,231224
231224107200,同富村委会,231224107,23,2312,231224
231224107201,同乐村委会,231224107,23,2312,231224
231224107202,同兴村委会,231224107,23,2312,231224
231224107203,同庆村委会,231224107,23,2312,231224
231224107204,同发村委会,231224107,23,2312,231224
231224108200,新光村委会,231224108,23,2312,231224
231224108201,新明村委会,231224108,23,2312,231224
231224108202,新清村委会,231224108,23,2312,231224
231224108203,新升村委会,231224108,23,2312,231224
231224108204,新强村委会,231224108,23,2312,231224
231224108205,新泉村委会,231224108,23,2312,231224
231224108206,新岗村委会,231224108,23,2312,231224
231224108207,新宏村委会,231224108,23,2312,231224
231224108208,新柳村委会,231224108,23,2312,231224
231224108209,新胜村委会,231224108,23,2312,231224
231224201200,建安村委会,231224201,23,2312,231224
231224201201,建民村委会,231224201,23,2312,231224
231224201202,建发村委会,231224201,23,2312,231224
231224201203,建业村委会,231224201,23,2312,231224
231224201204,建功村委会,231224201,23,2312,231224
231224201205,建兴村委会,231224201,23,2312,231224
231224202200,巨龙村委会,231224202,23,2312,231224
231224202201,巨泉村委会,231224202,23,2312,231224
231224202202,巨兴村委会,231224202,23,2312,231224
231224202203,巨宝村委会,231224202,23,2312,231224
231224206200,丰林村委会,231224206,23,2312,231224
231224206201,丰山村委会,231224206,23,2312,231224
231224206202,丰裕村委会,231224206,23,2312,231224
231224206203,丰满村委会,231224206,23,2312,231224
231224206204,丰华村委会,231224206,23,2312,231224
231224206205,丰泰村委会,231224206,23,2312,231224
231224206206,丰田村委会,231224206,23,2312,231224
231224206207,丰收村委会,231224206,23,2312,231224
231224206208,星光村委会,231224206,23,2312,231224
231224206209,丰民村委会,231224206,23,2312,231224
231224206210,丰盛村委会,231224206,23,2312,231224
231224206211,丰年村委会,231224206,23,2312,231224
231224208200,发源村委会,231224208,23,2312,231224
231224208201,发祥村委会,231224208,23,2312,231224
231224208202,发明村委会,231224208,23,2312,231224
231224208203,发富村委会,231224208,23,2312,231224
231224208204,发展村委会,231224208,23,2312,231224
231224208205,发达村委会,231224208,23,2312,231224
231224210200,巨富村委会,231224210,23,2312,231224
231224210201,双富村委会,231224210,23,2312,231224
231224210202,致富村委会,231224210,23,2312,231224
231224210203,新富村委会,231224210,23,2312,231224
231224210204,永富村委会,231224210,23,2312,231224
231224210205,兴隆村委会,231224210,23,2312,231224
231224211200,永利村委会,231224211,23,2312,231224
231224211201,永久村委会,231224211,23,2312,231224
231224211202,永华村委会,231224211,23,2312,231224
231224211203,永进村委会,231224211,23,2312,231224
231224211204,永升村委会,231224211,23,2312,231224
231224400500,新青山林场生活区,231224400,23,2312,231224
231224400501,新立林场生活区,231224400,23,2312,231224
231224400502,兴山林场生活区,231224400,23,2312,231224
231224400503,大青山林场生活区,231224400,23,2312,231224
231224400504,金沟林场生活区,231224400,23,2312,231224
231224400505,东风林场生活区,231224400,23,2312,231224
231224400506,丰收林场生活区,231224400,23,2312,231224
231224400507,曙光林场生活区,231224400,23,2312,231224
231224500001,庆祥社区,231224500,23,2312,231224
231224500002,庆顺社区,231224500,23,2312,231224
231225001001,红旗社区居民委员会,231225001,23,2312,231225
231225001002,东城社区居民委员会,231225001,23,2312,231225
231225001003,朝阳社区居民委员会,231225001,23,2312,231225
231225001200,向阳村委会,231225001,23,2312,231225
231225002001,育新社区居民委员会,231225002,23,2312,231225
231225002002,明新社区居民委员会,231225002,23,2312,231225
231225002003,兴工社区居民委员会,231225002,23,2312,231225
231225002200,城北村委会,231225002,23,2312,231225
231225003001,滨泉社区居民委员会,231225003,23,2312,231225
231225003002,东风社区居民委员会,231225003,23,2312,231225
231225003003,革新社区居民委员会,231225003,23,2312,231225
231225003200,向荣村委会,231225003,23,2312,231225
231225004001,工农社区居民委员会,231225004,23,2312,231225
231225004002,三精社区居民委员会,231225004,23,2312,231225
231225004003,强农社区居民委员会,231225004,23,2312,231225
231225004200,农艺村委会,231225004,23,2312,231225
231225100201,美丽村委会,231225100,23,2312,231225
231225100204,兴旺村委会,231225100,23,2312,231225
231225100205,春光村委会,231225100,23,2312,231225
231225100206,先锋村委会,231225100,23,2312,231225
231225100207,朝阳村委会,231225100,23,2312,231225
231225100208,新发村委会,231225100,23,2312,231225
231225100210,勤俭村委会,231225100,23,2312,231225
231225100211,互助村委会,231225100,23,2312,231225
231225101200,兴仁村委会,231225101,23,2312,231225
231225101201,石兴村委会,231225101,23,2312,231225
231225101202,石人村委会,231225101,23,2312,231225
231225101203,兴泉村委会,231225101,23,2312,231225
231225101204,民政村委会,231225101,23,2312,231225
231225101205,兴国村委会,231225101,23,2312,231225
231225101206,宏胜村委会,231225101,23,2312,231225
231225101207,兴发村委会,231225101,23,2312,231225
231225102200,永兴村委会,231225102,23,2312,231225
231225102201,东升村委会,231225102,23,2312,231225
231225102202,爱国村委会,231225102,23,2312,231225
231225102203,新华村委会,231225102,23,2312,231225
231225102204,跃进村委会,231225102,23,2312,231225
231225102205,文化村委会,231225102,23,2312,231225
231225102206,务本村委会,231225102,23,2312,231225
231225102207,光明村委会,231225102,23,2312,231225
231225103200,崇德村委会,231225103,23,2312,231225
231225103201,民主村委会,231225103,23,2312,231225
231225103202,庆丰村委会,231225103,23,2312,231225
231225103203,合胜村委会,231225103,23,2312,231225
231225103204,光星村委会,231225103,23,2312,231225
231225103205,光华村委会,231225103,23,2312,231225
231225103206,茂盛村委会,231225103,23,2312,231225
231225104200,集体村委会,231225104,23,2312,231225
231225104201,新胜村委会,231225104,23,2312,231225
231225104202,太平村委会,231225104,23,2312,231225
231225104203,繁华村委会,231225104,23,2312,231225
231225104204,前进村委会,231225104,23,2312,231225
231225104205,勤劳村委会,231225104,23,2312,231225
231225104206,平原村委会,231225104,23,2312,231225
231225104207,友爱村委会,231225104,23,2312,231225
231225104208,永胜村委会,231225104,23,2312,231225
231225104209,革新村委会,231225104,23,2312,231225
231225104210,永跃村委会,231225104,23,2312,231225
231225106200,东双村委会,231225106,23,2312,231225
231225106201,双泉村委会,231225106,23,2312,231225
231225106202,双长村委会,231225106,23,2312,231225
231225106203,双发村委会,231225106,23,2312,231225
231225106204,双合村委会,231225106,23,2312,231225
231225106205,双利村委会,231225106,23,2312,231225
231225106206,东利村委会,231225106,23,2312,231225
231225106207,东胜村委会,231225106,23,2312,231225
231225106208,东发村委会,231225106,23,2312,231225
231225106209,东明村委会,231225106,23,2312,231225
231225106210,东合村委会,231225106,23,2312,231225
231225203200,永久村委会,231225203,23,2312,231225
231225203201,和平村委会,231225203,23,2312,231225
231225203202,继丰村委会,231225203,23,2312,231225
231225203203,永乐村委会,231225203,23,2312,231225
231225203204,新兴村委会,231225203,23,2312,231225
231225203205,永生村委会,231225203,23,2312,231225
231225203206,丰饶村委会,231225203,23,2312,231225
231225203207,永吉村委会,231225203,23,2312,231225
231225204200,对面城村委会,231225204,23,2312,231225
231225204201,利金村委会,231225204,23,2312,231225
231225204202,长发村委会,231225204,23,2312,231225
231225204203,稻田村委会,231225204,23,2312,231225
231225204204,树人村委会,231225204,23,2312,231225
231225204205,双山村委会,231225204,23,2312,231225
231225205200,黎明村委会,231225205,23,2312,231225
231225205201,光荣村委会,231225205,23,2312,231225
231225205202,曙光村委会,231225205,23,2312,231225
231225205203,金山村委会,231225205,23,2312,231225
231225205204,山头村委会,231225205,23,2312,231225
231225205205,建国村委会,231225205,23,2312,231225
231225205206,立志村委会,231225205,23,2312,231225
231225206200,繁荣村委会,231225206,23,2312,231225
231225206201,幸福村委会,231225206,23,2312,231225
231225206202,民富村委会,231225206,23,2312,231225
231225206203,光芒村委会,231225206,23,2312,231225
231225206204,星火村委会,231225206,23,2312,231225
231225206205,自兴村委会,231225206,23,2312,231225
231225206206,联合村委会,231225206,23,2312,231225
231225207200,红光村委会,231225207,23,2312,231225
231225207201,红星村委会,231225207,23,2312,231225
231225207202,宏伟村委会,231225207,23,2312,231225
231225207203,丰收村委会,231225207,23,2312,231225
231225207204,富强村委会,231225207,23,2312,231225
231225207205,五星村委会,231225207,23,2312,231225
231225207206,永发村委会,231225207,23,2312,231225
231225208200,示范村委会,231225208,23,2312,231225
231225208201,先进村委会,231225208,23,2312,231225
231225208202,兴华村委会,231225208,23,2312,231225
231225208203,爱林村委会,231225208,23,2312,231225
231225208204,胜利村委会,231225208,23,2312,231225
231225208205,富裕村委会,231225208,23,2312,231225
231225208206,东方红村委会,231225208,23,2312,231225
231225400598,国营林场虚拟生活区,231225400,23,2312,231225
231225580598,县联社马场虚拟生活区,231225580,23,2312,231225
231225581598,明水种畜场虚拟生活区,231225581,23,2312,231225
231225582598,育林畜牧场虚拟生活区,231225582,23,2312,231225
231225583598,国营第一良种虚拟生活区,231225583,23,2312,231225
231225584598,国营第二良种虚拟生活区,231225584,23,2312,231225
231225585598,国营第三良种虚拟生活区,231225585,23,2312,231225
231226001001,车站社区居委会,231226001,23,2312,231226
231226002001,建设社区居委会,231226002,23,2312,231226
231226002002,立新社区居委会,231226002,23,2312,231226
231226003001,东北社区居委会,231226003,23,2312,231226
231226003002,西北社区居委会,231226003,23,2312,231226
231226004005,东南社区居委会,231226004,23,2312,231226
231226004006,西南社区居委会,231226004,23,2312,231226
231226100201,东方红村委会,231226100,23,2312,231226
231226100202,东升村委会,231226100,23,2312,231226
231226100203,吉长村委会,231226100,23,2312,231226
231226101200,大兴村委会,231226101,23,2312,231226
231226101201,民族村委会,231226101,23,2312,231226
231226101202,诺敏河村委会,231226101,23,2312,231226
231226101203,稻香村委会,231226101,23,2312,231226
231226101204,上集村委会,231226101,23,2312,231226
231226101205,平安村委会,231226101,23,2312,231226
231226101206,天放村委会,231226101,23,2312,231226
231226101207,宝田村委会,231226101,23,2312,231226
231226101208,国栋村委会,231226101,23,2312,231226
231226102200,林海村委会,231226102,23,2312,231226
231226102201,宝山村委会,231226102,23,2312,231226
231226102202,半截河村委会,231226102,23,2312,231226
231226102203,林富村委会,231226102,23,2312,231226
231226102204,林强村委会,231226102,23,2312,231226
231226103200,双东村委会,231226103,23,2312,231226
231226103201,双泉村委会,231226103,23,2312,231226
231226103202,民主村委会,231226103,23,2312,231226
231226103203,立新村委会,231226103,23,2312,231226
231226103204,双兴村委会,231226103,23,2312,231226
231226103205,前锋村委会,231226103,23,2312,231226
231226103206,永生村委会,231226103,23,2312,231226
231226103207,富民村委会,231226103,23,2312,231226
231226104200,十六井村委会,231226104,23,2312,231226
231226104201,三合村委会,231226104,23,2312,231226
231226104202,共和村委会,231226104,23,2312,231226
231226104203,永清村委会,231226104,23,2312,231226
231226104204,长青村委会,231226104,23,2312,231226
231226104205,心合村委会,231226104,23,2312,231226
231226104206,永合村委会,231226104,23,2312,231226
231226105200,阁山村委会,231226105,23,2312,231226
231226105201,一部村委会,231226105,23,2312,231226
231226105202,三部村委会,231226105,23,2312,231226
231226105203,五部村委会,231226105,23,2312,231226
231226105204,四部村委会,231226105,23,2312,231226
231226105205,十部村委会,231226105,23,2312,231226
231226105206,东兴村委会,231226105,23,2312,231226
231226105207,长山村委会,231226105,23,2312,231226
231226105208,保江村委会,231226105,23,2312,231226
231226105209,幸福村委会,231226105,23,2312,231226
231226200200,九江村委会,231226200,23,2312,231226
231226200201,胜利村委会,231226200,23,2312,231226
231226200202,光芒村委会,231226200,23,2312,231226
231226200203,双合村委会,231226200,23,2312,231226
231226200204,富国村委会,231226200,23,2312,231226
231226200205,七井村委会,231226200,23,2312,231226
231226200206,靠山村委会,231226200,23,2312,231226
231226201200,红光村委会,231226201,23,2312,231226
231226201201,二井村委会,231226201,23,2312,231226
231226201202,振东村委会,231226201,23,2312,231226
231226201203,十五井村委会,231226201,23,2312,231226
231226201204,前头村委会,231226201,23,2312,231226
231226205200,十四井村委会,231226205,23,2312,231226
231226205201,四井村委会,231226205,23,2312,231226
231226205202,部落村委会,231226205,23,2312,231226
231226205203,九井村委会,231226205,23,2312,231226
231226205204,向荣村委会,231226205,23,2312,231226
231226205205,中兴村委会,231226205,23,2312,231226
231226205206,克音村委会,231226205,23,2312,231226
231226205207,西林村委会,231226205,23,2312,231226
231226206200,海林村委会,231226206,23,2312,231226
231226206201,东林村委会,231226206,23,2312,231226
231226206202,宋家村委会,231226206,23,2312,231226
231226206203,绥中村委会,231226206,23,2312,231226
231226206204,北解村委会,231226206,23,2312,231226
231226206205,五庄村委会,231226206,23,2312,231226
231226207200,双丰村委会,231226207,23,2312,231226
231226207201,永发村委会,231226207,23,2312,231226
231226207202,跃进村委会,231226207,23,2312,231226
231226207203,勇敢村委会,231226207,23,2312,231226
231226207204,抚北村委会,231226207,23,2312,231226
231226207205,卫星村委会,231226207,23,2312,231226
231226207206,进军村委会,231226207,23,2312,231226
231226207207,青山村委会,231226207,23,2312,231226
231226400598,阁山林场虚拟生活区,231226400,23,2312,231226
231226401598,四海店林场虚拟生活区,231226401,23,2312,231226
231226402598,三吉台林场虚拟生活区,231226402,23,2312,231226
231226403598,半截河林场虚拟生活区,231226403,23,2312,231226
231226404001,创业社区居委会,231226404,23,2312,231226
231226404002,红星社区居委会,231226404,23,2312,231226
231226404003,卫东社区居委会,231226404,23,2312,231226
231226404004,胜利社区居委会,231226404,23,2312,231226
231226404005,林源社区居委会,231226404,23,2312,231226
231226404501,绥棱林业局有限公司五四林场生活区,231226404,23,2312,231226
231226404502,绥棱林业局有限公司八二经营所生活区,231226404,23,2312,231226
231226404503,绥棱林业局有限公司义气松实验林场生活区,231226404,23,2312,231226
231226404504,绥棱林业局有限公司北股流林场生活区,231226404,23,2312,231226
231226404505,绥棱林业局有限公司东风林场生活区,231226404,23,2312,231226
231226404506,绥棱林业局有限公司七一经营所生活区,231226404,23,2312,231226
231226404507,绥棱林业局有限公司建兴经营所生活区,231226404,23,2312,231226
231226404509,绥棱林业局有限公司西北河经营所生活区,231226404,23,2312,231226
231226404510,绥棱林业局有限公司跃进林场生活区,231226404,23,2312,231226
231226404511,绥棱林业局有限公司八一林场生活区,231226404,23,2312,231226
231226404512,绥棱林业局有限公司五一经营所生活区,231226404,23,2312,231226
231226404513,绥棱林业局有限公司六棵松森调队生活区,231226404,23,2312,231226
231226404514,绥棱林业局有限公司东股流林场生活区,231226404,23,2312,231226
231226404515,绥棱林业局有限公司老股流林场生活区,231226404,23,2312,231226
231226404516,绥棱林业局有限公司五道河农场生活区,231226404,23,2312,231226
231226404517,绥棱林业局有限公司张家湾农场生活区,231226404,23,2312,231226
231226500402,绥棱场直社区,231226500,23,2312,231226
231226500501,绥棱农场双兴管理区,231226500,23,2312,231226
231226500502,绥棱农场四海管理区,231226500,23,2312,231226
231226500503,绥棱农场金斗管理区,231226500,23,2312,231226
231226580598,种马场虚拟生活区,231226580,23,2312,231226
231226581598,良种场虚拟生活区,231226581,23,2312,231226
231226582598,猪场虚拟生活区,231226582,23,2312,231226
231281001001,红星社区居委会,231281001,23,2312,231281
231281001002,龙化社区居委会,231281001,23,2312,231281
231281001003,长征社区居委会,231281001,23,2312,231281
231281001004,水厂社区居委会,231281001,23,2312,231281
231281001006,东风社区居委会,231281001,23,2312,231281
231281001007,天桥社区居委会,231281001,23,2312,231281
231281002002,引嫩社区居委会,231281002,23,2312,231281
231281002003,和平社区居委会,231281002,23,2312,231281
231281002004,兴安社区居委会,231281002,23,2312,231281
231281002005,金牛社区居委会,231281002,23,2312,231281
231281002007,北方社区居委会,231281002,23,2312,231281
231281002008,新兴社区居委会,231281002,23,2312,231281
231281002009,利达社区居委会,231281002,23,2312,231281
231281003001,安虹社区居委会,231281003,23,2312,231281
231281003003,百花园社区居委会,231281003,23,2312,231281
231281003005,永峰社区居委会,231281003,23,2312,231281
231281003007,金税社区居委会,231281003,23,2312,231281
231281003008,安居社区居委会,231281003,23,2312,231281
231281003010,团结社区居委会,231281003,23,2312,231281
231281004001,绿色家园社区居委会,231281004,23,2312,231281
231281004002,花园社区居委会,231281004,23,2312,231281
231281004003,学府社区居委会,231281004,23,2312,231281
231281004004,鸿牛社区居委会,231281004,23,2312,231281
231281100200,胜利村委会,231281100,23,2312,231281
231281100201,光明村委会,231281100,23,2312,231281
231281100202,发展村委会,231281100,23,2312,231281
231281100203,立志村委会,231281100,23,2312,231281
231281100204,团结村委会,231281100,23,2312,231281
231281100205,新青村委会,231281100,23,2312,231281
231281100206,铁西村委会,231281100,23,2312,231281
231281101001,第一居委会,231281101,23,2312,231281
231281101002,第二居委会,231281101,23,2312,231281
231281101003,第三居委会,231281101,23,2312,231281
231281101004,第四居委会,231281101,23,2312,231281
231281101200,永生村委会,231281101,23,2312,231281
231281101201,任民村委会,231281101,23,2312,231281
231281101202,合力村委会,231281101,23,2312,231281
231281101203,庆丰村委会,231281101,23,2312,231281
231281101204,永平村委会,231281101,23,2312,231281
231281101205,一心村委会,231281101,23,2312,231281
231281101206,裕民村委会,231281101,23,2312,231281
231281101207,工农村委会,231281101,23,2312,231281
231281101208,和平村委会,231281101,23,2312,231281
231281101209,新义村委会,231281101,23,2312,231281
231281101210,清民村委会,231281101,23,2312,231281
231281103200,爱国村委会,231281103,23,2312,231281
231281103201,新民村委会,231281103,23,2312,231281
231281103202,巨宝村委会,231281103,23,2312,231281
231281103203,长山村委会,231281103,23,2312,231281
231281103204,曙光村委会,231281103,23,2312,231281
231281103205,福民村委会,231281103,23,2312,231281
231281103206,中和村委会,231281103,23,2312,231281
231281103207,兴晨村委会,231281103,23,2312,231281
231281104200,昌德村委会,231281104,23,2312,231281
231281104201,永兴村委会,231281104,23,2312,231281
231281104202,永福村委会,231281104,23,2312,231281
231281104203,立功村委会,231281104,23,2312,231281
231281104204,龙德村委会,231281104,23,2312,231281
231281104205,建设村委会,231281104,23,2312,231281
231281104206,庆新村委会,231281104,23,2312,231281
231281105200,拥护村委会,231281105,23,2312,231281
231281105201,保田村委会,231281105,23,2312,231281
231281105202,太平村委会,231281105,23,2312,231281
231281105203,增涵村委会,231281105,23,2312,231281
231281105204,板子房村委会,231281105,23,2312,231281
231281105205,幸福村委会,231281105,23,2312,231281
231281105206,新建村委会,231281105,23,2312,231281
231281105207,中心村委会,231281105,23,2312,231281
231281105208,劳动村委会,231281105,23,2312,231281
231281106200,四合村委会,231281106,23,2312,231281
231281106201,承平村委会,231281106,23,2312,231281
231281106202,安乐村委会,231281106,23,2312,231281
231281106203,火星村委会,231281106,23,2312,231281
231281106204,青龙山村委会,231281106,23,2312,231281
231281106205,吉庆村委会,231281106,23,2312,231281
231281106206,东升村委会,231281106,23,2312,231281
231281106207,南来村委会,231281106,23,2312,231281
231281106208,永富村委会,231281106,23,2312,231281
231281106209,吉利村委会,231281106,23,2312,231281
231281106210,新合村委会,231281106,23,2312,231281
231281106211,五撮房村委会,231281106,23,2312,231281
231281106212,保安村委会,231281106,23,2312,231281
231281107200,永和村委会,231281107,23,2312,231281
231281107201,新兴村委会,231281107,23,2312,231281
231281107202,新发村委会,231281107,23,2312,231281
231281107203,宝利村委会,231281107,23,2312,231281
231281107204,本利村委会,231281107,23,2312,231281
231281107205,利民村委会,231281107,23,2312,231281
231281107206,长利村委会,231281107,23,2312,231281
231281107207,文化村委会,231281107,23,2312,231281
231281107208,向前村委会,231281107,23,2312,231281
231281107209,联合村委会,231281107,23,2312,231281
231281108200,正本村委会,231281108,23,2312,231281
231281108201,德本村委会,231281108,23,2312,231281
231281108202,大本村委会,231281108,23,2312,231281
231281108203,富本村委会,231281108,23,2312,231281
231281108204,信本村委会,231281108,23,2312,231281
231281109200,二村委会,231281109,23,2312,231281
231281109201,十八村委会,231281109,23,2312,231281
231281109202,二十五村委会,231281109,23,2312,231281
231281109203,双兴村委会,231281109,23,2312,231281
231281109204,北旺村委会,231281109,23,2312,231281
231281109205,嫩河村委会,231281109,23,2312,231281
231281109206,宽甸村委会,231281109,23,2312,231281
231281110200,吉星村委会,231281110,23,2312,231281
231281110201,金星村委会,231281110,23,2312,231281
231281110202,东星村委会,231281110,23,2312,231281
231281110203,明星村委会,231281110,23,2312,231281
231281110204,隆星村委会,231281110,23,2312,231281
231281110205,中星村委会,231281110,23,2312,231281
231281110206,和星村委会,231281110,23,2312,231281
231281110207,久星村委会,231281110,23,2312,231281
231281110208,宝星村委会,231281110,23,2312,231281
231281110209,巨星村委会,231281110,23,2312,231281
231281111200,东清村委会,231281111,23,2312,231281
231281111201,龙山村委会,231281111,23,2312,231281
231281111202,龙华村委会,231281111,23,2312,231281
231281111203,青山村委会,231281111,23,2312,231281
231281111204,致富村委会,231281111,23,2312,231281
231281111205,保国村委会,231281111,23,2312,231281
231281111206,王花泡村委会,231281111,23,2312,231281
231281112200,仁和村委会,231281112,23,2312,231281
231281112201,兴华村委会,231281112,23,2312,231281
231281112202,兴胜村委会,231281112,23,2312,231281
231281112203,德胜村委会,231281112,23,2312,231281
231281112204,三胜村委会,231281112,23,2312,231281
231281112205,兴业村委会,231281112,23,2312,231281
231281113200,民生村委会,231281113,23,2312,231281
231281113201,自卫村委会,231281113,23,2312,231281
231281113202,革命村委会,231281113,23,2312,231281
231281113203,巩固村委会,231281113,23,2312,231281
231281113204,双山村委会,231281113,23,2312,231281
231281113205,黎明村委会,231281113,23,2312,231281
231281113206,农义村委会,231281113,23,2312,231281
231281209200,友谊村委会,231281209,23,2312,231281
231281209201,二龙山村委会,231281209,23,2312,231281
231281209202,红星村委会,231281209,23,2312,231281
231281209203,富强村委会,231281209,23,2312,231281
231281209204,红旗村委会,231281209,23,2312,231281
231281209205,八里岗村委会,231281209,23,2312,231281
231281209206,青龙河村委会,231281209,23,2312,231281
231281209207,黑鱼泡村委会,231281209,23,2312,231281
231281209208,三岔河村委会,231281209,23,2312,231281
231281500598,安达畜牧场虚拟生活区,231281500,23,2312,231281
231281581598,原种场虚拟生活区,231281581,23,2312,231281
231281583598,红旗泡水库管理所虚拟生活区,231281583,23,2312,231281
231281584598,东湖水库管理站虚拟生活区,231281584,23,2312,231281
231282001001,信通社区居委会,231282001,23,2312,231282
231282001003,利民社区居委会,231282001,23,2312,231282
231282001004,南城社区居委会,231282001,23,2312,231282
231282001005,平安社区居委会,231282001,23,2312,231282
231282001006,东泰社区居委会,231282001,23,2312,231282
231282001009,阳光社区居委会,231282001,23,2312,231282
231282001010,中行社区居委会,231282001,23,2312,231282
231282001012,太平社区居委会,231282001,23,2312,231282
231282001013,兴顺社区居委会,231282001,23,2312,231282
231282002002,东大路社区居委会,231282002,23,2312,231282
231282002003,东利路社区居委会,231282002,23,2312,231282
231282002004,化工路社区居委会,231282002,23,2312,231282
231282002005,北山路社区居委会,231282002,23,2312,231282
231282002006,东民路社区居委会,231282002,23,2312,231282
231282002007,东直街社区居委会,231282002,23,2312,231282
231282002008,华润路社区居委会,231282002,23,2312,231282
231282003001,佳和社区居委会,231282003,23,2312,231282
231282003003,审计社区居委会,231282003,23,2312,231282
231282003006,松辽社区居委会,231282003,23,2312,231282
231282003009,民益社区居委会,231282003,23,2312,231282
231282003010,福园社区居委会,231282003,23,2312,231282
231282003013,龙城社区居委会,231282003,23,2312,231282
231282003014,江南社区居委会,231282003,23,2312,231282
231282003015,观澜社区居委会,231282003,23,2312,231282
231282004002,桐景社区居委会,231282004,23,2312,231282
231282004003,兴隆社区居委会,231282004,23,2312,231282
231282004005,华富社区居委会,231282004,23,2312,231282
231282004006,福和社区居委会,231282004,23,2312,231282
231282004008,龙宇社区居委会,231282004,23,2312,231282
231282004010,忠信社区居委会,231282004,23,2312,231282
231282004011,宏盛社区居委会,231282004,23,2312,231282
231282004012,师范社区居委会,231282004,23,2312,231282
231282004013,地税社区居委会,231282004,23,2312,231282
231282004014,果园社区居委会,231282004,23,2312,231282
231282100201,石坚村委会,231282100,23,2312,231282
231282100202,红日村委会,231282100,23,2312,231282
231282100203,展望村委会,231282100,23,2312,231282
231282100204,增产村委会,231282100,23,2312,231282
231282100205,长乐村委会,231282100,23,2312,231282
231282100206,建华村委会,231282100,23,2312,231282
231282100207,东跃村委会,231282100,23,2312,231282
231282100208,万有村委会,231282100,23,2312,231282
231282100209,先进村委会,231282100,23,2312,231282
231282101201,一街村委会,231282101,23,2312,231282
231282101202,二街村委会,231282101,23,2312,231282
231282101203,三街村委会,231282101,23,2312,231282
231282101204,四街村委会,231282101,23,2312,231282
231282101205,昌平村委会,231282101,23,2312,231282
231282101206,金安村委会,231282101,23,2312,231282
231282101207,福利村委会,231282101,23,2312,231282
231282101208,巨宝村委会,231282101,23,2312,231282
231282101209,五井村委会,231282101,23,2312,231282
231282101210,昌盛村委会,231282101,23,2312,231282
231282101211,向前村委会,231282101,23,2312,231282
231282101212,四井村委会,231282101,23,2312,231282
231282102201,铁西村委会,231282102,23,2312,231282
231282102202,晓光村委会,231282102,23,2312,231282
231282102203,共荣村委会,231282102,23,2312,231282
231282102204,乐业村委会,231282102,23,2312,231282
231282102205,瑞光村委会,231282102,23,2312,231282
231282102206,合胜村委会,231282102,23,2312,231282
231282102207,万发村委会,231282102,23,2312,231282
231282102208,宋站村委会,231282102,23,2312,231282
231282103201,五站村委会,231282103,23,2312,231282
231282103202,高堡村委会,231282103,23,2312,231282
231282103203,东安村委会,231282103,23,2312,231282
231282103204,华西村委会,231282103,23,2312,231282
231282103205,曲乡村委会,231282103,23,2312,231282
231282103206,东发村委会,231282103,23,2312,231282
231282103207,黑山村委会,231282103,23,2312,231282
231282103208,青山村委会,231282103,23,2312,231282
231282103209,五湖村委会,231282103,23,2312,231282
231282103210,同发村委会,231282103,23,2312,231282
231282103211,一心村委会,231282103,23,2312,231282
231282104201,长安村委会,231282104,23,2312,231282
231282104202,五间村委会,231282104,23,2312,231282
231282104203,四合村委会,231282104,23,2312,231282
231282104204,前进村委会,231282104,23,2312,231282
231282104205,红庆村委会,231282104,23,2312,231282
231282104206,尚家村委会,231282104,23,2312,231282
231282104207,红明村委会,231282104,23,2312,231282
231282104208,红光村委会,231282104,23,2312,231282
231282104209,福山村委会,231282104,23,2312,231282
231282104210,平房村委会,231282104,23,2312,231282
231282105201,姜家村委会,231282105,23,2312,231282
231282105202,红旗村委会,231282105,23,2312,231282
231282105203,自力村委会,231282105,23,2312,231282
231282105204,双安村委会,231282105,23,2312,231282
231282105205,奋斗村委会,231282105,23,2312,231282
231282105206,仲山村委会,231282105,23,2312,231282
231282105207,兴隆村委会,231282105,23,2312,231282
231282106201,四方村委会,231282106,23,2312,231282
231282106202,永丰村委会,231282106,23,2312,231282
231282106203,金山村委会,231282106,23,2312,231282
231282106204,康岗村委会,231282106,23,2312,231282
231282106205,民强村委会,231282106,23,2312,231282
231282106206,双兴村委会,231282106,23,2312,231282
231282106207,郑义村委会,231282106,23,2312,231282
231282106208,长江村委会,231282106,23,2312,231282
231282106209,里木店村委会,231282106,23,2312,231282
231282107201,四站村委会,231282107,23,2312,231282
231282107202,菜元子村委会,231282107,23,2312,231282
231282107203,富江村委会,231282107,23,2312,231282
231282107204,克宝村委会,231282107,23,2312,231282
231282107205,巨林村委会,231282107,23,2312,231282
231282108201,松江村委会,231282108,23,2312,231282
231282108202,新兴村委会,231282108,23,2312,231282
231282108203,三星村委会,231282108,23,2312,231282
231282108204,安业村委会,231282108,23,2312,231282
231282108205,永兴村委会,231282108,23,2312,231282
231282108206,安全村委会,231282108,23,2312,231282
231282108207,合居村委会,231282108,23,2312,231282
231282108208,富强村委会,231282108,23,2312,231282
231282108209,安乐村委会,231282108,23,2312,231282
231282108210,新江村委会,231282108,23,2312,231282
231282108211,广发村委会,231282108,23,2312,231282
231282108212,岔宝村委会,231282108,23,2312,231282
231282109201,五里明村委会,231282109,23,2312,231282
231282109202,东升村委会,231282109,23,2312,231282
231282109203,胜平村委会,231282109,23,2312,231282
231282109204,利民村委会,231282109,23,2312,231282
231282109205,榛柴村委会,231282109,23,2312,231282
231282110201,托公达斡尔蒙古族村委会,231282110,23,2312,231282
231282110202,长富村委会,231282110,23,2312,231282
231282110203,巨发村委会,231282110,23,2312,231282
231282110204,银山村委会,231282110,23,2312,231282
231282110205,四兴村委会,231282110,23,2312,231282
231282110206,黎明村委会,231282110,23,2312,231282
231282110207,春光村委会,231282110,23,2312,231282
231282110208,中兴村委会,231282110,23,2312,231282
231282110209,民安村委会,231282110,23,2312,231282
231282110210,太和村委会,231282110,23,2312,231282
231282110211,永久村委会,231282110,23,2312,231282
231282110212,珊树村委会,231282110,23,2312,231282
231282110213,民兴村委会,231282110,23,2312,231282
231282110214,民主村委会,231282110,23,2312,231282
231282111201,西八里村委会,231282111,23,2312,231282
231282111202,治山村委会,231282111,23,2312,231282
231282111203,飞跃村委会,231282111,23,2312,231282
231282111204,三合亚村委会,231282111,23,2312,231282
231282111205,太平山村委会,231282111,23,2312,231282
231282111206,西北岔村委会,231282111,23,2312,231282
231282111207,七道海村委会,231282111,23,2312,231282
231282112201,新立村委会,231282112,23,2312,231282
231282112202,长兴村委会,231282112,23,2312,231282
231282112203,长井村委会,231282112,23,2312,231282
231282112204,海城村委会,231282112,23,2312,231282
231282112205,新安村委会,231282112,23,2312,231282
231282112206,大户村委会,231282112,23,2312,231282
231282112207,靠山村委会,231282112,23,2312,231282
231282201201,太平村委会,231282201,23,2312,231282
231282201202,同合村委会,231282201,23,2312,231282
231282201203,勤俭村委会,231282201,23,2312,231282
231282201204,东合村委会,231282201,23,2312,231282
231282201205,群力村委会,231282201,23,2312,231282
231282201206,光远村委会,231282201,23,2312,231282
231282201207,庆丰村委会,231282201,23,2312,231282
231282204201,巨胜村委会,231282204,23,2312,231282
231282204202,巨成村委会,231282204,23,2312,231282
231282204203,向阳村委会,231282204,23,2312,231282
231282204204,宏业村委会,231282204,23,2312,231282
231282204205,日新村委会,231282204,23,2312,231282
231282204206,中心村委会,231282204,23,2312,231282
231282204207,复兴村委会,231282204,23,2312,231282
231282204208,五星村委会,231282204,23,2312,231282
231282204209,百合村委会,231282204,23,2312,231282
231282205201,洪河村委会,231282205,23,2312,231282
231282205202,志远村委会,231282205,23,2312,231282
231282205203,八井村委会,231282205,23,2312,231282
231282205204,解放村委会,231282205,23,2312,231282
231282205205,光荣村委会,231282205,23,2312,231282
231282205206,友好村委会,231282205,23,2312,231282
231282205207,平原村委会,231282205,23,2312,231282
231282205208,古城村委会,231282205,23,2312,231282
231282205209,日光村委会,231282205,23,2312,231282
231282206201,龙庄村委会,231282206,23,2312,231282
231282206202,富饶村委会,231282206,23,2312,231282
231282206203,跃进村委会,231282206,23,2312,231282
231282206204,宏伟村委会,231282206,23,2312,231282
231282206205,福龙村委会,231282206,23,2312,231282
231282206206,富裕村委会,231282206,23,2312,231282
231282206207,卫东村委会,231282206,23,2312,231282
231282212201,育民村委会,231282212,23,2312,231282
231282212202,永发村委会,231282212,23,2312,231282
231282212203,发展村委会,231282212,23,2312,231282
231282212204,德昌村委会,231282212,23,2312,231282
231282212205,红岩村委会,231282212,23,2312,231282
231282212206,六合村委会,231282212,23,2312,231282
231282212207,光明村委会,231282212,23,2312,231282
231282212208,新跃村委会,231282212,23,2312,231282
231282213201,荣兴村委会,231282213,23,2312,231282
231282213202,长胜村委会,231282213,23,2312,231282
231282213203,富荣村委会,231282213,23,2312,231282
231282213204,新富村委会,231282213,23,2312,231282
231282213205,泰山村委会,231282213,23,2312,231282
231282213206,宣化村委会,231282213,23,2312,231282
231282213207,锋原村委会,231282213,23,2312,231282
231282213208,四村村委会,231282213,23,2312,231282
231282213209,六撮村委会,231282213,23,2312,231282
231282214201,二龙村委会,231282214,23,2312,231282
231282214202,八撮村委会,231282214,23,2312,231282
231282214203,永红村委会,231282214,23,2312,231282
231282214204,长青村委会,231282214,23,2312,231282
231282214205,安民村委会,231282214,23,2312,231282
231282214206,胜安村委会,231282214,23,2312,231282
231282214207,榆林村委会,231282214,23,2312,231282
231282214208,奉安村委会,231282214,23,2312,231282
231282214209,合发村委会,231282214,23,2312,231282
231282214210,奋发村委会,231282214,23,2312,231282
231282215201,胜水村委会,231282215,23,2312,231282
231282215202,幸福村委会,231282215,23,2312,231282
231282215203,卧龙村委会,231282215,23,2312,231282
231282215204,九井村委会,231282215,23,2312,231282
231282215205,长发村委会,231282215,23,2312,231282
231282215206,明久满族自治村委会,231282215,23,2312,231282
231282215207,兴国村委会,231282215,23,2312,231282
231282215208,迎春村委会,231282215,23,2312,231282
231282215209,兴华村委会,231282215,23,2312,231282
231282215210,东升村委会,231282215,23,2312,231282
231282215211,金山村委会,231282215,23,2312,231282
231282500402,四方山场直社区,231282500,23,2312,231282
231282500501,四方山农场管理区,231282500,23,2312,231282
231282501402,涝洲场直社区,231282501,23,2312,231282
231282501501,涝洲非场直生活区,231282501,23,2312,231282
231283100001,铁路社区居委会,231283100,23,2312,231283
231283100002,花园社区居委会,231283100,23,2312,231283
231283100003,建设社区居委会,231283100,23,2312,231283
231283100004,百业社区居委会,231283100,23,2312,231283
231283100005,光明社区居委会,231283100,23,2312,231283
231283100006,安全社区居委会,231283100,23,2312,231283
231283100007,向阳社区居委会,231283100,23,2312,231283
231283100008,百花社区居委会,231283100,23,2312,231283
231283100009,西城社区居委会,231283100,23,2312,231283
231283100010,通达社区居委会,231283100,23,2312,231283
231283100011,雷炎社区居委会,231283100,23,2312,231283
231283100012,兴盛社区居委会,231283100,23,2312,231283
231283100013,富强社区居委会,231283100,23,2312,231283
231283100014,文明社区居委会,231283100,23,2312,231283
231283100015,海福社区居委会,231283100,23,2312,231283
231283100016,学府社区居委会,231283100,23,2312,231283
231283100017,红旗社区居委会,231283100,23,2312,231283
231283100018,民乐社区居委会,231283100,23,2312,231283
231283100019,东安社区居委会,231283100,23,2312,231283
231283100020,金穗社区居委会,231283100,23,2312,231283
231283100021,新海社区居委会,231283100,23,2312,231283
231283100022,天海社区居委会,231283100,23,2312,231283
231283100023,星海社区居委会,231283100,23,2312,231283
231283100024,新伦社区居委会,231283100,23,2312,231283
231283100025,富伦社区居委会,231283100,23,2312,231283
231283100200,建城村委会,231283100,23,2312,231283
231283100201,护城村委会,231283100,23,2312,231283
231283100202,连城村委会,231283100,23,2312,231283
231283101001,第一居委会,231283101,23,2312,231283
231283101002,第二居委会,231283101,23,2312,231283
231283101003,第三居委会,231283101,23,2312,231283
231283101004,第四居委会,231283101,23,2312,231283
231283101005,第五居委会,231283101,23,2312,231283
231283101006,第六居委会,231283101,23,2312,231283
231283101200,爱合村委会,231283101,23,2312,231283
231283101201,海北村委会,231283101,23,2312,231283
231283101202,南华村委会,231283101,23,2312,231283
231283101203,海发村委会,231283101,23,2312,231283
231283101204,南众村委会,231283101,23,2312,231283
231283101205,新胜村委会,231283101,23,2312,231283
231283101206,长安村委会,231283101,23,2312,231283
231283101207,西安村委会,231283101,23,2312,231283
231283101208,新伦村委会,231283101,23,2312,231283
231283101209,三合村委会,231283101,23,2312,231283
231283101210,南合村委会,231283101,23,2312,231283
231283101211,振兴村委会,231283101,23,2312,231283
231283101212,福合村委会,231283101,23,2312,231283
231283101213,爱国村委会,231283101,23,2312,231283
231283101214,专政村委会,231283101,23,2312,231283
231283101215,祥顺村委会,231283101,23,2312,231283
231283101216,荣华村委会,231283101,23,2312,231283
231283102001,第一居委会,231283102,23,2312,231283
231283102002,第二居委会,231283102,23,2312,231283
231283102003,第三居委会,231283102,23,2312,231283
231283102004,第四居委会,231283102,23,2312,231283
231283102200,西伦村委会,231283102,23,2312,231283
231283102201,德伦村委会,231283102,23,2312,231283
231283102202,东伦村委会,231283102,23,2312,231283
231283102203,振伦村委会,231283102,23,2312,231283
231283102204,南伦村委会,231283102,23,2312,231283
231283102205,兴伦村委会,231283102,23,2312,231283
231283102206,保伦村委会,231283102,23,2312,231283
231283102207,护伦村委会,231283102,23,2312,231283
231283102208,沿伦村委会,231283102,23,2312,231283
231283102209,边伦村委会,231283102,23,2312,231283
231283103200,富众村委会,231283103,23,2312,231283
231283103201,共合村委会,231283103,23,2312,231283
231283103202,共祥村委会,231283103,23,2312,231283
231283103203,主力村委会,231283103,23,2312,231283
231283103204,拥军村委会,231283103,23,2312,231283
231283103205,伏中村委会,231283103,23,2312,231283
231283103206,共青团村委会,231283103,23,2312,231283
231283103207,丰厚村委会,231283103,23,2312,231283
231283103208,众平村委会,231283103,23,2312,231283
231283103209,增产村委会,231283103,23,2312,231283
231283103210,保安村委会,231283103,23,2312,231283
231283104200,中信村委会,231283104,23,2312,231283
231283104201,海兴村委会,231283104,23,2312,231283
231283104202,新权村委会,231283104,23,2312,231283
231283104203,长胜村委会,231283104,23,2312,231283
231283104204,自治村委会,231283104,23,2312,231283
231283104205,众兴村委会,231283104,23,2312,231283
231283104206,民和村委会,231283104,23,2312,231283
231283104207,永进村委会,231283104,23,2312,231283
231283104208,丰顺村委会,231283104,23,2312,231283
231283104209,民醒村委会,231283104,23,2312,231283
231283105200,农耕村委会,231283105,23,2312,231283
231283105201,祥富村委会,231283105,23,2312,231283
231283105202,永强村委会,231283105,23,2312,231283
231283105203,永耕村委会,231283105,23,2312,231283
231283105204,更新村委会,231283105,23,2312,231283
231283105205,民兴村委会,231283105,23,2312,231283
231283105206,有富村委会,231283105,23,2312,231283
231283105207,富源村委会,231283105,23,2312,231283
231283105208,新设村委会,231283105,23,2312,231283
231283105209,北兴村委会,231283105,23,2312,231283
231283105210,兴国村委会,231283105,23,2312,231283
231283106200,边井村委会,231283106,23,2312,231283
231283106201,双音村委会,231283106,23,2312,231283
231283106202,自卫村委会,231283106,23,2312,231283
231283106203,兴安村委会,231283106,23,2312,231283
231283106204,文化村委会,231283106,23,2312,231283
231283106205,宝星村委会,231283106,23,2312,231283
231283106206,育村村委会,231283106,23,2312,231283
231283106207,八方村委会,231283106,23,2312,231283
231283106208,仁东村委会,231283106,23,2312,231283
231283106209,临河村委会,231283106,23,2312,231283
231283106210,勤劳村委会,231283106,23,2312,231283
231283106211,南兴村委会,231283106,23,2312,231283
231283106212,安乐村委会,231283106,23,2312,231283
231283107200,百祥村委会,231283107,23,2312,231283
231283107201,百义村委会,231283107,23,2312,231283
231283107202,百增村委会,231283107,23,2312,231283
231283107203,百合村委会,231283107,23,2312,231283
231283107204,百胜村委会,231283107,23,2312,231283
231283107205,百中村委会,231283107,23,2312,231283
231283107206,百顺村委会,231283107,23,2312,231283
231283107207,百信村委会,231283107,23,2312,231283
231283108200,向辉村委会,231283108,23,2312,231283
231283108201,向春村委会,231283108,23,2312,231283
231283108202,向新村委会,231283108,23,2312,231283
231283108203,向荣村委会,231283108,23,2312,231283
231283108204,向众村委会,231283108,23,2312,231283
231283108205,向前村委会,231283108,23,2312,231283
231283108206,向民村委会,231283108,23,2312,231283
231283108207,向国村委会,231283108,23,2312,231283
231283108208,向丰村委会,231283108,23,2312,231283
231283109200,坤伦村委会,231283109,23,2312,231283
231283109201,永富村委会,231283109,23,2312,231283
231283109202,吉贤村委会,231283109,23,2312,231283
231283109203,思源村委会,231283109,23,2312,231283
231283109204,福伦村委会,231283109,23,2312,231283
231283109205,众发村委会,231283109,23,2312,231283
231283109206,东富村委会,231283109,23,2312,231283
231283109207,同发村委会,231283109,23,2312,231283
231283109208,东大村委会,231283109,23,2312,231283
231283109209,新兴村委会,231283109,23,2312,231283
231283109210,井发村委会,231283109,23,2312,231283
231283109211,连生村委会,231283109,23,2312,231283
231283109212,拥护村委会,231283109,23,2312,231283
231283109213,真理村委会,231283109,23,2312,231283
231283110200,长华村委会,231283110,23,2312,231283
231283110201,长建村委会,231283110,23,2312,231283
231283110202,长发村委会,231283110,23,2312,231283
231283110203,长丰村委会,231283110,23,2312,231283
231283110204,长乐村委会,231283110,23,2312,231283
231283110205,长庆村委会,231283110,23,2312,231283
231283110206,长兴村委会,231283110,23,2312,231283
231283111200,联发村委会,231283111,23,2312,231283
231283111201,百兴村委会,231283111,23,2312,231283
231283111202,百利村委会,231283111,23,2312,231283
231283111203,百丰村委会,231283111,23,2312,231283
231283111204,百发村委会,231283111,23,2312,231283
231283111205,百强村委会,231283111,23,2312,231283
231283111206,百华村委会,231283111,23,2312,231283
231283111207,百富村委会,231283111,23,2312,231283
231283111208,百荣村委会,231283111,23,2312,231283
231283111209,百进村委会,231283111,23,2312,231283
231283112200,自新村委会,231283112,23,2312,231283
231283112201,新政村委会,231283112,23,2312,231283
231283112202,光荣村委会,231283112,23,2312,231283
231283112203,兴乐村委会,231283112,23,2312,231283
231283112204,前进村委会,231283112,23,2312,231283
231283112205,民主村委会,231283112,23,2312,231283
231283112206,前胜村委会,231283112,23,2312,231283
231283112207,胜利村委会,231283112,23,2312,231283
231283112208,六合村委会,231283112,23,2312,231283
231283112209,东兴村委会,231283112,23,2312,231283
231283112210,同心村委会,231283112,23,2312,231283
231283112211,民众村委会,231283112,23,2312,231283
231283112212,双泉村委会,231283112,23,2312,231283
231283112213,双发村委会,231283112,23,2312,231283
231283112214,永安村委会,231283112,23,2312,231283
231283113200,共荣村委会,231283113,23,2312,231283
231283113201,共兴村委会,231283113,23,2312,231283
231283113202,一心村委会,231283113,23,2312,231283
231283113203,友好村委会,231283113,23,2312,231283
231283113204,民生村委会,231283113,23,2312,231283
231283113205,万宝村委会,231283113,23,2312,231283
231283113206,民强村委会,231283113,23,2312,231283
231283113207,丰乐村委会,231283113,23,2312,231283
231283113208,进步村委会,231283113,23,2312,231283
231283113209,自力村委会,231283113,23,2312,231283
231283114200,东方红村委会,231283114,23,2312,231283
231283114201,富民村委会,231283114,23,2312,231283
231283114202,文明村委会,231283114,23,2312,231283
231283114203,玉泉村委会,231283114,23,2312,231283
231283114204,长荣村委会,231283114,23,2312,231283
231283114205,平安村委会,231283114,23,2312,231283
231283114206,战胜村委会,231283114,23,2312,231283
231283114207,富兴村委会,231283114,23,2312,231283
231283114208,兴海村委会,231283114,23,2312,231283
231283114209,双胜村委会,231283114,23,2312,231283
231283114210,东胜村委会,231283114,23,2312,231283
231283114211,大成村委会,231283114,23,2312,231283
231283114212,万胜村委会,231283114,23,2312,231283
231283114213,连山村委会,231283114,23,2312,231283
231283114214,镇东村委会,231283114,23,2312,231283
231283115200,海旺村委会,231283115,23,2312,231283
231283115201,经建村委会,231283115,23,2312,231283
231283115202,均乐村委会,231283115,23,2312,231283
231283115203,仁义村委会,231283115,23,2312,231283
231283115204,吉祥村委会,231283115,23,2312,231283
231283115205,荣兴村委会,231283115,23,2312,231283
231283115206,利祥村委会,231283115,23,2312,231283
231283115207,供销村委会,231283115,23,2312,231283
231283115208,利兴村委会,231283115,23,2312,231283
231283115209,忠厚村委会,231283115,23,2312,231283
231283115210,永和村委会,231283115,23,2312,231283
231283115211,保田村委会,231283115,23,2312,231283
231283208200,群山村委会,231283208,23,2312,231283
231283208201,海南村委会,231283208,23,2312,231283
231283208202,三泉村委会,231283208,23,2312,231283
231283208203,同盟村委会,231283208,23,2312,231283
231283208204,东新村委会,231283208,23,2312,231283
231283208205,解放村委会,231283208,23,2312,231283
231283208206,和平村委会,231283208,23,2312,231283
231283208207,荣欣村委会,231283208,23,2312,231283
231283208208,新富村委会,231283208,23,2312,231283
231283208209,河北村委会,231283208,23,2312,231283
231283210200,乐业村委会,231283210,23,2312,231283
231283210201,民发村委会,231283210,23,2312,231283
231283210202,前锋村委会,231283210,23,2312,231283
231283210203,青山村委会,231283210,23,2312,231283
231283210204,长山村委会,231283210,23,2312,231283
231283210205,民乐村委会,231283210,23,2312,231283
231283210206,富国村委会,231283210,23,2312,231283
231283210207,南阳村委会,231283210,23,2312,231283
231283210208,勤荣村委会,231283210,23,2312,231283
231283211200,众福村委会,231283211,23,2312,231283
231283211201,福民村委会,231283211,23,2312,231283
231283211202,自由村委会,231283211,23,2312,231283
231283211203,志诚村委会,231283211,23,2312,231283
231283211204,万福村委会,231283211,23,2312,231283
231283211205,海民村委会,231283211,23,2312,231283
231283211206,永兴村委会,231283211,23,2312,231283
231283211207,济民村委会,231283211,23,2312,231283
231283212200,丰龙村委会,231283212,23,2312,231283
231283212201,丰山村委会,231283212,23,2312,231283
231283212202,丰义村委会,231283212,23,2312,231283
231283212203,丰收村委会,231283212,23,2312,231283
231283212204,丰荣村委会,231283212,23,2312,231283
231283212205,丰太村委会,231283212,23,2312,231283
231283212206,丰源村委会,231283212,23,2312,231283
231283212207,丰庆村委会,231283212,23,2312,231283
231283212208,丰合村委会,231283212,23,2312,231283
231283212209,丰权村委会,231283212,23,2312,231283
231283218200,爱华村委会,231283218,23,2312,231283
231283218201,爱富村委会,231283218,23,2312,231283
231283218202,勤俭村委会,231283218,23,2312,231283
231283218203,爱平村委会,231283218,23,2312,231283
231283218204,爱权村委会,231283218,23,2312,231283
231283218205,爱荣村委会,231283218,23,2312,231283
231283218206,爱众村委会,231283218,23,2312,231283
231283218207,福德村委会,231283218,23,2312,231283
231283218208,爱政村委会,231283218,23,2312,231283
231283218209,爱军村委会,231283218,23,2312,231283
231283220200,诚实村委会,231283220,23,2312,231283
231283220201,东太村委会,231283220,23,2312,231283
231283220202,朝阳村委会,231283220,23,2312,231283
231283220203,录丰村委会,231283220,23,2312,231283
231283220204,民安村委会,231283220,23,2312,231283
231283220205,扎音河村委会,231283220,23,2312,231283
231283220206,录兴村委会,231283220,23,2312,231283
231283220207,通泉村委会,231283220,23,2312,231283
231283220208,双合村委会,231283220,23,2312,231283
231283220209,通兴村委会,231283220,23,2312,231283
231283220210,兴旺村委会,231283220,23,2312,231283
231283220211,东风村委会,231283220,23,2312,231283
231283221200,双建村委会,231283221,23,2312,231283
231283221201,双录村委会,231283221,23,2312,231283
231283221202,双生村委会,231283221,23,2312,231283
231283221203,双龙村委会,231283221,23,2312,231283
231283221204,双荣村委会,231283221,23,2312,231283
231283221205,双山村委会,231283221,23,2312,231283
231283221206,双进村委会,231283221,23,2312,231283
231283221207,双丰村委会,231283221,23,2312,231283
231283221208,双安村委会,231283221,23,2312,231283
231283400500,陈家店林场生活区,231283400,23,2312,231283
231283400501,景家店林场生活区,231283400,23,2312,231283
231283400502,通肯河林场生活区,231283400,23,2312,231283
231283400503,双河林场生活区,231283400,23,2312,231283
231283400504,双录林场生活区,231283400,23,2312,231283
231283400505,护林林场生活区,231283400,23,2312,231283
231283401598,东方红水库地区虚拟生活区,231283401,23,2312,231283
231283500402,海伦场直社区,231283500,23,2312,231283
231283500501,海伦农场北河管理区,231283500,23,2312,231283
231283500502,海伦农场六井管理区,231283500,23,2312,231283
231283500503,海伦农场二站管理区,231283500,23,2312,231283
231283500504,海伦农场桦树管理区,231283500,23,2312,231283
231283501402,红光场直社区,231283501,23,2312,231283
231283501501,红光农场叶家管理区,231283501,23,2312,231283
231283501502,红光农场陈家管理区,231283501,23,2312,231283
231283581598,海伦市董家农作物种植场虚拟生活区,231283581,23,2312,231283
231283582598,海伦市东方农牧场虚拟生活区,231283582,23,2312,231283
232701100001,松苑社区,232701100,23,2327,232701
232701100002,阳光社区,232701100,23,2327,232701
232701100003,桥北社区,232701100,23,2327,232701
232701100005,明苑社区,232701100,23,2327,232701
232701100200,黑山村,232701100,23,2327,232701
232701101001,图强社区,232701101,23,2327,232701
232701102004,阿木尔社区,232701102,23,2327,232701
232701103200,二十五站村,232701103,23,2327,232701
232701103201,大河西村,232701103,23,2327,232701
232701103202,古城村,232701103,23,2327,232701
232701104200,北极村,232701104,23,2327,232701
232701104201,北红村,232701104,23,2327,232701
232701104202,洛古河村,232701104,23,2327,232701
232701105001,古莲社区,232701105,23,2327,232701
232721100001,正棋社区,232721100,23,2327,232721
232721100002,长虹社区,232721100,23,2327,232721
232721100003,圆西社区,232721100,23,2327,232721
232721100004,椅子圈社区,232721100,23,2327,232721
232721100200,第一村委会,232721100,23,2327,232721
232721100201,第二村委会,232721100,23,2327,232721
232721100202,第三村委会,232721100,23,2327,232721
232721100203,红边村委会,232721100,23,2327,232721
232721100204,荣边村委会,232721100,23,2327,232721
232721100205,红卫村委会,232721100,23,2327,232721
232721100206,西山口村委会,232721100,23,2327,232721
232721100207,河南村委会,232721100,23,2327,232721
232721100208,湖通镇村委会,232721100,23,2327,232721
232721100209,红星村委会,232721100,23,2327,232721
232721101001,家园社区居委会,232721101,23,2327,232721
232721101200,韩家园村委会,232721101,23,2327,232721
232721101201,达拉罕村村委会,232721101,23,2327,232721
232721101202,十七站村委会,232721101,23,2327,232721
232721101203,兴隆村委会,232721101,23,2327,232721
232721101204,大砬子村委会,232721101,23,2327,232721
232721200200,三卡村委会,232721200,23,2327,232721
232721200201,繁荣村委会,232721200,23,2327,232721
232721200202,黑山头村委会,232721200,23,2327,232721
232721200203,沿江村委会,232721200,23,2327,232721
232721200204,宽河村委会,232721200,23,2327,232721
232721200205,老道店村委会,232721200,23,2327,232721
232721200206,星山村委会,232721200,23,2327,232721
232721200207,江湾村委会,232721200,23,2327,232721
232721201200,金山村委会,232721201,23,2327,232721
232721201201,翻身屯村委会,232721201,23,2327,232721
232721201202,三间房村委会,232721201,23,2327,232721
232721201203,友谊村委会,232721201,23,2327,232721
232721201204,察哈彦村委会,232721201,23,2327,232721
232721201205,新街基村委会,232721201,23,2327,232721
232721202200,日升利村委会,232721202,23,2327,232721
232721202201,新立村委会,232721202,23,2327,232721
232721202202,兴华村委会,232721202,23,2327,232721
232721202203,东山村委会,232721202,23,2327,232721
232721202204,新民村委会,232721202,23,2327,232721
232721202205,宋家店村委会,232721202,23,2327,232721
232721203200,李花站村委会,232721203,23,2327,232721
232721203201,曙光村委会,232721203,23,2327,232721
232721203202,鸥浦村委会,232721203,23,2327,232721
232721203203,三合村委会,232721203,23,2327,232721
232721203204,老卡村委会,232721203,23,2327,232721
232721203205,怀柔村委会,232721203,23,2327,232721
232721203206,正棋村委会,232721203,23,2327,232721
232721204200,白银纳村委会,232721204,23,2327,232721
232721204201,更新村委会,232721204,23,2327,232721
232721204202,玻璃沟村委会,232721204,23,2327,232721
232721204203,新山村村委会,232721204,23,2327,232721
232721204204,新河村委会,232721204,23,2327,232721
232721204205,红光村委会,232721204,23,2327,232721
232721205200,长山村委会,232721205,23,2327,232721
232721205201,象山村委会,232721205,23,2327,232721
232721205202,铁山村委会,232721205,23,2327,232721
232721205203,临江村委会,232721205,23,2327,232721
232721205204,北疆村委会,232721205,23,2327,232721
232721205205,嘎鲁河村委会,232721205,23,2327,232721
232722100001,繁荣社区,232722100,23,2327,232722
232722100002,塔林社区,232722100,23,2327,232722
232722100004,新建社区,232722100,23,2327,232722
232722100005,林缘社区,232722100,23,2327,232722
232722101001,瓦拉干社区,232722101,23,2327,232722
232722102001,盘古社区,232722102,23,2327,232722
232722103001,古驿社区,232722103,23,2327,232722
232722104201,开库康村,232722104,23,2327,232722
232722104202,马伦村,232722104,23,2327,232722
232722200200,十八站汉族村,232722200,23,2327,232722
232722200201,十八站鄂伦春族村,232722200,23,2327,232722
232722200202,奋斗村,232722200,23,2327,232722
232722200203,创业村,232722200,23,2327,232722
232722200204,兴建村,232722200,23,2327,232722
232722200205,永丰村,232722200,23,2327,232722
232722201200,依西肯村,232722201,23,2327,232722
232722201201,新东屯村,232722201,23,2327,232722
232722201202,瓦干村,232722201,23,2327,232722
232761002001,北秀居委会,232761002,23,2327,232761
232761002002,九千三居委会,232761002,23,2327,232761
232761003001,安悦居委会,232761003,23,2327,232761
232761003002,阳光居委会,232761003,23,2327,232761
232761003003,青松苑居委会,232761003,23,2327,232761
232761005001,营林居委会,232761005,23,2327,232761
232761005002,康庄居委会,232761005,23,2327,232761
232761005003,光华路居委会,232761005,23,2327,232761
232761006001,恒友居委会,232761006,23,2327,232761
232761006002,机场路居委会,232761006,23,2327,232761
232761006003,东山坞居委会,232761006,23,2327,232761
232761100001,铁工居委会,232761100,23,2327,232761
232761100002,路园居委会,232761100,23,2327,232761
232761100003,朝阳居委会,232761100,23,2327,232761
232761100200,幸福村委会,232761100,23,2327,232761
232761101001,长青路居委会,232761101,23,2327,232761
232761101002,鑫源居委会,232761101,23,2327,232761
232761101003,春城居委会,232761101,23,2327,232761
232761101200,五一村委会,232761101,23,2327,232761
232761200200,加北村委会,232761200,23,2327,232761
232761201200,白桦村委会,232761201,23,2327,232761
232761201201,东山村委会,232761201,23,2327,232761
232761201202,加南村委会,232761201,23,2327,232761
232761201203,双河村委会,232761201,23,2327,232761
232761201204,五岔沟村委会,232761201,23,2327,232761
232762100001,先锋社区,232762100,23,2327,232762
232762100002,松鹤社区,232762100,23,2327,232762
232762101001,第一社区,232762101,23,2327,232762
232762101002,第二社区,232762101,23,2327,232762
232762102001,第一社区,232762102,23,2327,232762
232762102002,第二社区,232762102,23,2327,232762
232763100002,林城社区,232763100,23,2327,232763
232763100003,新民社区,232763100,23,2327,232763
232763101001,翠岗社区,232763101,23,2327,232763
232763102001,塔源社区,232763102,23,2327,232763
232763103001,大乌苏社区,232763103,23,2327,232763
232763104001,塔尔根社区,232763104,23,2327,232763
232763105001,碧洲社区,232763105,23,2327,232763
232763106001,宏图社区,232763106,23,2327,232763
232764100001,向阳社区居民委员会,232764100,23,2327,232764
232764100004,北秀社区居民委员会,232764100,23,2327,232764
232764101001,碧兴社区居民委员会,232764101,23,2327,232764
232764102001,呼源社区居民委员会,232764102,23,2327,232764
232764103001,宏伟社区居民委员会,232764103,23,2327,232764
230102101002,太平镇镇直第一居民委员会,230102101,23,2301,230102
230102102010,新发镇镇直第一居民委员会,230102102,23,2301,230102
230102103004,新农镇镇直第一居民委员会,230102103,23,2301,230102
230102104003,榆树镇镇直第一居民委员会,230102104,23,2301,230102
230103101029,王岗镇镇直第一居民委员会,230103101,23,2301,230103
230104102005,永源镇镇直第一居民委员会,230104102,23,2301,230104
230104109004,巨源镇镇直第一居民委员会,230104109,23,2301,230104
230104111007,团结镇镇直第一居民委员会,230104111,23,2301,230104
230104112003,民主镇镇直第一居民委员会,230104112,23,2301,230104
230108101002,平房镇镇直第一居民委员会,230108101,23,2301,230108
230109101003,对青山镇镇直第一居民委员会,230109101,23,2301,230109
230109102003,乐业镇镇直第一居民委员会,230109102,23,2301,230109
230110101007,成高子镇镇直第一居民委员会,230110101,23,2301,230110
230110102006,幸福镇镇直第一居民委员会,230110102,23,2301,230110
230110103004,朝阳镇镇直第一居民委员会,230110103,23,2301,230110
230110104003,向阳镇镇直第一居民委员会,230110104,23,2301,230110
230111105002,二八镇镇直第一居民委员会,230111105,23,2301,230111
230111106002,石人镇镇直第一居民委员会,230111106,23,2301,230111
230111107002,白奎镇镇直第一居民委员会,230111107,23,2301,230111
230111109002,方台镇镇直第一居民委员会,230111109,23,2301,230111
230111110002,莲花镇镇直第一居民委员会,230111110,23,2301,230111
230111111002,大用镇镇直第一居民委员会,230111111,23,2301,230111
230111114007,利业镇镇直第一居民委员会,230111114,23,2301,230111
230112107002,平山镇镇直第一居民委员会,230112107,23,2301,230112
230112108002,松峰山镇镇直第一居民委员会,230112108,23,2301,230112
230112109002,红星镇镇直第一居民委员会,230112109,23,2301,230112
230112112002,金龙山镇镇直第一居民委员会,230112112,23,2301,230112
230113104002,韩甸镇镇直第一居民委员会,230113104,23,2301,230113
230113105002,单城镇镇直第一居民委员会,230113105,23,2301,230113
230113106002,东官镇镇直第一居民委员会,230113106,23,2301,230113
230113107002,农丰满族锡伯族镇镇直第一居民委员会,230113107,23,2301,230113
230113108002,杏山镇镇直第一居民委员会,230113108,23,2301,230113
230113109002,西官镇镇直第一居民委员会,230113109,23,2301,230113
230113110002,联兴镇镇直第一居民委员会,230113110,23,2301,230113
230113111002,永胜镇镇直第一居民委员会,230113111,23,2301,230113
230113112002,胜丰镇镇直第一居民委员会,230113112,23,2301,230113
230123100013,依兰镇镇直第一居民委员会,230123100,23,2301,230123
230123101002,达连河镇镇直第一居民委员会,230123101,23,2301,230123
230123102002,江湾镇镇直第一居民委员会,230123102,23,2301,230123
230123103002,三道岗镇镇直第一居民委员会,230123103,23,2301,230123
230123104002,道台桥镇镇直第一居民委员会,230123104,23,2301,230123
230123105002,宏克利镇镇直第一居民委员会,230123105,23,2301,230123
230124100002,方正镇镇直第一居民委员会,230124100,23,2301,230124
230124101002,会发镇镇直第一居民委员会,230124101,23,2301,230124
230124102002,大罗密镇镇直第一居民委员会,230124102,23,2301,230124
230124103002,得莫利镇镇直第一居民委员会,230124103,23,2301,230124
230125100002,宾州镇镇直第一居民委员会,230125100,23,2301,230125
230125101002,居仁镇镇直第一居民委员会,230125101,23,2301,230125
230125102006,宾西镇镇直第一居民委员会,230125102,23,2301,230125
230125103002,糖坊镇镇直第一居民委员会,230125103,23,2301,230125
230125104002,宾安镇镇直第一居民委员会,230125104,23,2301,230125
230125105002,新甸镇镇直第一居民委员会,230125105,23,2301,230125
230125106002,胜利镇镇直第一居民委员会,230125106,23,2301,230125
230125107002,宁远镇镇直第一居民委员会,230125107,23,2301,230125
230125109002,摆渡镇镇直第一居民委员会,230125109,23,2301,230125
230125110002,平坊镇镇直第一居民委员会,230125110,23,2301,230125
230125111002,满井镇镇直第一居民委员会,230125111,23,2301,230125
230125112002,常安镇镇直第一居民委员会,230125112,23,2301,230125
230126100002,巴彦镇镇直第一居民委员会,230126100,23,2301,230126
230126101002,兴隆镇镇直第一居民委员会,230126101,23,2301,230126
230126102002,西集镇镇直第一居民委员会,230126102,23,2301,230126
230126103002,洼兴镇镇直第一居民委员会,230126103,23,2301,230126
230126104002,龙泉镇镇直第一居民委员会,230126104,23,2301,230126
230126105002,巴彦港镇镇直第一居民委员会,230126105,23,2301,230126
230126106002,龙庙镇镇直第一居民委员会,230126106,23,2301,230126
230126107002,万发镇镇直第一居民委员会,230126107,23,2301,230126
230126108002,天增镇镇直第一居民委员会,230126108,23,2301,230126
230126110002,黑山镇镇直第一居民委员会,230126110,23,2301,230126
230127100009,木兰镇镇直第一居民委员会,230127100,23,2301,230127
230127101006,东兴镇镇直第一居民委员会,230127101,23,2301,230127
230127102004,大贵镇镇直第一居民委员会,230127102,23,2301,230127
230127103002,利东镇镇直第一居民委员会,230127103,23,2301,230127
230127104003,柳河镇镇直第一居民委员会,230127104,23,2301,230127
230127105002,新民镇镇直第一居民委员会,230127105,23,2301,230127
230128100003,通河镇镇直第一居民委员会,230128100,23,2301,230128
230128101005,乌鸦泡镇镇直第一居民委员会,230128101,23,2301,230128
230128102005,清河镇镇直第一居民委员会,230128102,23,2301,230128
230128103003,浓河镇镇直第一居民委员会,230128103,23,2301,230128
230128104003,凤山镇镇直第一居民委员会,230128104,23,2301,230128
230128105003,祥顺镇镇直第一居民委员会,230128105,23,2301,230128
230128106003,富林镇镇直第一居民委员会,230128106,23,2301,230128
230128107003,三站镇镇直第一居民委员会,230128107,23,2301,230128
230129100032,延寿镇镇直第一居民委员会,230129100,23,2301,230129
230129101002,六团镇镇直第一居民委员会,230129101,23,2301,230129
230129102002,中和镇镇直第一居民委员会,230129102,23,2301,230129
230129103002,加信镇镇直第一居民委员会,230129103,23,2301,230129
230129104002,延河镇镇直第一居民委员会,230129104,23,2301,230129
230129105002,玉河镇镇直第一居民委员会,230129105,23,2301,230129
230183100002,尚志镇镇直第一居民委员会,230183100,23,2301,230183
230183101002,一面坡镇镇直第一居民委员会,230183101,23,2301,230183
230183102002,苇河镇镇直第一居民委员会,230183102,23,2301,230183
230183103002,亚布力镇镇直第一居民委员会,230183103,23,2301,230183
230183104004,帽儿山镇镇直第一居民委员会,230183104,23,2301,230183
230183105002,亮河镇镇直第一居民委员会,230183105,23,2301,230183
230183106002,庆阳镇镇直第一居民委员会,230183106,23,2301,230183
230183107002,石头河子镇镇直第一居民委员会,230183107,23,2301,230183
230183108002,元宝镇镇直第一居民委员会,230183108,23,2301,230183
230183109002,黑龙宫镇镇直第一居民委员会,230183109,23,2301,230183
230184100002,五常镇镇直第一居民委员会,230184100,23,2301,230184
230184101002,拉林满族镇镇直第一居民委员会,230184101,23,2301,230184
230184102002,山河镇镇直第一居民委员会,230184102,23,2301,230184
230184103002,小山子镇镇直第一居民委员会,230184103,23,2301,230184
230184104002,安家镇镇直第一居民委员会,230184104,23,2301,230184
230184105002,牛家满族镇镇直第一居民委员会,230184105,23,2301,230184
230184106002,杜家镇镇直第一居民委员会,230184106,23,2301,230184
230184107002,背荫河镇镇直第一居民委员会,230184107,23,2301,230184
230184108002,冲河镇镇直第一居民委员会,230184108,23,2301,230184
230184109002,沙河子镇镇直第一居民委员会,230184109,23,2301,230184
230184110002,向阳镇镇直第一居民委员会,230184110,23,2301,230184
230184111002,龙凤山镇镇直第一居民委员会,230184111,23,2301,230184
230204100002,扎龙镇镇直第一居民委员会,230204100,23,2302,230204
230205100002,水师营满族镇镇直第一居民委员会,230205100,23,2302,230205
230205101005,榆树屯镇镇直第一居民委员会,230205101,23,2302,230205
230208101003,雅尔塞镇镇直第一居民委员会,230208101,23,2302,230208
230208102002,卧牛吐达斡尔族镇镇直第一居民委员会,230208102,23,2302,230208
230208103002,达呼店镇镇直第一居民委员会,230208103,23,2302,230208
230208104002,共和镇镇直第一居民委员会,230208104,23,2302,230208
230208105002,梅里斯镇镇直第一居民委员会,230208105,23,2302,230208
230221100005,龙江镇镇直第一居民委员会,230221100,23,2302,230221
230221101004,景星镇镇直第一居民委员会,230221101,23,2302,230221
230221102003,龙兴镇镇直第一居民委员会,230221102,23,2302,230221
230221103002,山泉镇镇直第一居民委员会,230221103,23,2302,230221
230221104002,七棵树镇镇直第一居民委员会,230221104,23,2302,230221
230221105002,杏山镇镇直第一居民委员会,230221105,23,2302,230221
230221106002,白山镇镇直第一居民委员会,230221106,23,2302,230221
230221107002,头站镇镇直第一居民委员会,230221107,23,2302,230221
230223100009,依安镇镇直第一居民委员会,230223100,23,2302,230223
230223101002,依龙镇镇直第一居民委员会,230223101,23,2302,230223
230223102002,双阳镇镇直第一居民委员会,230223102,23,2302,230223
230223103002,三兴镇镇直第一居民委员会,230223103,23,2302,230223
230223104002,中心镇镇直第一居民委员会,230223104,23,2302,230223
230223105002,新兴镇镇直第一居民委员会,230223105,23,2302,230223
230224100007,泰来镇镇直第一居民委员会,230224100,23,2302,230224
230224101003,平洋镇镇直第一居民委员会,230224101,23,2302,230224
230224102003,汤池镇镇直第一居民委员会,230224102,23,2302,230224
230224103003,江桥蒙古族镇镇直第一居民委员会,230224103,23,2302,230224
230224104003,塔子城镇镇直第一居民委员会,230224104,23,2302,230224
230224105003,大兴镇镇直第一居民委员会,230224105,23,2302,230224
230224106003,和平镇镇直第一居民委员会,230224106,23,2302,230224
230224107003,克利镇镇直第一居民委员会,230224107,23,2302,230224
230225100010,甘南镇镇直第一居民委员会,230225100,23,2302,230225
230225101002,兴十四镇镇直第一居民委员会,230225101,23,2302,230225
230225102002,平阳镇镇直第一居民委员会,230225102,23,2302,230225
230225103002,东阳镇镇直第一居民委员会,230225103,23,2302,230225
230225104002,巨宝镇镇直第一居民委员会,230225104,23,2302,230225
230227100012,富裕镇镇直第一居民委员会,230227100,23,2302,230227
230227101002,富路镇镇直第一居民委员会,230227101,23,2302,230227
230227102002,富海镇镇直第一居民委员会,230227102,23,2302,230227
230227103002,二道湾镇镇直第一居民委员会,230227103,23,2302,230227
230227104002,龙安桥镇镇直第一居民委员会,230227104,23,2302,230227
230227105002,塔哈镇镇直第一居民委员会,230227105,23,2302,230227
230229100008,克山镇镇直第一居民委员会,230229100,23,2302,230229
230229101003,北兴镇镇直第一居民委员会,230229101,23,2302,230229
230229102003,西城镇镇直第一居民委员会,230229102,23,2302,230229
230229103003,古城镇镇直第一居民委员会,230229103,23,2302,230229
230229104003,北联镇镇直第一居民委员会,230229104,23,2302,230229
230229105003,西河镇镇直第一居民委员会,230229105,23,2302,230229
230229106002,双河镇镇直第一居民委员会,230229106,23,2302,230229
230230100006,克东镇镇直第一居民委员会,230230100,23,2302,230230
230230101004,宝泉镇镇直第一居民委员会,230230101,23,2302,230230
230230102002,乾丰镇镇直第一居民委员会,230230102,23,2302,230230
230230103002,玉岗镇镇直第一居民委员会,230230103,23,2302,230230
230230104002,蒲峪路镇镇直第一居民委员会,230230104,23,2302,230230
230231100010,拜泉镇镇直第一居民委员会,230231100,23,2302,230231
230231101002,三道镇镇直第一居民委员会,230231101,23,2302,230231
230231102002,兴农镇镇直第一居民委员会,230231102,23,2302,230231
230231103002,长春镇镇直第一居民委员会,230231103,23,2302,230231
230231104002,龙泉镇镇直第一居民委员会,230231104,23,2302,230231
230231105002,国富镇镇直第一居民委员会,230231105,23,2302,230231
230231106002,富强镇镇直第一居民委员会,230231106,23,2302,230231
230281101007,拉哈镇镇直第一居民委员会,230281101,23,2302,230281
230281102002,二克浅镇镇直第一居民委员会,230281102,23,2302,230281
230281103002,学田镇镇直第一居民委员会,230281103,23,2302,230281
230281104003,龙河镇镇直第一居民委员会,230281104,23,2302,230281
230281105002,讷南镇镇直第一居民委员会,230281105,23,2302,230281
230281106002,六合镇镇直第一居民委员会,230281106,23,2302,230281
230281107002,长发镇镇直第一居民委员会,230281107,23,2302,230281
230281108002,通南镇镇直第一居民委员会,230281108,23,2302,230281
230281109002,同义镇镇直第一居民委员会,230281109,23,2302,230281
230281110002,九井镇镇直第一居民委员会,230281110,23,2302,230281
230281111002,老莱镇镇直第一居民委员会,230281111,23,2302,230281
230305101003,梨树镇镇直第一居民委员会,230305101,23,2303,230305
230307101002,麻山镇镇直第一居民委员会,230307101,23,2303,230307
230321100007,鸡东镇镇直第一居民委员会,230321100,23,2303,230321
230321101003,平阳镇镇直第一居民委员会,230321101,23,2303,230321
230321102003,向阳镇镇直第一居民委员会,230321102,23,2303,230321
230321103004,哈达镇镇直第一居民委员会,230321103,23,2303,230321
230321104004,永安镇镇直第一居民委员会,230321104,23,2303,230321
230321105004,永和镇镇直第一居民委员会,230321105,23,2303,230321
230321106003,东海镇镇直第一居民委员会,230321106,23,2303,230321
230321107005,兴农镇镇直第一居民委员会,230321107,23,2303,230321
230381100007,虎林镇镇直第一居民委员会,230381100,23,2303,230381
230381101004,东方红镇镇直第一居民委员会,230381101,23,2303,230381
230381102006,迎春镇镇直第一居民委员会,230381102,23,2303,230381
230381103002,虎头镇镇直第一居民委员会,230381103,23,2303,230381
230381104002,杨岗镇镇直第一居民委员会,230381104,23,2303,230381
230381105002,东诚镇镇直第一居民委员会,230381105,23,2303,230381
230381106002,宝东镇镇直第一居民委员会,230381106,23,2303,230381
230382100003,密山镇镇直第一居民委员会,230382100,23,2303,230382
230382101002,连珠山镇镇直第一居民委员会,230382101,23,2303,230382
230382102002,当壁镇镇直第一居民委员会,230382102,23,2303,230382
230382103002,知一镇镇直第一居民委员会,230382103,23,2303,230382
230382104002,黑台镇镇直第一居民委员会,230382104,23,2303,230382
230382105003,兴凯镇镇直第一居民委员会,230382105,23,2303,230382
230382106004,裴德镇镇直第一居民委员会,230382106,23,2303,230382
230382107002,白鱼湾镇镇直第一居民委员会,230382107,23,2303,230382
230405100002,红旗镇镇直第一居民委员会,230405100,23,2304,230405
230406100003,新华镇镇直第一居民委员会,230406100,23,2304,230406
230421100007,凤翔镇镇直第一居民委员会,230421100,23,2304,230421
230421101007,鹤北镇镇直第一居民委员会,230421101,23,2304,230421
230421102002,名山镇镇直第一居民委员会,230421102,23,2304,230421
230421103002,团结镇镇直第一居民委员会,230421103,23,2304,230421
230421104002,肇兴镇镇直第一居民委员会,230421104,23,2304,230421
230421105002,云山镇镇直第一居民委员会,230421105,23,2304,230421
230422100006,绥滨镇镇直第一居民委员会,230422100,23,2304,230422
230422101006,绥东镇镇直第一居民委员会,230422101,23,2304,230422
230422102004,忠仁镇镇直第一居民委员会,230422102,23,2304,230422
230505101002,太保镇镇直第一居民委员会,230505101,23,2305,230505
230506101002,七星镇镇直第一居民委员会,230506101,23,2305,230506
230521100006,福利镇镇直第一居民委员会,230521100,23,2305,230521
230521101004,集贤镇镇直第一居民委员会,230521101,23,2305,230521
230521102003,升昌镇镇直第一居民委员会,230521102,23,2305,230521
230521103003,丰乐镇镇直第一居民委员会,230521103,23,2305,230521
230521104003,太平镇镇直第一居民委员会,230521104,23,2305,230521
230522100002,友谊镇镇直第一居民委员会,230522100,23,2305,230522
230522101002,兴隆镇镇直第一居民委员会,230522101,23,2305,230522
230522102002,龙山镇镇直第一居民委员会,230522102,23,2305,230522
230522103002,凤岗镇镇直第一居民委员会,230522103,23,2305,230522
230523100010,宝清镇镇直第一居民委员会,230523100,23,2305,230523
230523101003,七星泡镇镇直第一居民委员会,230523101,23,2305,230523
230523102003,青原镇镇直第一居民委员会,230523102,23,2305,230523
230523103003,夹信子镇镇直第一居民委员会,230523103,23,2305,230523
230523104002,龙头镇镇直第一居民委员会,230523104,23,2305,230523
230523105002,小城子镇镇直第一居民委员会,230523105,23,2305,230523
230523106002,朝阳镇镇直第一居民委员会,230523106,23,2305,230523
230524100006,饶河镇镇直第一居民委员会,230524100,23,2305,230524
230524101002,小佳河镇镇直第一居民委员会,230524101,23,2305,230524
230524102002,西丰镇镇直第一居民委员会,230524102,23,2305,230524
230524103002,五林洞镇镇直第一居民委员会,230524103,23,2305,230524
230603100004,龙凤镇镇直第一居民委员会,230603100,23,2306,230603
230604101004,喇嘛甸镇镇直第一居民委员会,230604101,23,2306,230604
230605100002,杏树岗镇镇直第一居民委员会,230605100,23,2306,230605
230606100002,大同镇镇直第一居民委员会,230606100,23,2306,230606
230606101002,高台子镇镇直第一居民委员会,230606101,23,2306,230606
230606102002,太阳升镇镇直第一居民委员会,230606102,23,2306,230606
230606103002,林源镇镇直第一居民委员会,230606103,23,2306,230606
230621100013,肇州镇镇直第一居民委员会,230621100,23,2306,230621
230621101002,永乐镇镇直第一居民委员会,230621101,23,2306,230621
230621102002,丰乐镇镇直第一居民委员会,230621102,23,2306,230621
230621103002,朝阳沟镇镇直第一居民委员会,230621103,23,2306,230621
230621104002,兴城镇镇直第一居民委员会,230621104,23,2306,230621
230621105002,二井镇镇直第一居民委员会,230621105,23,2306,230621
230622100017,肇源镇镇直第一居民委员会,230622100,23,2306,230622
230622101002,三站镇镇直第一居民委员会,230622101,23,2306,230622
230622102002,二站镇镇直第一居民委员会,230622102,23,2306,230622
230622103002,茂兴镇镇直第一居民委员会,230622103,23,2306,230622
230622104002,古龙镇镇直第一居民委员会,230622104,23,2306,230622
230622105002,新站镇镇直第一居民委员会,230622105,23,2306,230622
230622106002,头台镇镇直第一居民委员会,230622106,23,2306,230622
230622107004,古恰镇镇直第一居民委员会,230622107,23,2306,230622
230623100002,林甸镇镇直第一居民委员会,230623100,23,2306,230623
230623101002,红旗镇镇直第一居民委员会,230623101,23,2306,230623
230623102002,花园镇镇直第一居民委员会,230623102,23,2306,230623
230623103002,四季青镇镇直第一居民委员会,230623103,23,2306,230623
230623104002,鹤鸣湖镇镇直第一居民委员会,230623104,23,2306,230623
230624100006,杜尔伯特镇镇直第一居民委员会,230624100,23,2306,230624
230624101002,胡吉吐莫镇镇直第一居民委员会,230624101,23,2306,230624
230624102002,烟筒屯镇镇直第一居民委员会,230624102,23,2306,230624
230624103002,他拉哈镇镇直第一居民委员会,230624103,23,2306,230624
230624104002,连环湖镇镇直第一居民委员会,230624104,23,2306,230624
230717100004,东升镇镇直第一居民委员会,230717100,23,2307,230717
230717101009,美溪镇镇直第一居民委员会,230717101,23,2307,230717
230718100018,翠峦镇镇直第一居民委员会,230718100,23,2307,230718
230718101018,乌马河镇镇直第一居民委员会,230718101,23,2307,230718
230719100003,上甘岭镇镇直第一居民委员会,230719100,23,2307,230719
230719101003,双子河镇镇直第一居民委员会,230719101,23,2307,230719
230719102003,铁林镇镇直第一居民委员会,230719102,23,2307,230719
230722100002,朝阳镇镇直第一居民委员会,230722100,23,2307,230722
230722101003,乌云镇镇直第一居民委员会,230722101,23,2307,230722
230722102003,乌拉嘎镇镇直第一居民委员会,230722102,23,2307,230722
230722103003,保兴镇镇直第一居民委员会,230722103,23,2307,230722
230723100002,乌伊岭镇镇直第一居民委员会,230723100,23,2307,230723
230723101002,汤旺河镇镇直第一居民委员会,230723101,23,2307,230723
230724100007,新青镇镇直第一居民委员会,230724100,23,2307,230724
230724101005,红星镇镇直第一居民委员会,230724101,23,2307,230724
230724102006,五营镇镇直第一居民委员会,230724102,23,2307,230724
230725100007,带岭镇镇直第一居民委员会,230725100,23,2307,230725
230725101002,朗乡镇镇直第一居民委员会,230725101,23,2307,230725
230726100005,南岔镇镇直第一居民委员会,230726100,23,2307,230726
230726101002,晨明镇镇直第一居民委员会,230726101,23,2307,230726
230726102002,浩良河镇镇直第一居民委员会,230726102,23,2307,230726
230726103007,梧桐镇镇直第一居民委员会,230726103,23,2307,230726
230751100012,西林镇镇直第一居民委员会,230751100,23,2307,230751
230751101014,金山屯镇镇直第一居民委员会,230751101,23,2307,230751
230781100007,铁力镇镇直第一居民委员会,230781100,23,2307,230781
230781101004,双丰镇镇直第一居民委员会,230781101,23,2307,230781
230781102005,桃山镇镇直第一居民委员会,230781102,23,2307,230781
230781105003,神树镇镇直第一居民委员会,230781105,23,2307,230781
230781106004,日月峡镇镇直第一居民委员会,230781106,23,2307,230781
230805100002,建国镇镇直第一居民委员会,230805100,23,2308,230805
230811101002,大来镇镇直第一居民委员会,230811101,23,2308,230811
230811102002,敖其镇镇直第一居民委员会,230811102,23,2308,230811
230811103003,望江镇镇直第一居民委员会,230811103,23,2308,230811
230811104002,长发镇镇直第一居民委员会,230811104,23,2308,230811
230811105006,莲江口镇镇直第一居民委员会,230811105,23,2308,230811
230811106002,西格木镇镇直第一居民委员会,230811106,23,2308,230811
230811107002,沿江镇镇直第一居民委员会,230811107,23,2308,230811
230811108003,四丰镇镇直第一居民委员会,230811108,23,2308,230811
230822103002,驼腰子镇镇直第一居民委员会,230822103,23,2308,230822
230822104004,石头河子镇镇直第一居民委员会,230822104,23,2308,230822
230822106002,桦南镇镇直第一居民委员会,230822106,23,2308,230822
230822107002,土龙山镇镇直第一居民委员会,230822107,23,2308,230822
230822108002,孟家岗镇镇直第一居民委员会,230822108,23,2308,230822
230822109002,闫家镇镇直第一居民委员会,230822109,23,2308,230822
230822110002,柳毛河镇镇直第一居民委员会,230822110,23,2308,230822
230826101002,横头山镇镇直第一居民委员会,230826101,23,2308,230826
230826103002,苏家店镇镇直第一居民委员会,230826103,23,2308,230826
230826104006,悦来镇镇直第一居民委员会,230826104,23,2308,230826
230826105002,新城镇镇直第一居民委员会,230826105,23,2308,230826
230826106002,四马架镇镇直第一居民委员会,230826106,23,2308,230826
230828101004,香兰镇镇直第一居民委员会,230828101,23,2308,230828
230828102002,鹤立镇镇直第一居民委员会,230828102,23,2308,230828
230828103003,竹帘镇镇直第一居民委员会,230828103,23,2308,230828
230828104011,汤原镇镇直第一居民委员会,230828104,23,2308,230828
230881100002,同江镇镇直第一居民委员会,230881100,23,2308,230881
230881101002,乐业镇镇直第一居民委员会,230881101,23,2308,230881
230881102002,三村镇镇直第一居民委员会,230881102,23,2308,230881
230881103002,临江镇镇直第一居民委员会,230881103,23,2308,230881
230881104002,向阳镇镇直第一居民委员会,230881104,23,2308,230881
230881105002,青河镇镇直第一居民委员会,230881105,23,2308,230881
230882102002,富锦镇镇直第一居民委员会,230882102,23,2308,230882
230882103002,长安镇镇直第一居民委员会,230882103,23,2308,230882
230882106002,砚山镇镇直第一居民委员会,230882106,23,2308,230882
230882107002,头林镇镇直第一居民委员会,230882107,23,2308,230882
230882108002,兴隆岗镇镇直第一居民委员会,230882108,23,2308,230882
230882109002,宏胜镇镇直第一居民委员会,230882109,23,2308,230882
230882110002,向阳川镇镇直第一居民委员会,230882110,23,2308,230882
230882111002,二龙山镇镇直第一居民委员会,230882111,23,2308,230882
230882112002,上街基镇镇直第一居民委员会,230882112,23,2308,230882
230882113002,锦山镇镇直第一居民委员会,230882113,23,2308,230882
230882114002,大榆树镇镇直第一居民委员会,230882114,23,2308,230882
230883100009,抚远镇镇直第一居民委员会,230883100,23,2308,230883
230883101003,寒葱沟镇镇直第一居民委员会,230883101,23,2308,230883
230883102003,浓桥镇镇直第一居民委员会,230883102,23,2308,230883
230883103003,乌苏镇镇直第一居民委员会,230883103,23,2308,230883
230883104002,黑瞎子岛镇镇直第一居民委员会,230883104,23,2308,230883
230883105002,通江镇镇直第一居民委员会,230883105,23,2308,230883
230883106002,海青镇镇直第一居民委员会,230883106,23,2308,230883
230902100002,红旗镇镇直第一居民委员会,230902100,23,2309,230902
230903100003,万宝河镇镇直第一居民委员会,230903100,23,2309,230903
230904100002,茄子河镇镇直第一居民委员会,230904100,23,2309,230904
230904101002,宏伟镇镇直第一居民委员会,230904101,23,2309,230904
230904102005,兴北镇镇直第一居民委员会,230904102,23,2309,230904
230921100002,勃利镇镇直第一居民委员会,230921100,23,2309,230921
230921101002,小五站镇镇直第一居民委员会,230921101,23,2309,230921
230921102002,大四站镇镇直第一居民委员会,230921102,23,2309,230921
230921103002,双河镇镇直第一居民委员会,230921103,23,2309,230921
230921104002,倭肯镇镇直第一居民委员会,230921104,23,2309,230921
231002101002,兴隆镇镇直第一居民委员会,231002101,23,2310,231002
231003100007,铁岭镇镇直第一居民委员会,231003100,23,2310,231003
231003101005,桦林镇镇直第一居民委员会,231003101,23,2310,231003
231003102007,磨刀石镇镇直第一居民委员会,231003102,23,2310,231003
231003103003,五林镇镇直第一居民委员会,231003103,23,2310,231003
231004100002,三道关镇镇直第一居民委员会,231004100,23,2310,231004
231005100004,温春镇镇直第一居民委员会,231005100,23,2310,231005
231025100020,林口镇镇直第一居民委员会,231025100,23,2310,231025
231025101002,古城镇镇直第一居民委员会,231025101,23,2310,231025
231025102002,刁翎镇镇直第一居民委员会,231025102,23,2310,231025
231025104002,朱家镇镇直第一居民委员会,231025104,23,2310,231025
231025105002,柳树镇镇直第一居民委员会,231025105,23,2310,231025
231025106002,三道通镇镇直第一居民委员会,231025106,23,2310,231025
231025107002,龙爪镇镇直第一居民委员会,231025107,23,2310,231025
231025108002,莲花镇镇直第一居民委员会,231025108,23,2310,231025
231025110002,青山镇镇直第一居民委员会,231025110,23,2310,231025
231025111002,建堂镇镇直第一居民委员会,231025111,23,2310,231025
231025112002,奎山镇镇直第一居民委员会,231025112,23,2310,231025
231081100011,绥芬河镇镇直第一居民委员会,231081100,23,2310,231081
231081101002,阜宁镇镇直第一居民委员会,231081101,23,2310,231081
231083100008,海林镇镇直第一居民委员会,231083100,23,2310,231083
231083101004,长汀镇镇直第一居民委员会,231083101,23,2310,231083
231083102004,横道镇镇直第一居民委员会,231083102,23,2310,231083
231083103003,山市镇镇直第一居民委员会,231083103,23,2310,231083
231083104005,柴河镇镇直第一居民委员会,231083104,23,2310,231083
231083105003,二道镇镇直第一居民委员会,231083105,23,2310,231083
231083106003,新安朝鲜族镇镇直第一居民委员会,231083106,23,2310,231083
231083107003,三道镇镇直第一居民委员会,231083107,23,2310,231083
231084100002,宁安镇镇直第一居民委员会,231084100,23,2310,231084
231084101005,东京城镇镇直第一居民委员会,231084101,23,2310,231084
231084102004,渤海镇镇直第一居民委员会,231084102,23,2310,231084
231084103002,石岩镇镇直第一居民委员会,231084103,23,2310,231084
231084104002,沙兰镇镇直第一居民委员会,231084104,23,2310,231084
231084105002,海浪镇镇直第一居民委员会,231084105,23,2310,231084
231084106002,兰岗镇镇直第一居民委员会,231084106,23,2310,231084
231084107002,镜泊镇镇直第一居民委员会,231084107,23,2310,231084
231085100009,八面通镇镇直第一居民委员会,231085100,23,2310,231085
231085101020,穆棱镇镇直第一居民委员会,231085101,23,2310,231085
231085102006,下城子镇镇直第一居民委员会,231085102,23,2310,231085
231085103007,马桥河镇镇直第一居民委员会,231085103,23,2310,231085
231085104005,兴源镇镇直第一居民委员会,231085104,23,2310,231085
231085105002,河西镇镇直第一居民委员会,231085105,23,2310,231085
231086100012,东宁镇镇直第一居民委员会,231086100,23,2310,231086
231086101002,三岔口镇镇直第一居民委员会,231086101,23,2310,231086
231086102002,大肚川镇镇直第一居民委员会,231086102,23,2310,231086
231086103002,老黑山镇镇直第一居民委员会,231086103,23,2310,231086
231086104002,道河镇镇直第一居民委员会,231086104,23,2310,231086
231086105012,绥阳镇镇直第一居民委员会,231086105,23,2310,231086
231102101002,西岗子镇镇直第一居民委员会,231102101,23,2311,231102
231102102002,瑷珲镇镇直第一居民委员会,231102102,23,2311,231102
231102103002,罕达汽镇镇直第一居民委员会,231102103,23,2311,231102
231102104002,上马厂镇镇直第一居民委员会,231102104,23,2311,231102
231123100007,奇克镇镇直第一居民委员会,231123100,23,2311,231123
231123101003,逊河镇镇直第一居民委员会,231123101,23,2311,231123
231123103002,克林镇镇直第一居民委员会,231123103,23,2311,231123
231124100005,孙吴镇镇直第一居民委员会,231124100,23,2311,231124
231124101002,辰清镇镇直第一居民委员会,231124101,23,2311,231124
231181101002,通北镇镇直第一居民委员会,231181101,23,2311,231181
231181102002,赵光镇镇直第一居民委员会,231181102,23,2311,231181
231181103002,海星镇镇直第一居民委员会,231181103,23,2311,231181
231181104002,石泉镇镇直第一居民委员会,231181104,23,2311,231181
231181105002,二井镇镇直第一居民委员会,231181105,23,2311,231181
231182101006,龙镇镇直第一居民委员会,231182101,23,2311,231182
231182102004,和平镇镇直第一居民委员会,231182102,23,2311,231182
231182103005,五大连池镇镇直第一居民委员会,231182103,23,2311,231182
231182104003,双泉镇镇直第一居民委员会,231182104,23,2311,231182
231182105003,新发镇镇直第一居民委员会,231182105,23,2311,231182
231182106003,团结镇镇直第一居民委员会,231182106,23,2311,231182
231182107003,兴隆镇镇直第一居民委员会,231182107,23,2311,231182
231182108002,朝阳山镇镇直第一居民委员会,231182108,23,2311,231182
231183100017,嫩江镇镇直第一居民委员会,231183100,23,2311,231183
231183101002,伊拉哈镇镇直第一居民委员会,231183101,23,2311,231183
231183102002,双山镇镇直第一居民委员会,231183102,23,2311,231183
231183103002,多宝山镇镇直第一居民委员会,231183103,23,2311,231183
231183104002,海江镇镇直第一居民委员会,231183104,23,2311,231183
231183105002,前进镇镇直第一居民委员会,231183105,23,2311,231183
231183106002,长福镇镇直第一居民委员会,231183106,23,2311,231183
231183107002,科洛镇镇直第一居民委员会,231183107,23,2311,231183
231183108002,霍龙门镇镇直第一居民委员会,231183108,23,2311,231183
231202101002,宝山镇镇直第一居民委员会,231202101,23,2312,231202
231202102002,绥胜满族镇镇直第一居民委员会,231202102,23,2312,231202
231202103002,西长发镇镇直第一居民委员会,231202103,23,2312,231202
231202104003,永安满族镇镇直第一居民委员会,231202104,23,2312,231202
231202105002,太平川镇镇直第一居民委员会,231202105,23,2312,231202
231202106003,秦家镇镇直第一居民委员会,231202106,23,2312,231202
231202107002,双河镇镇直第一居民委员会,231202107,23,2312,231202
231202108002,三河镇镇直第一居民委员会,231202108,23,2312,231202
231202109006,四方台镇镇直第一居民委员会,231202109,23,2312,231202
231202110002,津河镇镇直第一居民委员会,231202110,23,2312,231202
231202111002,张维镇镇直第一居民委员会,231202111,23,2312,231202
231202113003,东津镇镇直第一居民委员会,231202113,23,2312,231202
231202114002,东富镇镇直第一居民委员会,231202114,23,2312,231202
231202115002,兴福镇镇直第一居民委员会,231202115,23,2312,231202
231202116002,三井镇镇直第一居民委员会,231202116,23,2312,231202
231221100002,望奎镇镇直第一居民委员会,231221100,23,2312,231221
231221101002,通江镇镇直第一居民委员会,231221101,23,2312,231221
231221102002,卫星镇镇直第一居民委员会,231221102,23,2312,231221
231221103002,海丰镇镇直第一居民委员会,231221103,23,2312,231221
231221104002,莲花镇镇直第一居民委员会,231221104,23,2312,231221
231221105002,惠七满族镇镇直第一居民委员会,231221105,23,2312,231221
231221106002,先锋镇镇直第一居民委员会,231221106,23,2312,231221
231221107002,火箭镇镇直第一居民委员会,231221107,23,2312,231221
231221108002,东郊镇镇直第一居民委员会,231221108,23,2312,231221
231221109002,灯塔镇镇直第一居民委员会,231221109,23,2312,231221
231222101002,兰西镇镇直第一居民委员会,231222101,23,2312,231222
231222102002,榆林镇镇直第一居民委员会,231222102,23,2312,231222
231222103002,临江镇镇直第一居民委员会,231222103,23,2312,231222
231222104002,平山镇镇直第一居民委员会,231222104,23,2312,231222
231222105002,红光镇镇直第一居民委员会,231222105,23,2312,231222
231222106002,远大镇镇直第一居民委员会,231222106,23,2312,231222
231222107002,康荣镇镇直第一居民委员会,231222107,23,2312,231222
231222108002,燎原镇镇直第一居民委员会,231222108,23,2312,231222
231222109002,奋斗镇镇直第一居民委员会,231222109,23,2312,231222
231223100002,青冈镇镇直第一居民委员会,231223100,23,2312,231223
231223101002,中和镇镇直第一居民委员会,231223101,23,2312,231223
231223102002,祯祥镇镇直第一居民委员会,231223102,23,2312,231223
231223103002,兴华镇镇直第一居民委员会,231223103,23,2312,231223
231223104002,永丰镇镇直第一居民委员会,231223104,23,2312,231223
231223105002,芦河镇镇直第一居民委员会,231223105,23,2312,231223
231223106002,民政镇镇直第一居民委员会,231223106,23,2312,231223
231223107002,柞岗镇镇直第一居民委员会,231223107,23,2312,231223
231223108002,劳动镇镇直第一居民委员会,231223108,23,2312,231223
231223109002,迎春镇镇直第一居民委员会,231223109,23,2312,231223
231223110002,德胜镇镇直第一居民委员会,231223110,23,2312,231223
231223111002,昌盛镇镇直第一居民委员会,231223111,23,2312,231223
231224101002,庆安镇镇直第一居民委员会,231224101,23,2312,231224
231224102002,民乐镇镇直第一居民委员会,231224102,23,2312,231224
231224103002,大罗镇镇直第一居民委员会,231224103,23,2312,231224
231224104002,平安镇镇直第一居民委员会,231224104,23,2312,231224
231224105002,勤劳镇镇直第一居民委员会,231224105,23,2312,231224
231224106002,久胜镇镇直第一居民委员会,231224106,23,2312,231224
231224107002,同乐镇镇直第一居民委员会,231224107,23,2312,231224
231224108002,柳河镇镇直第一居民委员会,231224108,23,2312,231224
231225100002,明水镇镇直第一居民委员会,231225100,23,2312,231225
231225101002,兴仁镇镇直第一居民委员会,231225101,23,2312,231225
231225102002,永兴镇镇直第一居民委员会,231225102,23,2312,231225
231225103002,崇德镇镇直第一居民委员会,231225103,23,2312,231225
231225104002,通达镇镇直第一居民委员会,231225104,23,2312,231225
231225106002,双兴镇镇直第一居民委员会,231225106,23,2312,231225
231226100002,绥棱镇镇直第一居民委员会,231226100,23,2312,231226
231226101002,上集镇镇直第一居民委员会,231226101,23,2312,231226
231226102002,四海店镇镇直第一居民委员会,231226102,23,2312,231226
231226103002,双岔河镇镇直第一居民委员会,231226103,23,2312,231226
231226104002,阁山镇镇直第一居民委员会,231226104,23,2312,231226
231226105002,长山镇镇直第一居民委员会,231226105,23,2312,231226
231281100002,安达镇镇直第一居民委员会,231281100,23,2312,231281
231281101006,任民镇镇直第一居民委员会,231281101,23,2312,231281
231281103002,万宝山镇镇直第一居民委员会,231281103,23,2312,231281
231281104002,昌德镇镇直第一居民委员会,231281104,23,2312,231281
231281105002,升平镇镇直第一居民委员会,231281105,23,2312,231281
231281106002,羊草镇镇直第一居民委员会,231281106,23,2312,231281
231281107002,老虎岗镇镇直第一居民委员会,231281107,23,2312,231281
231281108002,中本镇镇直第一居民委员会,231281108,23,2312,231281
231281109002,太平庄镇镇直第一居民委员会,231281109,23,2312,231281
231281110002,吉兴岗镇镇直第一居民委员会,231281110,23,2312,231281
231281111002,卧里屯镇镇直第一居民委员会,231281111,23,2312,231281
231281112002,火石山镇镇直第一居民委员会,231281112,23,2312,231281
231281113002,古大湖镇镇直第一居民委员会,231281113,23,2312,231281
231282100002,肇东镇镇直第一居民委员会,231282100,23,2312,231282
231282101002,昌五镇镇直第一居民委员会,231282101,23,2312,231282
231282102002,宋站镇镇直第一居民委员会,231282102,23,2312,231282
231282103002,五站镇镇直第一居民委员会,231282103,23,2312,231282
231282104002,尚家镇镇直第一居民委员会,231282104,23,2312,231282
231282105002,姜家镇镇直第一居民委员会,231282105,23,2312,231282
231282106002,里木店镇镇直第一居民委员会,231282106,23,2312,231282
231282107002,四站镇镇直第一居民委员会,231282107,23,2312,231282
231282108002,涝洲镇镇直第一居民委员会,231282108,23,2312,231282
231282109002,五里明镇镇直第一居民委员会,231282109,23,2312,231282
231282110002,黎明镇镇直第一居民委员会,231282110,23,2312,231282
231282111002,西八里镇镇直第一居民委员会,231282111,23,2312,231282
231282112002,海城镇镇直第一居民委员会,231282112,23,2312,231282
231283100027,海伦镇镇直第一居民委员会,231283100,23,2312,231283
231283101008,海北镇镇直第一居民委员会,231283101,23,2312,231283
231283102006,伦河镇镇直第一居民委员会,231283102,23,2312,231283
231283103002,共合镇镇直第一居民委员会,231283103,23,2312,231283
231283104002,海兴镇镇直第一居民委员会,231283104,23,2312,231283
231283105002,祥富镇镇直第一居民委员会,231283105,23,2312,231283
231283106002,东风镇镇直第一居民委员会,231283106,23,2312,231283
231283107002,百祥镇镇直第一居民委员会,231283107,23,2312,231283
231283108002,向荣镇镇直第一居民委员会,231283108,23,2312,231283
231283109002,永富镇镇直第一居民委员会,231283109,23,2312,231283
231283110002,长发镇镇直第一居民委员会,231283110,23,2312,231283
231283111002,联发镇镇直第一居民委员会,231283111,23,2312,231283
231283112002,前进镇镇直第一居民委员会,231283112,23,2312,231283
231283113002,共荣镇镇直第一居民委员会,231283113,23,2312,231283
231283114002,东林镇镇直第一居民委员会,231283114,23,2312,231283
231283115002,永和镇镇直第一居民委员会,231283115,23,2312,231283
232701100006,西林吉镇镇直第一居民委员会,232701100,23,2327,232701
232701101003,图强镇镇直第一居民委员会,232701101,23,2327,232701
232701102002,阿木尔镇镇直第一居民委员会,232701102,23,2327,232701
232701103002,兴安镇镇直第一居民委员会,232701103,23,2327,232701
232701104002,北极镇镇直第一居民委员会,232701104,23,2327,232701
232701105003,古莲镇镇直第一居民委员会,232701105,23,2327,232701
232721100006,呼玛镇镇直第一居民委员会,232721100,23,2327,232721
232721101003,韩家园镇镇直第一居民委员会,232721101,23,2327,232721
232722100006,塔河镇镇直第一居民委员会,232722100,23,2327,232722
232722101003,瓦拉干镇镇直第一居民委员会,232722101,23,2327,232722
232722102003,盘古镇镇直第一居民委员会,232722102,23,2327,232722
232722103003,古驿镇镇直第一居民委员会,232722103,23,2327,232722
232722104002,开库康镇镇直第一居民委员会,232722104,23,2327,232722
232761100005,东山镇镇直第一居民委员会,232761100,23,2327,232761
232761101005,长虹镇镇直第一居民委员会,232761101,23,2327,232761
232762100004,小扬气镇镇直第一居民委员会,232762100,23,2327,232762
232762101004,劲松镇镇直第一居民委员会,232762101,23,2327,232762
232762102004,古源镇镇直第一居民委员会,232762102,23,2327,232762
232763100004,新林镇镇直第一居民委员会,232763100,23,2327,232763
232763101003,翠岗镇镇直第一居民委员会,232763101,23,2327,232763
232763102003,塔源镇镇直第一居民委员会,232763102,23,2327,232763
232763103003,大乌苏镇镇直第一居民委员会,232763103,23,2327,232763
232763104003,塔尔根镇镇直第一居民委员会,232763104,23,2327,232763
232763105003,碧洲镇镇直第一居民委员会,232763105,23,2327,232763
232763106003,宏图镇镇直第一居民委员会,232763106,23,2327,232763
232764100003,呼中镇镇直第一居民委员会,232764100,23,2327,232764
232764101003,碧水镇镇直第一居民委员会,232764101,23,2327,232764
232764102003,呼源镇镇直第一居民委员会,232764102,23,2327,232764
232764103003,宏伟镇镇直第一居民委员会,232764103,23,2327,232764
